variant_id,af_amr,af_eas,af_nfe,af_afr
15-72414441-A-G,7.566585956416465e-05,0.0,0.00012260536398467432,0.0
15-72414443-A-G,0.009752839011356046,0.0022204279370205892,0.022560289150915448,0.007480854085307095
11-18414901-T-C,0.1502492130115425,0.04606784888203547,0.11794645483965872,0.08564268157501566
2-31815230-T-C,0.004771241830065359,0.0007713073659853452,0.012465821891629671,0.0018514956237376166
2-31819624-A-T,0.004777486910994764,0.0007716049382716049,0.012395965061906303,0.0018531889290012034
2-31826711-A-C,0.004834705344309421,0.0007713073659853452,0.012422816818582769,0.0018519409302996776
2-31837504-C-G,0.11299084277510477,0.11504854368932038,0.12354237883773682,0.24734203712884922
