variant_id,af_amr,af_eas,af_nfe,af_afr
15-72410596-A-C,0.045113845283552535,0.04205214465937763,0.0006084169288300587,0.134225530566994
15-72414293-C-A,0.9706921365955776,1.0,0.9971920023522494,0.7573362339859802
15-72414359-C-T,0.09377670179436058,0.17165386170642943,0.04454984839842695,0.1863424144476938
15-72414625-T-C,0.9487431264728987,1.0,0.9964424320827943,0.5615723057583523
15-72421617-A-G,0.8385641428010985,0.9494988434849653,0.9692377788882683,0.3156626506024096
15-72428059-T-C,0.9584589175730572,1.0,0.9966924411254521,0.6353774040784769
6-16275380-C-T,0.0,0.0,5.878894767783657e-05,7.241479192816453e-05
6-16278159-A-G,0.4432874918140144,0.7835472578763127,0.38336475023562677,0.6634536406242451
1-35542512-T-C,0.25134144745452164,0.5328692962103635,0.02936157693439247,0.583116067979915
1-35544064-A-G,0.988429860112433,1.0,0.9652728769701246,0.9953795061847235
1-35546895-A-G,0.250624753386821,0.532295719844358,0.02943082724487391,0.582277251760136
1-35549492-G-A,0.0,0.0019282684149633628,4.410986296535906e-05,0.0
1-35552461-C-T,0.24780787854992803,0.5321705426356589,0.02924655922832608,0.5355436513681772
1-35561736-A-G,0.31583082362184106,0.7670674941815361,0.03176494821092279,0.5642815730988501
