variant,our_gene,consequence,tissue,eqtl_gene,pval,nes
chr15_72414293_C_A_b38,TMEM202-AS1,intron_variant,Muscle_Skeletal,HEXA,3.34395e-05,0.272746
chr15_72414359_C_T_b38,TMEM202-AS1,intron_variant,Adipose_Subcutaneous,HEXA,1.30797e-06,-0.27318
chr15_72414359_C_T_b38,TMEM202-AS1,intron_variant,Adipose_Visceral_Omentum,HEXA,2.10742e-06,-0.26388
chr15_72414625_T_C_b38,TMEM202-AS1,intron_variant,Muscle_Skeletal,HEXA,8.00082e-09,0.354655
chr15_72414625_T_C_b38,TMEM202-AS1,intron_variant,Adipose_Visceral_Omentum,HEXA,0.000118582,0.317564
chr15_72428059_T_C_b38,TMEM202-AS1,intron_variant,Muscle_Skeletal,HEXA,2.22826e-05,0.248548
chr15_72428059_T_C_b38,TMEM202-AS1,intron_variant,Adipose_Subcutaneous,HEXA,0.000114964,0.266785
chr15_72434467_T_G_b38,TMEM202-AS1,intron_variant,Muscle_Skeletal,HEXA,6.36365e-05,0.229143
chr11_18408393_C_T_b38,LDHA,3_prime_UTR_variant,Adipose_Subcutaneous,LDHA,0.000115362,-0.101047
chr11_18408393_C_T_b38,LDHA,3_prime_UTR_variant,Whole_Blood,LDHC,6.9316e-05,0.23014
chr11_18408791_T_C_b38,LDHA,upstream_gene_variant,Adipose_Subcutaneous,GTF2H1,3.18362e-12,0.245323
chr11_18408791_T_C_b38,LDHA,upstream_gene_variant,Adipose_Subcutaneous,UEVLD,0.00011333,0.108351
chr11_18408791_T_C_b38,LDHA,upstream_gene_variant,Adipose_Visceral_Omentum,GTF2H1,1.10454e-12,0.299204
chr11_18408791_T_C_b38,LDHA,upstream_gene_variant,Whole_Blood,GTF2H1,7.14539e-05,0.101173
chr11_18408791_T_C_b38,LDHA,upstream_gene_variant,Whole_Blood,LDHA,7.11791e-05,-0.0661416
chr11_18408791_T_C_b38,LDHA,upstream_gene_variant,Whole_Blood,LDHC,4.32668e-06,0.233422
chr11_18411103_C_T_b38,LDHA,upstream_gene_variant,Muscle_Skeletal,LDHA,2.69943e-12,-0.191775
chr11_18411103_C_T_b38,LDHA,upstream_gene_variant,Muscle_Skeletal,LDHC,3.7071899999999995e-64,-0.935003
chr11_18411103_C_T_b38,LDHA,upstream_gene_variant,Muscle_Skeletal,TSG101,1.85868e-18,0.281894
chr11_18411103_C_T_b38,LDHA,upstream_gene_variant,Adipose_Subcutaneous,LDHA,3.26432e-11,-0.176878
chr11_18411103_C_T_b38,LDHA,upstream_gene_variant,Adipose_Subcutaneous,LDHC,1.45725e-59,-1.05789
chr11_18411103_C_T_b38,LDHA,upstream_gene_variant,Adipose_Visceral_Omentum,LDHA,1.25273e-07,-0.101755
chr11_18411103_C_T_b38,LDHA,upstream_gene_variant,Adipose_Visceral_Omentum,LDHC,1.11122e-41,-0.94391
chr11_18411103_C_T_b38,LDHA,upstream_gene_variant,Pancreas,LDHC,7.32937e-26,-0.953506
chr11_18411103_C_T_b38,LDHA,upstream_gene_variant,Liver,LDHC,9.121620000000001e-24,-1.08445
chr11_18411103_C_T_b38,LDHA,upstream_gene_variant,Brain_Cortex,LDHC,2.70194e-22,-1.04907
chr11_18411103_C_T_b38,LDHA,upstream_gene_variant,Brain_Cortex,LDHAL6A,8.762e-06,-0.520604
chr11_18411103_C_T_b38,LDHA,upstream_gene_variant,Whole_Blood,LDHA,1.62842e-06,-0.0979508
chr11_18411103_C_T_b38,LDHA,upstream_gene_variant,Whole_Blood,LDHC,7.38551e-30,-0.678992
chr11_18412213_T_A_b38,LDHA,upstream_gene_variant,Muscle_Skeletal,LDHA,1.47502e-05,-0.176875
chr11_18412213_T_A_b38,LDHA,upstream_gene_variant,Muscle_Skeletal,TSG101,1.26828e-11,0.324283
chr11_18412213_T_A_b38,LDHA,upstream_gene_variant,Whole_Blood,LDHC,5.41308e-07,0.474342
chr11_18412233_A_G_b38,LDHA,upstream_gene_variant,Muscle_Skeletal,LDHA,3.96757e-12,-0.190246
chr11_18412233_A_G_b38,LDHA,upstream_gene_variant,Muscle_Skeletal,LDHC,2.20251e-62,-0.92386
chr11_18412233_A_G_b38,LDHA,upstream_gene_variant,Muscle_Skeletal,TSG101,2.04065e-18,0.281429
chr11_18412233_A_G_b38,LDHA,upstream_gene_variant,Adipose_Subcutaneous,LDHA,1.90994e-11,-0.178194
chr11_18412233_A_G_b38,LDHA,upstream_gene_variant,Adipose_Subcutaneous,LDHC,4.0534499999999996e-58,-1.04364
chr11_18412233_A_G_b38,LDHA,upstream_gene_variant,Adipose_Visceral_Omentum,LDHA,1.8219e-07,-0.100852
chr11_18412233_A_G_b38,LDHA,upstream_gene_variant,Adipose_Visceral_Omentum,LDHC,9.63323e-41,-0.938628
chr11_18412233_A_G_b38,LDHA,upstream_gene_variant,Pancreas,LDHC,3.2098799999999998e-25,-0.944839
chr11_18412233_A_G_b38,LDHA,upstream_gene_variant,Liver,LDHC,9.121620000000001e-24,-1.08445
chr11_18412233_A_G_b38,LDHA,upstream_gene_variant,Brain_Cortex,LDHC,1.8957499999999998e-21,-1.04125
chr11_18412233_A_G_b38,LDHA,upstream_gene_variant,Brain_Cortex,LDHAL6A,9.02835e-06,-0.524109
chr11_18412233_A_G_b38,LDHA,upstream_gene_variant,Whole_Blood,LDHA,1.1321e-06,-0.0995021
chr11_18412233_A_G_b38,LDHA,upstream_gene_variant,Whole_Blood,LDHC,2.3072400000000002e-29,-0.674309
chr11_18412293_C_T_b38,LDHA,upstream_gene_variant,Muscle_Skeletal,LDHA,1.12261e-10,-0.167059
chr11_18412293_C_T_b38,LDHA,upstream_gene_variant,Muscle_Skeletal,LDHC,1.55021e-60,-0.859815
chr11_18412293_C_T_b38,LDHA,upstream_gene_variant,Muscle_Skeletal,TSG101,7.70482e-12,0.209706
chr11_18412293_C_T_b38,LDHA,upstream_gene_variant,Adipose_Subcutaneous,LDHA,2.51285e-09,-0.15041
chr11_18412293_C_T_b38,LDHA,upstream_gene_variant,Adipose_Subcutaneous,LDHC,2.1135299999999997e-49,-0.924427
chr11_18412293_C_T_b38,LDHA,upstream_gene_variant,Adipose_Visceral_Omentum,LDHA,3.97799e-07,-0.0890803
chr11_18412293_C_T_b38,LDHA,upstream_gene_variant,Adipose_Visceral_Omentum,LDHC,2.66208e-36,-0.811849
chr11_18412293_C_T_b38,LDHA,upstream_gene_variant,Pancreas,LDHC,4.91827e-21,-0.797782
chr11_18412293_C_T_b38,LDHA,upstream_gene_variant,Liver,LDHC,5.3924099999999995e-20,-0.948573
chr11_18412293_C_T_b38,LDHA,upstream_gene_variant,Brain_Cortex,LDHC,1.2958899999999998e-20,-0.98114
chr11_18412293_C_T_b38,LDHA,upstream_gene_variant,Whole_Blood,LDHA,3.61091e-07,-0.0965071
chr11_18412293_C_T_b38,LDHA,upstream_gene_variant,Whole_Blood,LDHC,1.12773e-26,-0.597943
chr11_18413169_C_T_b38,LDHA,intron_variant,Muscle_Skeletal,LDHA,1.76462e-10,-0.165726
chr11_18413169_C_T_b38,LDHA,intron_variant,Muscle_Skeletal,LDHC,1.7386499999999998e-58,-0.84961
chr11_18413169_C_T_b38,LDHA,intron_variant,Muscle_Skeletal,TSG101,8.22552e-12,0.20993
chr11_18413169_C_T_b38,LDHA,intron_variant,Adipose_Subcutaneous,LDHA,1.61246e-09,-0.152808
chr11_18413169_C_T_b38,LDHA,intron_variant,Adipose_Subcutaneous,LDHC,3.56712e-47,-0.91059
chr11_18413169_C_T_b38,LDHA,intron_variant,Adipose_Visceral_Omentum,LDHA,3.52829e-07,-0.0897308
chr11_18413169_C_T_b38,LDHA,intron_variant,Adipose_Visceral_Omentum,LDHC,4.15695e-36,-0.812376
chr11_18413169_C_T_b38,LDHA,intron_variant,Pancreas,LDHC,1.5086699999999998e-20,-0.790994
chr11_18413169_C_T_b38,LDHA,intron_variant,Liver,LDHC,2.73057e-19,-0.940604
chr11_18413169_C_T_b38,LDHA,intron_variant,Brain_Cortex,LDHC,4.3186600000000003e-19,-0.95637
chr11_18413169_C_T_b38,LDHA,intron_variant,Whole_Blood,LDHA,4.33004e-07,-0.0955848
chr11_18413169_C_T_b38,LDHA,intron_variant,Whole_Blood,LDHC,3.57803e-25,-0.579642
chr11_18417665_A_G_b38,LDHC,intron_variant,Muscle_Skeletal,TSG101,6.64211e-05,0.169174
chr11_18417665_A_G_b38,LDHC,intron_variant,Whole_Blood,LDHC,9.29904e-05,0.319803
chr11_18420849_T_C_b38,LDHC,intron_variant,Muscle_Skeletal,LDHA,3.0613e-06,-0.165488
chr11_18420849_T_C_b38,LDHC,intron_variant,Muscle_Skeletal,LDHC,6.845410000000001e-100,-1.41565
chr11_18420849_T_C_b38,LDHC,intron_variant,Muscle_Skeletal,TSG101,2.72033e-07,0.215742
chr11_18420849_T_C_b38,LDHC,intron_variant,Adipose_Subcutaneous,LDHA,2.46199e-06,-0.159871
chr11_18420849_T_C_b38,LDHC,intron_variant,Adipose_Subcutaneous,LDHC,2.34792e-88,-1.53955
chr11_18420849_T_C_b38,LDHC,intron_variant,Adipose_Visceral_Omentum,LDHC,6.5438e-68,-1.35261
chr11_18420849_T_C_b38,LDHC,intron_variant,Pancreas,LDHC,9.66205e-42,-1.43072
chr11_18420849_T_C_b38,LDHC,intron_variant,Liver,LDHC,2.1753e-28,-1.44079
chr11_18420849_T_C_b38,LDHC,intron_variant,Brain_Cortex,LDHC,1.84611e-33,-1.45162
chr11_18420849_T_C_b38,LDHC,intron_variant,Brain_Cortex,LDHAL6A,1.97372e-07,-0.719154
chr11_18420849_T_C_b38,LDHC,intron_variant,Whole_Blood,LDHA,7.82575e-05,-0.0985156
chr11_18420849_T_C_b38,LDHC,intron_variant,Whole_Blood,LDHC,7.704390000000001e-77,-1.2422
chr11_18420849_T_C_b38,LDHC,intron_variant,Whole_Blood,UEVLD,1.2458e-07,-0.145514
chr12_48506683_A_G_b38,,upstream_gene_variant,Adipose_Subcutaneous,ZNF641,0.000121968,-0.189278
chr12_48506683_A_G_b38,,upstream_gene_variant,Whole_Blood,FKBP11,0.00019473,-0.0920506
chr12_48507373_C_T_b38,,non_coding_transcript_exon_variant,Adipose_Subcutaneous,ZNF641,9.90739e-06,-0.18531
chr12_48507516_C_T_b38,,non_coding_transcript_exon_variant,Adipose_Subcutaneous,ZNF641,1.26339e-05,-0.182559
chr12_48508409_G_A_b38,,intron_variant,Adipose_Subcutaneous,ZNF641,0.00014045,-0.188095
chr12_48508409_G_A_b38,,intron_variant,Whole_Blood,FKBP11,0.000189675,-0.0921437
chr12_48509014_C_T_b38,,intron_variant,Adipose_Subcutaneous,ZNF641,1.26339e-05,-0.182559
chr12_48510085_G_A_b38,,intron_variant,Adipose_Subcutaneous,ZNF641,1.26339e-05,-0.182559
chr12_48510456_G_A_b38,,intron_variant,Muscle_Skeletal,ZNF641,0.000212191,0.181405
chr12_48510456_G_A_b38,,intron_variant,Adipose_Subcutaneous,ZNF641,0.000120562,-0.201443
chr12_48510456_G_A_b38,,intron_variant,Brain_Cortex,ZNF641,6.57877e-05,-0.328792
chr12_48511092_A_G_b38,,intron_variant,Adipose_Subcutaneous,ZNF641,0.00014045,-0.188095
chr12_48511092_A_G_b38,,intron_variant,Whole_Blood,FKBP11,0.000189675,-0.0921437
chr12_48513088_G_A_b38,,intron_variant,Brain_Cortex,C12orf54,7.57332e-07,0.436309
chr12_48513088_G_A_b38,,intron_variant,Whole_Blood,RP1-228P16.1,1.40314e-06,-0.250841
chr12_48513307_G_A_b38,,intron_variant,Adipose_Subcutaneous,ZNF641,0.00014045,-0.188095
chr12_48513307_G_A_b38,,intron_variant,Whole_Blood,FKBP11,0.000189675,-0.0921437
chr12_48514351_G_C_b38,,intron_variant,Brain_Cortex,C12orf54,8.52898e-05,0.319149
chr12_48514351_G_C_b38,,intron_variant,Whole_Blood,RP1-228P16.1,3.52122e-06,-0.203676
chr12_48514351_G_C_b38,,intron_variant,Whole_Blood,ZNF641,4.28503e-05,-0.106909
chr12_48515309_A_G_b38,,intron_variant,Brain_Cortex,C12orf54,8.68152e-07,0.432878
chr12_48515309_A_G_b38,,intron_variant,Whole_Blood,RP1-228P16.1,6.37919e-06,-0.232893
chr12_48515975_G_A_b38,,intron_variant,Brain_Cortex,C12orf54,7.57332e-07,0.436309
chr12_48515975_G_A_b38,,intron_variant,Whole_Blood,RP1-228P16.1,1.40314e-06,-0.250841
chr12_48516966_T_C_b38,,intron_variant,Whole_Blood,ZNF641,0.000164831,-0.124502
chr12_48517125_G_T_b38,,intron_variant,Muscle_Skeletal,ZNF641,4.14662e-05,0.141333
chr12_48517125_G_T_b38,,intron_variant,Whole_Blood,ZNF641,1.53134e-08,-0.147689
chr12_48517499_A_C_b38,,intron_variant,Brain_Cortex,C12orf54,7.57332e-07,0.436309
chr12_48517499_A_C_b38,,intron_variant,Whole_Blood,RP1-228P16.1,2.09286e-06,-0.246843
chr12_48520326_T_C_b38,,intron_variant,Adipose_Subcutaneous,ZNF641,0.00014045,-0.188095
chr12_48520326_T_C_b38,,intron_variant,Whole_Blood,FKBP11,0.000189675,-0.0921437
chr12_48520423_T_C_b38,,intron_variant,Adipose_Subcutaneous,ZNF641,0.000121037,-0.189401
chr12_48520423_T_C_b38,,intron_variant,Whole_Blood,FKBP11,0.000128894,-0.0943235
chr12_48522360_A_G_b38,,intron_variant,Brain_Cortex,C12orf54,8.52898e-05,0.319149
chr12_48522360_A_G_b38,,intron_variant,Whole_Blood,RP1-228P16.1,3.52122e-06,-0.203676
chr12_48522360_A_G_b38,,intron_variant,Whole_Blood,ZNF641,4.28503e-05,-0.106909
chr12_48525773_A_G_b38,,missense_variant,Muscle_Skeletal,ZNF641,6.10731e-05,0.198504
chr12_48525773_A_G_b38,,missense_variant,Adipose_Subcutaneous,ZNF641,0.000159744,-0.20292
chr12_48525773_A_G_b38,,missense_variant,Adipose_Visceral_Omentum,RP1-228P16.1,0.000123793,0.349385
chr12_48531231_A_G_b38,,downstream_gene_variant,Brain_Cortex,ZNF641,5.55491e-06,-0.402245
chr12_48536538_C_T_b38,,intergenic_variant,Brain_Cortex,ZNF641,5.55491e-06,-0.402245
chr2_31859642_C_T_b38,,intergenic_variant,Muscle_Skeletal,DPY30,4.87973e-09,-0.408866
chr2_31980960_T_G_b38,MEMO1,intron_variant,Muscle_Skeletal,SPAST,0.000284664,-0.0549542
chr2_31980960_T_G_b38,MEMO1,intron_variant,Adipose_Subcutaneous,SPAST,5.77159e-05,-0.09892
chr2_31980960_T_G_b38,MEMO1,intron_variant,Adipose_Subcutaneous,RP11-563N4.1,1.58725e-05,0.235096
chr2_31980960_T_G_b38,MEMO1,intron_variant,Whole_Blood,RP11-563N4.1,9.13408e-06,0.159804
chr4_155367314_A_T_b38,MAP9,non_coding_transcript_exon_variant,Adipose_Subcutaneous,MAP9,3.77013e-07,0.163538
chr4_155367457_T_C_b38,MAP9,non_coding_transcript_exon_variant,Adipose_Subcutaneous,MAP9,1.15899e-07,0.170144
chr4_155368748_C_T_b38,MAP9,synonymous_variant,Adipose_Subcutaneous,MAP9,1.15899e-07,0.170144
chr4_155380586_T_G_b38,MAP9,intron_variant,Muscle_Skeletal,MAP9,4.65233e-09,0.216643
chr4_155380586_T_G_b38,MAP9,intron_variant,Adipose_Subcutaneous,MAP9,1.7773200000000001e-23,0.306013
chr4_155380586_T_G_b38,MAP9,intron_variant,Adipose_Visceral_Omentum,MAP9,1.22341e-08,0.231082
chr4_155382752_A_G_b38,,upstream_gene_variant,Muscle_Skeletal,MAP9,4.13906e-09,0.219179
chr4_155382752_A_G_b38,,upstream_gene_variant,Adipose_Subcutaneous,MAP9,1.4641400000000002e-23,0.310144
chr4_155382752_A_G_b38,,upstream_gene_variant,Adipose_Visceral_Omentum,MAP9,2.40699e-08,0.229842
chr4_155387399_T_C_b38,,upstream_gene_variant,Muscle_Skeletal,MAP9,1.15698e-06,0.180338
chr4_155387399_T_C_b38,,upstream_gene_variant,Adipose_Subcutaneous,MAP9,6.1758e-15,0.243246
chr4_155387647_T_C_b38,,upstream_gene_variant,Adipose_Subcutaneous,MAP9,7.64156e-12,0.204009
chr4_155387682_C_G_b38,,upstream_gene_variant,Muscle_Skeletal,MAP9,0.000148795,0.131172
chr4_155387682_C_G_b38,,upstream_gene_variant,Adipose_Subcutaneous,MAP9,1.38559e-09,0.178476
chr4_155397498_G_T_b38,,intergenic_variant,Adipose_Subcutaneous,MAP9,7.64391e-10,0.188891
chr4_155397499_C_T_b38,,intergenic_variant,Adipose_Subcutaneous,MAP9,7.64391e-10,0.188891
chr4_155399712_C_T_b38,,intergenic_variant,Adipose_Subcutaneous,MAP9,6.46764e-11,0.199281
chr4_155400213_G_A_b38,,intergenic_variant,Adipose_Subcutaneous,MAP9,3.94091e-10,0.191068
chr4_155400731_C_T_b38,,intergenic_variant,Adipose_Subcutaneous,MAP9,5.382e-09,0.178571
chr4_155401744_T_A_b38,,intergenic_variant,Adipose_Subcutaneous,MAP9,1.87101e-09,0.18543
chr4_155403912_G_A_b38,,intergenic_variant,Muscle_Skeletal,MAP9,2.13503e-05,0.150801
chr4_155403912_G_A_b38,,intergenic_variant,Adipose_Subcutaneous,MAP9,6.34205e-10,0.188261
chr4_155404333_C_T_b38,,intergenic_variant,Muscle_Skeletal,MAP9,2.542e-05,0.149663
chr4_155404333_C_T_b38,,intergenic_variant,Adipose_Subcutaneous,MAP9,4.59344e-10,0.189772
chr4_155404513_T_A_b38,,intergenic_variant,Muscle_Skeletal,MAP9,2.542e-05,0.149663
chr4_155404513_T_A_b38,,intergenic_variant,Adipose_Subcutaneous,MAP9,4.59344e-10,0.189772
chr4_155404780_C_T_b38,,intergenic_variant,Muscle_Skeletal,MAP9,3.19138e-05,0.147844
chr4_155404780_C_T_b38,,intergenic_variant,Adipose_Subcutaneous,MAP9,5.69803e-10,0.189467
chr4_155408634_C_T_b38,,intergenic_variant,Muscle_Skeletal,MAP9,2.21371e-05,0.156559
chr4_155408634_C_T_b38,,intergenic_variant,Adipose_Subcutaneous,MAP9,8.12905e-11,0.203602
chr4_155408767_A_T_b38,,intergenic_variant,Muscle_Skeletal,MAP9,3.11466e-05,0.148395
chr4_155408767_A_T_b38,,intergenic_variant,Adipose_Subcutaneous,MAP9,4.34926e-10,0.190149
chr4_155409460_G_C_b38,,intergenic_variant,Muscle_Skeletal,MAP9,0.000148504,0.135243
chr4_155409460_G_C_b38,,intergenic_variant,Adipose_Subcutaneous,MAP9,3.12238e-09,0.18169
chr4_155410700_C_T_b38,,intergenic_variant,Muscle_Skeletal,MAP9,0.000135371,0.135701
chr4_155410700_C_T_b38,,intergenic_variant,Adipose_Subcutaneous,MAP9,2.92655e-09,0.181294
chr4_155419339_T_G_b38,,regulatory_region_variant,Muscle_Skeletal,MAP9,1.20988e-05,0.16447
chr4_155419339_T_G_b38,,regulatory_region_variant,Adipose_Subcutaneous,MAP9,2.42903e-09,0.189926
chr16_28603413_T_C_b38,SULT1A1,intron_variant,Muscle_Skeletal,SGF29,9.56436e-12,-0.132577
chr16_28603413_T_C_b38,SULT1A1,intron_variant,Muscle_Skeletal,SULT1A2,1.31992e-58,0.759538
chr16_28603413_T_C_b38,SULT1A1,intron_variant,Muscle_Skeletal,SULT1A1,9.18003e-13,-0.2547
chr16_28603413_T_C_b38,SULT1A1,intron_variant,Muscle_Skeletal,RP11-1348G14.4,6.30643e-09,-0.278806
chr16_28603413_T_C_b38,SULT1A1,intron_variant,Muscle_Skeletal,TUFM,2.37435e-06,0.0925261
chr16_28603413_T_C_b38,SULT1A1,intron_variant,Muscle_Skeletal,RP11-22P6.2,3.98301e-06,-0.225514
chr16_28603413_T_C_b38,SULT1A1,intron_variant,Muscle_Skeletal,ATP2A1,1.28686e-05,0.0850212
chr16_28603413_T_C_b38,SULT1A1,intron_variant,Muscle_Skeletal,ATP2A1-AS1,3.30313e-19,-0.321674
chr16_28603413_T_C_b38,SULT1A1,intron_variant,Muscle_Skeletal,NFATC2IP,5.25547e-06,0.130266
chr16_28603413_T_C_b38,SULT1A1,intron_variant,Muscle_Skeletal,LAT,0.000131249,0.137464
chr16_28603413_T_C_b38,SULT1A1,intron_variant,Adipose_Subcutaneous,NPIPB7,7.08687e-05,-0.240346
chr16_28603413_T_C_b38,SULT1A1,intron_variant,Adipose_Subcutaneous,SGF29,4.08171e-05,-0.111374
chr16_28603413_T_C_b38,SULT1A1,intron_variant,Adipose_Subcutaneous,SULT1A2,1.5786799999999998e-45,0.6064
chr16_28603413_T_C_b38,SULT1A1,intron_variant,Adipose_Subcutaneous,SULT1A1,3.74258e-06,-0.209175
chr16_28603413_T_C_b38,SULT1A1,intron_variant,Adipose_Subcutaneous,EIF3C,1.15851e-08,0.266716
chr16_28603413_T_C_b38,SULT1A1,intron_variant,Adipose_Subcutaneous,CDC37P1,1.80453e-38,0.690558
chr16_28603413_T_C_b38,SULT1A1,intron_variant,Adipose_Subcutaneous,RP11-1348G14.4,1.1797599999999999e-22,-0.522361
chr16_28603413_T_C_b38,SULT1A1,intron_variant,Adipose_Subcutaneous,TUFM,2.57982e-13,0.176148
chr16_28603413_T_C_b38,SULT1A1,intron_variant,Adipose_Subcutaneous,SH2B1,1.84448e-12,-0.158071
chr16_28603413_T_C_b38,SULT1A1,intron_variant,Adipose_Subcutaneous,NFATC2IP,0.000164733,0.119239
chr16_28603413_T_C_b38,SULT1A1,intron_variant,Adipose_Visceral_Omentum,SULT1A2,2.27302e-43,0.574689
chr16_28603413_T_C_b38,SULT1A1,intron_variant,Adipose_Visceral_Omentum,SULT1A1,1.75214e-10,-0.336121
chr16_28603413_T_C_b38,SULT1A1,intron_variant,Adipose_Visceral_Omentum,NPIPB9,1.44028e-07,-0.329618
chr16_28603413_T_C_b38,SULT1A1,intron_variant,Adipose_Visceral_Omentum,RP11-1348G14.4,7.26362e-12,-0.337168
chr16_28603413_T_C_b38,SULT1A1,intron_variant,Adipose_Visceral_Omentum,TUFM,4.53269e-08,0.0889827
chr16_28603413_T_C_b38,SULT1A1,intron_variant,Adipose_Visceral_Omentum,SH2B1,1.48261e-12,-0.139536
chr16_28603413_T_C_b38,SULT1A1,intron_variant,Pancreas,SGF29,1.03045e-07,-0.208553
chr16_28603413_T_C_b38,SULT1A1,intron_variant,Pancreas,SULT1A2,8.99543e-17,0.562623
chr16_28603413_T_C_b38,SULT1A1,intron_variant,Pancreas,SULT1A1,3.52681e-13,-0.429226
chr16_28603413_T_C_b38,SULT1A1,intron_variant,Pancreas,CDC37P1,9.55255e-21,0.70174
chr16_28603413_T_C_b38,SULT1A1,intron_variant,Pancreas,RP11-1348G14.4,4.63165e-05,-0.284178
chr16_28603413_T_C_b38,SULT1A1,intron_variant,Pancreas,TUFM,1.41443e-14,0.351242
chr16_28603413_T_C_b38,SULT1A1,intron_variant,Liver,IL27,6.15852e-22,0.452244
chr16_28603413_T_C_b38,SULT1A1,intron_variant,Liver,CDC37P1,2.0021e-09,0.541289
chr16_28603413_T_C_b38,SULT1A1,intron_variant,Brain_Cortex,NPIPB7,2.16838e-14,-0.724329
chr16_28603413_T_C_b38,SULT1A1,intron_variant,Brain_Cortex,SULT1A2,1.03532e-14,0.772664
chr16_28603413_T_C_b38,SULT1A1,intron_variant,Brain_Cortex,SULT1A1,1.80051e-08,-0.519517
chr16_28603413_T_C_b38,SULT1A1,intron_variant,Brain_Cortex,NPIPB9,3.078e-08,-0.573831
chr16_28603413_T_C_b38,SULT1A1,intron_variant,Brain_Cortex,RP11-1348G14.4,1.34347e-05,-0.403316
chr16_28603413_T_C_b38,SULT1A1,intron_variant,Brain_Cortex,TUFM,1.18547e-05,0.182925
chr16_28603413_T_C_b38,SULT1A1,intron_variant,Brain_Cortex,LAT,3.04162e-05,0.251672
chr16_28603413_T_C_b38,SULT1A1,intron_variant,Whole_Blood,NPIPB6,2.22355e-05,0.197209
chr16_28603413_T_C_b38,SULT1A1,intron_variant,Whole_Blood,NPIPB7,5.07671e-23,-0.420094
chr16_28603413_T_C_b38,SULT1A1,intron_variant,Whole_Blood,CLN3,9.63438e-05,-0.0836466
chr16_28603413_T_C_b38,SULT1A1,intron_variant,Whole_Blood,IL27,7.78245e-06,0.113289
chr16_28603413_T_C_b38,SULT1A1,intron_variant,Whole_Blood,SGF29,5.10648e-11,-0.164353
chr16_28603413_T_C_b38,SULT1A1,intron_variant,Whole_Blood,SULT1A2,4.1565800000000004e-120,0.944482
chr16_28603413_T_C_b38,SULT1A1,intron_variant,Whole_Blood,SULT1A1,3.2006199999999997e-21,-0.317584
chr16_28603413_T_C_b38,SULT1A1,intron_variant,Whole_Blood,ATXN2L,8.17144e-05,-0.0595978
chr16_28603413_T_C_b38,SULT1A1,intron_variant,Whole_Blood,TUFM,4.422e-73,0.461281
chr16_28603413_T_C_b38,SULT1A1,intron_variant,Whole_Blood,SH2B1,2.67962e-05,-0.0709917
chr16_28603413_T_C_b38,SULT1A1,intron_variant,Whole_Blood,ATP2A1,3.74092e-06,0.153485
chr16_28603413_T_C_b38,SULT1A1,intron_variant,Whole_Blood,SPNS1,5.51113e-21,0.183585
chr16_28604387_G_A_b38,SULT1A1,non_coding_transcript_exon_variant,Muscle_Skeletal,SULT1A2,2.98708e-05,0.288949
chr16_28604387_G_A_b38,SULT1A1,non_coding_transcript_exon_variant,Adipose_Subcutaneous,SGF29,7.99887e-06,0.167173
chr16_28604387_G_A_b38,SULT1A1,non_coding_transcript_exon_variant,Adipose_Subcutaneous,SULT1A2,1.9247e-05,0.27548
chr16_28604387_G_A_b38,SULT1A1,non_coding_transcript_exon_variant,Adipose_Subcutaneous,RP11-1348G14.4,1.14582e-06,-0.370997
chr16_28604387_G_A_b38,SULT1A1,non_coding_transcript_exon_variant,Adipose_Subcutaneous,TUFM,0.00011561,0.13066
chr16_28604387_G_A_b38,SULT1A1,non_coding_transcript_exon_variant,Adipose_Visceral_Omentum,SULT1A2,1.80349e-12,0.438991
chr16_28604387_G_A_b38,SULT1A1,non_coding_transcript_exon_variant,Adipose_Visceral_Omentum,TUFM,4.16425e-05,0.0924908
chr16_28604387_G_A_b38,SULT1A1,non_coding_transcript_exon_variant,Pancreas,SULT1A2,1.78953e-06,0.468298
chr16_28604387_G_A_b38,SULT1A1,non_coding_transcript_exon_variant,Pancreas,TUFM,1.81688e-07,0.340432
chr16_28604387_G_A_b38,SULT1A1,non_coding_transcript_exon_variant,Whole_Blood,CLN3,1.13219e-05,0.133738
chr16_28604387_G_A_b38,SULT1A1,non_coding_transcript_exon_variant,Whole_Blood,IL27,1.66633e-07,0.188054
chr16_28604387_G_A_b38,SULT1A1,non_coding_transcript_exon_variant,Whole_Blood,SGF29,2.88243e-08,0.198526
chr16_28604387_G_A_b38,SULT1A1,non_coding_transcript_exon_variant,Whole_Blood,SULT1A2,5.03902e-08,0.382713
chr16_28604387_G_A_b38,SULT1A1,non_coding_transcript_exon_variant,Whole_Blood,TUFM,3.06999e-06,0.191139
chr16_28604938_T_G_b38,SULT1A1,non_coding_transcript_exon_variant,Muscle_Skeletal,SGF29,1.61145e-11,-0.131808
chr16_28604938_T_G_b38,SULT1A1,non_coding_transcript_exon_variant,Muscle_Skeletal,SULT1A2,3.9280499999999997e-59,0.766137
chr16_28604938_T_G_b38,SULT1A1,non_coding_transcript_exon_variant,Muscle_Skeletal,SULT1A1,3.58769e-12,-0.249416
chr16_28604938_T_G_b38,SULT1A1,non_coding_transcript_exon_variant,Muscle_Skeletal,RP11-1348G14.4,6.04626e-09,-0.280513
chr16_28604938_T_G_b38,SULT1A1,non_coding_transcript_exon_variant,Muscle_Skeletal,TUFM,2.05263e-06,0.0935546
chr16_28604938_T_G_b38,SULT1A1,non_coding_transcript_exon_variant,Muscle_Skeletal,RP11-22P6.2,4.71212e-06,-0.224933
chr16_28604938_T_G_b38,SULT1A1,non_coding_transcript_exon_variant,Muscle_Skeletal,ATP2A1,1.46837e-05,0.0848822
chr16_28604938_T_G_b38,SULT1A1,non_coding_transcript_exon_variant,Muscle_Skeletal,ATP2A1-AS1,1.07368e-19,-0.327424
chr16_28604938_T_G_b38,SULT1A1,non_coding_transcript_exon_variant,Muscle_Skeletal,NFATC2IP,1.77699e-06,0.137205
chr16_28604938_T_G_b38,SULT1A1,non_coding_transcript_exon_variant,Muscle_Skeletal,LAT,0.000219602,0.133541
chr16_28604938_T_G_b38,SULT1A1,non_coding_transcript_exon_variant,Adipose_Subcutaneous,NPIPB7,7.42585e-05,-0.24083
chr16_28604938_T_G_b38,SULT1A1,non_coding_transcript_exon_variant,Adipose_Subcutaneous,SGF29,3.76627e-05,-0.112405
chr16_28604938_T_G_b38,SULT1A1,non_coding_transcript_exon_variant,Adipose_Subcutaneous,SULT1A2,3.98073e-46,0.612684
chr16_28604938_T_G_b38,SULT1A1,non_coding_transcript_exon_variant,Adipose_Subcutaneous,SULT1A1,5.55039e-06,-0.206509
chr16_28604938_T_G_b38,SULT1A1,non_coding_transcript_exon_variant,Adipose_Subcutaneous,EIF3C,5.61075e-09,0.273547
chr16_28604938_T_G_b38,SULT1A1,non_coding_transcript_exon_variant,Adipose_Subcutaneous,CDC37P1,8.298459999999999e-39,0.696543
chr16_28604938_T_G_b38,SULT1A1,non_coding_transcript_exon_variant,Adipose_Subcutaneous,RP11-1348G14.4,1.00126e-22,-0.525668
chr16_28604938_T_G_b38,SULT1A1,non_coding_transcript_exon_variant,Adipose_Subcutaneous,TUFM,2.18637e-13,0.1775
chr16_28604938_T_G_b38,SULT1A1,non_coding_transcript_exon_variant,Adipose_Subcutaneous,SH2B1,4.66351e-13,-0.162876
chr16_28604938_T_G_b38,SULT1A1,non_coding_transcript_exon_variant,Adipose_Subcutaneous,NFATC2IP,0.000106902,0.123152
chr16_28604938_T_G_b38,SULT1A1,non_coding_transcript_exon_variant,Adipose_Visceral_Omentum,SULT1A2,9.71629e-44,0.578672
chr16_28604938_T_G_b38,SULT1A1,non_coding_transcript_exon_variant,Adipose_Visceral_Omentum,SULT1A1,2.1965e-10,-0.335546
chr16_28604938_T_G_b38,SULT1A1,non_coding_transcript_exon_variant,Adipose_Visceral_Omentum,NPIPB9,1.77563e-07,-0.328417
chr16_28604938_T_G_b38,SULT1A1,non_coding_transcript_exon_variant,Adipose_Visceral_Omentum,RP11-1348G14.4,5.82428e-12,-0.339805
chr16_28604938_T_G_b38,SULT1A1,non_coding_transcript_exon_variant,Adipose_Visceral_Omentum,TUFM,3.81476e-08,0.0897712
chr16_28604938_T_G_b38,SULT1A1,non_coding_transcript_exon_variant,Adipose_Visceral_Omentum,SH2B1,1.79888e-12,-0.139522
chr16_28604938_T_G_b38,SULT1A1,non_coding_transcript_exon_variant,Pancreas,SGF29,1.12046e-07,-0.209337
chr16_28604938_T_G_b38,SULT1A1,non_coding_transcript_exon_variant,Pancreas,SULT1A2,2.26241e-17,0.575807
chr16_28604938_T_G_b38,SULT1A1,non_coding_transcript_exon_variant,Pancreas,SULT1A1,5.9485e-13,-0.42822
chr16_28604938_T_G_b38,SULT1A1,non_coding_transcript_exon_variant,Pancreas,CDC37P1,6.7353199999999996e-21,0.708618
chr16_28604938_T_G_b38,SULT1A1,non_coding_transcript_exon_variant,Pancreas,RP11-1348G14.4,2.41481e-05,-0.296129
chr16_28604938_T_G_b38,SULT1A1,non_coding_transcript_exon_variant,Pancreas,TUFM,2.17927e-14,0.351258
chr16_28604938_T_G_b38,SULT1A1,non_coding_transcript_exon_variant,Liver,IL27,6.15852e-22,0.452244
chr16_28604938_T_G_b38,SULT1A1,non_coding_transcript_exon_variant,Liver,CDC37P1,2.0021e-09,0.541289
chr16_28604938_T_G_b38,SULT1A1,non_coding_transcript_exon_variant,Brain_Cortex,NPIPB7,2.16838e-14,-0.724329
chr16_28604938_T_G_b38,SULT1A1,non_coding_transcript_exon_variant,Brain_Cortex,SULT1A2,1.03532e-14,0.772664
chr16_28604938_T_G_b38,SULT1A1,non_coding_transcript_exon_variant,Brain_Cortex,SULT1A1,1.80051e-08,-0.519517
chr16_28604938_T_G_b38,SULT1A1,non_coding_transcript_exon_variant,Brain_Cortex,NPIPB9,3.078e-08,-0.573831
chr16_28604938_T_G_b38,SULT1A1,non_coding_transcript_exon_variant,Brain_Cortex,RP11-1348G14.4,1.34347e-05,-0.403316
chr16_28604938_T_G_b38,SULT1A1,non_coding_transcript_exon_variant,Brain_Cortex,TUFM,1.18547e-05,0.182925
chr16_28604938_T_G_b38,SULT1A1,non_coding_transcript_exon_variant,Brain_Cortex,LAT,3.04162e-05,0.251672
chr16_28604938_T_G_b38,SULT1A1,non_coding_transcript_exon_variant,Whole_Blood,NPIPB6,1.42419e-05,0.201759
chr16_28604938_T_G_b38,SULT1A1,non_coding_transcript_exon_variant,Whole_Blood,NPIPB7,3.1091900000000004e-23,-0.422056
chr16_28604938_T_G_b38,SULT1A1,non_coding_transcript_exon_variant,Whole_Blood,CLN3,8.11032e-05,-0.084534
chr16_28604938_T_G_b38,SULT1A1,non_coding_transcript_exon_variant,Whole_Blood,IL27,7.69277e-06,0.113362
chr16_28604938_T_G_b38,SULT1A1,non_coding_transcript_exon_variant,Whole_Blood,SGF29,3.53815e-11,-0.165684
chr16_28604938_T_G_b38,SULT1A1,non_coding_transcript_exon_variant,Whole_Blood,SULT1A2,1.0671800000000001e-122,0.950861
chr16_28604938_T_G_b38,SULT1A1,non_coding_transcript_exon_variant,Whole_Blood,SULT1A1,5.47543e-21,-0.315861
chr16_28604938_T_G_b38,SULT1A1,non_coding_transcript_exon_variant,Whole_Blood,ATXN2L,7.77343e-05,-0.0597827
chr16_28604938_T_G_b38,SULT1A1,non_coding_transcript_exon_variant,Whole_Blood,TUFM,3.25666e-73,0.461652
chr16_28604938_T_G_b38,SULT1A1,non_coding_transcript_exon_variant,Whole_Blood,SH2B1,2.33982e-05,-0.0715089
chr16_28604938_T_G_b38,SULT1A1,non_coding_transcript_exon_variant,Whole_Blood,ATP2A1,4.40221e-06,0.152397
chr16_28604938_T_G_b38,SULT1A1,non_coding_transcript_exon_variant,Whole_Blood,SPNS1,8.34489e-22,0.187161
chr16_28605078_G_A_b38,SULT1A1,3_prime_UTR_variant,Muscle_Skeletal,SGF29,1.61145e-11,-0.131808
chr16_28605078_G_A_b38,SULT1A1,3_prime_UTR_variant,Muscle_Skeletal,SULT1A2,3.9280499999999997e-59,0.766137
chr16_28605078_G_A_b38,SULT1A1,3_prime_UTR_variant,Muscle_Skeletal,SULT1A1,3.58769e-12,-0.249416
chr16_28605078_G_A_b38,SULT1A1,3_prime_UTR_variant,Muscle_Skeletal,RP11-1348G14.4,6.04626e-09,-0.280513
chr16_28605078_G_A_b38,SULT1A1,3_prime_UTR_variant,Muscle_Skeletal,TUFM,2.05263e-06,0.0935546
chr16_28605078_G_A_b38,SULT1A1,3_prime_UTR_variant,Muscle_Skeletal,RP11-22P6.2,4.71212e-06,-0.224933
chr16_28605078_G_A_b38,SULT1A1,3_prime_UTR_variant,Muscle_Skeletal,ATP2A1,1.46837e-05,0.0848822
chr16_28605078_G_A_b38,SULT1A1,3_prime_UTR_variant,Muscle_Skeletal,ATP2A1-AS1,1.07368e-19,-0.327424
chr16_28605078_G_A_b38,SULT1A1,3_prime_UTR_variant,Muscle_Skeletal,NFATC2IP,1.77699e-06,0.137205
chr16_28605078_G_A_b38,SULT1A1,3_prime_UTR_variant,Muscle_Skeletal,LAT,0.000219602,0.133541
chr16_28605078_G_A_b38,SULT1A1,3_prime_UTR_variant,Adipose_Subcutaneous,NPIPB7,7.42585e-05,-0.24083
chr16_28605078_G_A_b38,SULT1A1,3_prime_UTR_variant,Adipose_Subcutaneous,SGF29,3.76627e-05,-0.112405
chr16_28605078_G_A_b38,SULT1A1,3_prime_UTR_variant,Adipose_Subcutaneous,SULT1A2,3.98073e-46,0.612684
chr16_28605078_G_A_b38,SULT1A1,3_prime_UTR_variant,Adipose_Subcutaneous,SULT1A1,5.55039e-06,-0.206509
chr16_28605078_G_A_b38,SULT1A1,3_prime_UTR_variant,Adipose_Subcutaneous,EIF3C,5.61075e-09,0.273547
chr16_28605078_G_A_b38,SULT1A1,3_prime_UTR_variant,Adipose_Subcutaneous,CDC37P1,8.298459999999999e-39,0.696543
chr16_28605078_G_A_b38,SULT1A1,3_prime_UTR_variant,Adipose_Subcutaneous,RP11-1348G14.4,1.00126e-22,-0.525668
chr16_28605078_G_A_b38,SULT1A1,3_prime_UTR_variant,Adipose_Subcutaneous,TUFM,2.18637e-13,0.1775
chr16_28605078_G_A_b38,SULT1A1,3_prime_UTR_variant,Adipose_Subcutaneous,SH2B1,4.66351e-13,-0.162876
chr16_28605078_G_A_b38,SULT1A1,3_prime_UTR_variant,Adipose_Subcutaneous,NFATC2IP,0.000106902,0.123152
chr16_28605078_G_A_b38,SULT1A1,3_prime_UTR_variant,Adipose_Visceral_Omentum,SULT1A2,9.71629e-44,0.578672
chr16_28605078_G_A_b38,SULT1A1,3_prime_UTR_variant,Adipose_Visceral_Omentum,SULT1A1,2.1965e-10,-0.335546
chr16_28605078_G_A_b38,SULT1A1,3_prime_UTR_variant,Adipose_Visceral_Omentum,NPIPB9,1.77563e-07,-0.328417
chr16_28605078_G_A_b38,SULT1A1,3_prime_UTR_variant,Adipose_Visceral_Omentum,RP11-1348G14.4,5.82428e-12,-0.339805
chr16_28605078_G_A_b38,SULT1A1,3_prime_UTR_variant,Adipose_Visceral_Omentum,TUFM,3.81476e-08,0.0897712
chr16_28605078_G_A_b38,SULT1A1,3_prime_UTR_variant,Adipose_Visceral_Omentum,SH2B1,1.79888e-12,-0.139522
chr16_28605078_G_A_b38,SULT1A1,3_prime_UTR_variant,Pancreas,SGF29,1.12046e-07,-0.209337
chr16_28605078_G_A_b38,SULT1A1,3_prime_UTR_variant,Pancreas,SULT1A2,2.26241e-17,0.575807
chr16_28605078_G_A_b38,SULT1A1,3_prime_UTR_variant,Pancreas,SULT1A1,5.9485e-13,-0.42822
chr16_28605078_G_A_b38,SULT1A1,3_prime_UTR_variant,Pancreas,CDC37P1,6.7353199999999996e-21,0.708618
chr16_28605078_G_A_b38,SULT1A1,3_prime_UTR_variant,Pancreas,RP11-1348G14.4,2.41481e-05,-0.296129
chr16_28605078_G_A_b38,SULT1A1,3_prime_UTR_variant,Pancreas,TUFM,2.17927e-14,0.351258
chr16_28605078_G_A_b38,SULT1A1,3_prime_UTR_variant,Liver,IL27,6.15852e-22,0.452244
chr16_28605078_G_A_b38,SULT1A1,3_prime_UTR_variant,Liver,CDC37P1,2.0021e-09,0.541289
chr16_28605078_G_A_b38,SULT1A1,3_prime_UTR_variant,Brain_Cortex,NPIPB7,2.16838e-14,-0.724329
chr16_28605078_G_A_b38,SULT1A1,3_prime_UTR_variant,Brain_Cortex,SULT1A2,1.03532e-14,0.772664
chr16_28605078_G_A_b38,SULT1A1,3_prime_UTR_variant,Brain_Cortex,SULT1A1,1.80051e-08,-0.519517
chr16_28605078_G_A_b38,SULT1A1,3_prime_UTR_variant,Brain_Cortex,NPIPB9,3.078e-08,-0.573831
chr16_28605078_G_A_b38,SULT1A1,3_prime_UTR_variant,Brain_Cortex,RP11-1348G14.4,1.34347e-05,-0.403316
chr16_28605078_G_A_b38,SULT1A1,3_prime_UTR_variant,Brain_Cortex,TUFM,1.18547e-05,0.182925
chr16_28605078_G_A_b38,SULT1A1,3_prime_UTR_variant,Brain_Cortex,LAT,3.04162e-05,0.251672
chr16_28605078_G_A_b38,SULT1A1,3_prime_UTR_variant,Whole_Blood,NPIPB6,1.42419e-05,0.201759
chr16_28605078_G_A_b38,SULT1A1,3_prime_UTR_variant,Whole_Blood,NPIPB7,3.1091900000000004e-23,-0.422056
chr16_28605078_G_A_b38,SULT1A1,3_prime_UTR_variant,Whole_Blood,CLN3,8.11032e-05,-0.084534
chr16_28605078_G_A_b38,SULT1A1,3_prime_UTR_variant,Whole_Blood,IL27,7.69277e-06,0.113362
chr16_28605078_G_A_b38,SULT1A1,3_prime_UTR_variant,Whole_Blood,SGF29,3.53815e-11,-0.165684
chr16_28605078_G_A_b38,SULT1A1,3_prime_UTR_variant,Whole_Blood,SULT1A2,1.0671800000000001e-122,0.950861
chr16_28605078_G_A_b38,SULT1A1,3_prime_UTR_variant,Whole_Blood,SULT1A1,5.47543e-21,-0.315861
chr16_28605078_G_A_b38,SULT1A1,3_prime_UTR_variant,Whole_Blood,ATXN2L,7.77343e-05,-0.0597827
chr16_28605078_G_A_b38,SULT1A1,3_prime_UTR_variant,Whole_Blood,TUFM,3.25666e-73,0.461652
chr16_28605078_G_A_b38,SULT1A1,3_prime_UTR_variant,Whole_Blood,SH2B1,2.33982e-05,-0.0715089
chr16_28605078_G_A_b38,SULT1A1,3_prime_UTR_variant,Whole_Blood,ATP2A1,4.40221e-06,0.152397
chr16_28605078_G_A_b38,SULT1A1,3_prime_UTR_variant,Whole_Blood,SPNS1,8.34489e-22,0.187161
chr16_28605344_C_A_b38,SULT1A1,3_prime_UTR_variant,Muscle_Skeletal,SGF29,1.61145e-11,-0.131808
chr16_28605344_C_A_b38,SULT1A1,3_prime_UTR_variant,Muscle_Skeletal,SULT1A2,3.9280499999999997e-59,0.766137
chr16_28605344_C_A_b38,SULT1A1,3_prime_UTR_variant,Muscle_Skeletal,SULT1A1,3.58769e-12,-0.249416
chr16_28605344_C_A_b38,SULT1A1,3_prime_UTR_variant,Muscle_Skeletal,RP11-1348G14.4,6.04626e-09,-0.280513
chr16_28605344_C_A_b38,SULT1A1,3_prime_UTR_variant,Muscle_Skeletal,TUFM,2.05263e-06,0.0935546
chr16_28605344_C_A_b38,SULT1A1,3_prime_UTR_variant,Muscle_Skeletal,RP11-22P6.2,4.71212e-06,-0.224933
chr16_28605344_C_A_b38,SULT1A1,3_prime_UTR_variant,Muscle_Skeletal,ATP2A1,1.46837e-05,0.0848822
chr16_28605344_C_A_b38,SULT1A1,3_prime_UTR_variant,Muscle_Skeletal,ATP2A1-AS1,1.07368e-19,-0.327424
chr16_28605344_C_A_b38,SULT1A1,3_prime_UTR_variant,Muscle_Skeletal,NFATC2IP,1.77699e-06,0.137205
chr16_28605344_C_A_b38,SULT1A1,3_prime_UTR_variant,Muscle_Skeletal,LAT,0.000219602,0.133541
chr16_28605344_C_A_b38,SULT1A1,3_prime_UTR_variant,Adipose_Subcutaneous,NPIPB7,7.42585e-05,-0.24083
chr16_28605344_C_A_b38,SULT1A1,3_prime_UTR_variant,Adipose_Subcutaneous,SGF29,3.76627e-05,-0.112405
chr16_28605344_C_A_b38,SULT1A1,3_prime_UTR_variant,Adipose_Subcutaneous,SULT1A2,3.98073e-46,0.612684
chr16_28605344_C_A_b38,SULT1A1,3_prime_UTR_variant,Adipose_Subcutaneous,SULT1A1,5.55039e-06,-0.206509
chr16_28605344_C_A_b38,SULT1A1,3_prime_UTR_variant,Adipose_Subcutaneous,EIF3C,5.61075e-09,0.273547
chr16_28605344_C_A_b38,SULT1A1,3_prime_UTR_variant,Adipose_Subcutaneous,CDC37P1,8.298459999999999e-39,0.696543
chr16_28605344_C_A_b38,SULT1A1,3_prime_UTR_variant,Adipose_Subcutaneous,RP11-1348G14.4,1.00126e-22,-0.525668
chr16_28605344_C_A_b38,SULT1A1,3_prime_UTR_variant,Adipose_Subcutaneous,TUFM,2.18637e-13,0.1775
chr16_28605344_C_A_b38,SULT1A1,3_prime_UTR_variant,Adipose_Subcutaneous,SH2B1,4.66351e-13,-0.162876
chr16_28605344_C_A_b38,SULT1A1,3_prime_UTR_variant,Adipose_Subcutaneous,NFATC2IP,0.000106902,0.123152
chr16_28605344_C_A_b38,SULT1A1,3_prime_UTR_variant,Adipose_Visceral_Omentum,SULT1A2,5.09794e-44,0.582274
chr16_28605344_C_A_b38,SULT1A1,3_prime_UTR_variant,Adipose_Visceral_Omentum,SULT1A1,1.99625e-10,-0.337505
chr16_28605344_C_A_b38,SULT1A1,3_prime_UTR_variant,Adipose_Visceral_Omentum,NPIPB9,2.6823e-07,-0.324914
chr16_28605344_C_A_b38,SULT1A1,3_prime_UTR_variant,Adipose_Visceral_Omentum,RP11-1348G14.4,5.84071e-12,-0.341019
chr16_28605344_C_A_b38,SULT1A1,3_prime_UTR_variant,Adipose_Visceral_Omentum,TUFM,5.64062e-08,0.0890019
chr16_28605344_C_A_b38,SULT1A1,3_prime_UTR_variant,Adipose_Visceral_Omentum,SH2B1,3.57718e-12,-0.13823
chr16_28605344_C_A_b38,SULT1A1,3_prime_UTR_variant,Pancreas,SGF29,1.12046e-07,-0.209337
chr16_28605344_C_A_b38,SULT1A1,3_prime_UTR_variant,Pancreas,SULT1A2,2.26241e-17,0.575807
chr16_28605344_C_A_b38,SULT1A1,3_prime_UTR_variant,Pancreas,SULT1A1,5.9485e-13,-0.42822
chr16_28605344_C_A_b38,SULT1A1,3_prime_UTR_variant,Pancreas,CDC37P1,6.7353199999999996e-21,0.708618
chr16_28605344_C_A_b38,SULT1A1,3_prime_UTR_variant,Pancreas,RP11-1348G14.4,2.41481e-05,-0.296129
chr16_28605344_C_A_b38,SULT1A1,3_prime_UTR_variant,Pancreas,TUFM,2.17927e-14,0.351258
chr16_28605344_C_A_b38,SULT1A1,3_prime_UTR_variant,Liver,IL27,3.80193e-21,0.451921
chr16_28605344_C_A_b38,SULT1A1,3_prime_UTR_variant,Liver,CDC37P1,2.55385e-09,0.545778
chr16_28605344_C_A_b38,SULT1A1,3_prime_UTR_variant,Brain_Cortex,NPIPB7,2.16838e-14,-0.724329
chr16_28605344_C_A_b38,SULT1A1,3_prime_UTR_variant,Brain_Cortex,SULT1A2,1.03532e-14,0.772664
chr16_28605344_C_A_b38,SULT1A1,3_prime_UTR_variant,Brain_Cortex,SULT1A1,1.80051e-08,-0.519517
chr16_28605344_C_A_b38,SULT1A1,3_prime_UTR_variant,Brain_Cortex,NPIPB9,3.078e-08,-0.573831
chr16_28605344_C_A_b38,SULT1A1,3_prime_UTR_variant,Brain_Cortex,RP11-1348G14.4,1.34347e-05,-0.403316
chr16_28605344_C_A_b38,SULT1A1,3_prime_UTR_variant,Brain_Cortex,TUFM,1.18547e-05,0.182925
chr16_28605344_C_A_b38,SULT1A1,3_prime_UTR_variant,Brain_Cortex,LAT,3.04162e-05,0.251672
chr16_28605344_C_A_b38,SULT1A1,3_prime_UTR_variant,Whole_Blood,NPIPB6,9.87416e-06,0.205925
chr16_28605344_C_A_b38,SULT1A1,3_prime_UTR_variant,Whole_Blood,NPIPB7,1.4070200000000002e-23,-0.4262
chr16_28605344_C_A_b38,SULT1A1,3_prime_UTR_variant,Whole_Blood,CLN3,9.80278e-05,-0.0837761
chr16_28605344_C_A_b38,SULT1A1,3_prime_UTR_variant,Whole_Blood,IL27,5.08286e-06,0.115839
chr16_28605344_C_A_b38,SULT1A1,3_prime_UTR_variant,Whole_Blood,SGF29,4.76887e-11,-0.165029
chr16_28605344_C_A_b38,SULT1A1,3_prime_UTR_variant,Whole_Blood,SULT1A2,5.332169999999999e-123,0.953969
chr16_28605344_C_A_b38,SULT1A1,3_prime_UTR_variant,Whole_Blood,SULT1A1,4.64852e-21,-0.317192
chr16_28605344_C_A_b38,SULT1A1,3_prime_UTR_variant,Whole_Blood,ATXN2L,7.05829e-05,-0.0602775
chr16_28605344_C_A_b38,SULT1A1,3_prime_UTR_variant,Whole_Blood,TUFM,1.14663e-72,0.461473
chr16_28605344_C_A_b38,SULT1A1,3_prime_UTR_variant,Whole_Blood,SH2B1,2.22176e-05,-0.0718826
chr16_28605344_C_A_b38,SULT1A1,3_prime_UTR_variant,Whole_Blood,ATP2A1,6.84234e-06,0.149741
chr16_28605344_C_A_b38,SULT1A1,3_prime_UTR_variant,Whole_Blood,SPNS1,9.43457e-22,0.187401
chr16_28605402_C_T_b38,SULT1A1,3_prime_UTR_variant,Muscle_Skeletal,SGF29,1.61145e-11,-0.131808
chr16_28605402_C_T_b38,SULT1A1,3_prime_UTR_variant,Muscle_Skeletal,SULT1A2,3.9280499999999997e-59,0.766137
chr16_28605402_C_T_b38,SULT1A1,3_prime_UTR_variant,Muscle_Skeletal,SULT1A1,3.58769e-12,-0.249416
chr16_28605402_C_T_b38,SULT1A1,3_prime_UTR_variant,Muscle_Skeletal,RP11-1348G14.4,6.04626e-09,-0.280513
chr16_28605402_C_T_b38,SULT1A1,3_prime_UTR_variant,Muscle_Skeletal,TUFM,2.05263e-06,0.0935546
chr16_28605402_C_T_b38,SULT1A1,3_prime_UTR_variant,Muscle_Skeletal,RP11-22P6.2,4.71212e-06,-0.224933
chr16_28605402_C_T_b38,SULT1A1,3_prime_UTR_variant,Muscle_Skeletal,ATP2A1,1.46837e-05,0.0848822
chr16_28605402_C_T_b38,SULT1A1,3_prime_UTR_variant,Muscle_Skeletal,ATP2A1-AS1,1.07368e-19,-0.327424
chr16_28605402_C_T_b38,SULT1A1,3_prime_UTR_variant,Muscle_Skeletal,NFATC2IP,1.77699e-06,0.137205
chr16_28605402_C_T_b38,SULT1A1,3_prime_UTR_variant,Muscle_Skeletal,LAT,0.000219602,0.133541
chr16_28605402_C_T_b38,SULT1A1,3_prime_UTR_variant,Adipose_Subcutaneous,NPIPB7,7.42585e-05,-0.24083
chr16_28605402_C_T_b38,SULT1A1,3_prime_UTR_variant,Adipose_Subcutaneous,SGF29,3.76627e-05,-0.112405
chr16_28605402_C_T_b38,SULT1A1,3_prime_UTR_variant,Adipose_Subcutaneous,SULT1A2,3.98073e-46,0.612684
chr16_28605402_C_T_b38,SULT1A1,3_prime_UTR_variant,Adipose_Subcutaneous,SULT1A1,5.55039e-06,-0.206509
chr16_28605402_C_T_b38,SULT1A1,3_prime_UTR_variant,Adipose_Subcutaneous,EIF3C,5.61075e-09,0.273547
chr16_28605402_C_T_b38,SULT1A1,3_prime_UTR_variant,Adipose_Subcutaneous,CDC37P1,8.298459999999999e-39,0.696543
chr16_28605402_C_T_b38,SULT1A1,3_prime_UTR_variant,Adipose_Subcutaneous,RP11-1348G14.4,1.00126e-22,-0.525668
chr16_28605402_C_T_b38,SULT1A1,3_prime_UTR_variant,Adipose_Subcutaneous,TUFM,2.18637e-13,0.1775
chr16_28605402_C_T_b38,SULT1A1,3_prime_UTR_variant,Adipose_Subcutaneous,SH2B1,4.66351e-13,-0.162876
chr16_28605402_C_T_b38,SULT1A1,3_prime_UTR_variant,Adipose_Subcutaneous,NFATC2IP,0.000106902,0.123152
chr16_28605402_C_T_b38,SULT1A1,3_prime_UTR_variant,Adipose_Visceral_Omentum,SULT1A2,5.09794e-44,0.582274
chr16_28605402_C_T_b38,SULT1A1,3_prime_UTR_variant,Adipose_Visceral_Omentum,SULT1A1,1.99625e-10,-0.337505
chr16_28605402_C_T_b38,SULT1A1,3_prime_UTR_variant,Adipose_Visceral_Omentum,NPIPB9,2.6823e-07,-0.324914
chr16_28605402_C_T_b38,SULT1A1,3_prime_UTR_variant,Adipose_Visceral_Omentum,RP11-1348G14.4,5.84071e-12,-0.341019
chr16_28605402_C_T_b38,SULT1A1,3_prime_UTR_variant,Adipose_Visceral_Omentum,TUFM,5.64062e-08,0.0890019
chr16_28605402_C_T_b38,SULT1A1,3_prime_UTR_variant,Adipose_Visceral_Omentum,SH2B1,3.57718e-12,-0.13823
chr16_28605402_C_T_b38,SULT1A1,3_prime_UTR_variant,Pancreas,SGF29,1.12046e-07,-0.209337
chr16_28605402_C_T_b38,SULT1A1,3_prime_UTR_variant,Pancreas,SULT1A2,2.26241e-17,0.575807
chr16_28605402_C_T_b38,SULT1A1,3_prime_UTR_variant,Pancreas,SULT1A1,5.9485e-13,-0.42822
chr16_28605402_C_T_b38,SULT1A1,3_prime_UTR_variant,Pancreas,CDC37P1,6.7353199999999996e-21,0.708618
chr16_28605402_C_T_b38,SULT1A1,3_prime_UTR_variant,Pancreas,RP11-1348G14.4,2.41481e-05,-0.296129
chr16_28605402_C_T_b38,SULT1A1,3_prime_UTR_variant,Pancreas,TUFM,2.17927e-14,0.351258
chr16_28605402_C_T_b38,SULT1A1,3_prime_UTR_variant,Liver,IL27,3.80193e-21,0.451921
chr16_28605402_C_T_b38,SULT1A1,3_prime_UTR_variant,Liver,CDC37P1,2.55385e-09,0.545778
chr16_28605402_C_T_b38,SULT1A1,3_prime_UTR_variant,Brain_Cortex,NPIPB7,2.16838e-14,-0.724329
chr16_28605402_C_T_b38,SULT1A1,3_prime_UTR_variant,Brain_Cortex,SULT1A2,1.03532e-14,0.772664
chr16_28605402_C_T_b38,SULT1A1,3_prime_UTR_variant,Brain_Cortex,SULT1A1,1.80051e-08,-0.519517
chr16_28605402_C_T_b38,SULT1A1,3_prime_UTR_variant,Brain_Cortex,NPIPB9,3.078e-08,-0.573831
chr16_28605402_C_T_b38,SULT1A1,3_prime_UTR_variant,Brain_Cortex,RP11-1348G14.4,1.34347e-05,-0.403316
chr16_28605402_C_T_b38,SULT1A1,3_prime_UTR_variant,Brain_Cortex,TUFM,1.18547e-05,0.182925
chr16_28605402_C_T_b38,SULT1A1,3_prime_UTR_variant,Brain_Cortex,LAT,3.04162e-05,0.251672
chr16_28605402_C_T_b38,SULT1A1,3_prime_UTR_variant,Whole_Blood,NPIPB6,9.87416e-06,0.205925
chr16_28605402_C_T_b38,SULT1A1,3_prime_UTR_variant,Whole_Blood,NPIPB7,1.4070200000000002e-23,-0.4262
chr16_28605402_C_T_b38,SULT1A1,3_prime_UTR_variant,Whole_Blood,CLN3,9.80278e-05,-0.0837761
chr16_28605402_C_T_b38,SULT1A1,3_prime_UTR_variant,Whole_Blood,IL27,5.08286e-06,0.115839
chr16_28605402_C_T_b38,SULT1A1,3_prime_UTR_variant,Whole_Blood,SGF29,4.76887e-11,-0.165029
chr16_28605402_C_T_b38,SULT1A1,3_prime_UTR_variant,Whole_Blood,SULT1A2,5.332169999999999e-123,0.953969
chr16_28605402_C_T_b38,SULT1A1,3_prime_UTR_variant,Whole_Blood,SULT1A1,4.64852e-21,-0.317192
chr16_28605402_C_T_b38,SULT1A1,3_prime_UTR_variant,Whole_Blood,ATXN2L,7.05829e-05,-0.0602775
chr16_28605402_C_T_b38,SULT1A1,3_prime_UTR_variant,Whole_Blood,TUFM,1.14663e-72,0.461473
chr16_28605402_C_T_b38,SULT1A1,3_prime_UTR_variant,Whole_Blood,SH2B1,2.22176e-05,-0.0718826
chr16_28605402_C_T_b38,SULT1A1,3_prime_UTR_variant,Whole_Blood,ATP2A1,6.84234e-06,0.149741
chr16_28605402_C_T_b38,SULT1A1,3_prime_UTR_variant,Whole_Blood,SPNS1,9.43457e-22,0.187401
chr16_28605736_G_A_b38,SULT1A1,3_prime_UTR_variant,Muscle_Skeletal,SGF29,1.61145e-11,-0.131808
chr16_28605736_G_A_b38,SULT1A1,3_prime_UTR_variant,Muscle_Skeletal,SULT1A2,3.9280499999999997e-59,0.766137
chr16_28605736_G_A_b38,SULT1A1,3_prime_UTR_variant,Muscle_Skeletal,SULT1A1,3.58769e-12,-0.249416
chr16_28605736_G_A_b38,SULT1A1,3_prime_UTR_variant,Muscle_Skeletal,RP11-1348G14.4,6.04626e-09,-0.280513
chr16_28605736_G_A_b38,SULT1A1,3_prime_UTR_variant,Muscle_Skeletal,TUFM,2.05263e-06,0.0935546
chr16_28605736_G_A_b38,SULT1A1,3_prime_UTR_variant,Muscle_Skeletal,RP11-22P6.2,4.71212e-06,-0.224933
chr16_28605736_G_A_b38,SULT1A1,3_prime_UTR_variant,Muscle_Skeletal,ATP2A1,1.46837e-05,0.0848822
chr16_28605736_G_A_b38,SULT1A1,3_prime_UTR_variant,Muscle_Skeletal,ATP2A1-AS1,1.07368e-19,-0.327424
chr16_28605736_G_A_b38,SULT1A1,3_prime_UTR_variant,Muscle_Skeletal,NFATC2IP,1.77699e-06,0.137205
chr16_28605736_G_A_b38,SULT1A1,3_prime_UTR_variant,Muscle_Skeletal,LAT,0.000219602,0.133541
chr16_28605736_G_A_b38,SULT1A1,3_prime_UTR_variant,Adipose_Subcutaneous,NPIPB7,7.42585e-05,-0.24083
chr16_28605736_G_A_b38,SULT1A1,3_prime_UTR_variant,Adipose_Subcutaneous,SGF29,3.76627e-05,-0.112405
chr16_28605736_G_A_b38,SULT1A1,3_prime_UTR_variant,Adipose_Subcutaneous,SULT1A2,3.98073e-46,0.612684
chr16_28605736_G_A_b38,SULT1A1,3_prime_UTR_variant,Adipose_Subcutaneous,SULT1A1,5.55039e-06,-0.206509
chr16_28605736_G_A_b38,SULT1A1,3_prime_UTR_variant,Adipose_Subcutaneous,EIF3C,5.61075e-09,0.273547
chr16_28605736_G_A_b38,SULT1A1,3_prime_UTR_variant,Adipose_Subcutaneous,CDC37P1,8.298459999999999e-39,0.696543
chr16_28605736_G_A_b38,SULT1A1,3_prime_UTR_variant,Adipose_Subcutaneous,RP11-1348G14.4,1.00126e-22,-0.525668
chr16_28605736_G_A_b38,SULT1A1,3_prime_UTR_variant,Adipose_Subcutaneous,TUFM,2.18637e-13,0.1775
chr16_28605736_G_A_b38,SULT1A1,3_prime_UTR_variant,Adipose_Subcutaneous,SH2B1,4.66351e-13,-0.162876
chr16_28605736_G_A_b38,SULT1A1,3_prime_UTR_variant,Adipose_Subcutaneous,NFATC2IP,0.000106902,0.123152
chr16_28605736_G_A_b38,SULT1A1,3_prime_UTR_variant,Adipose_Visceral_Omentum,SULT1A2,5.09794e-44,0.582274
chr16_28605736_G_A_b38,SULT1A1,3_prime_UTR_variant,Adipose_Visceral_Omentum,SULT1A1,1.99625e-10,-0.337505
chr16_28605736_G_A_b38,SULT1A1,3_prime_UTR_variant,Adipose_Visceral_Omentum,NPIPB9,2.6823e-07,-0.324914
chr16_28605736_G_A_b38,SULT1A1,3_prime_UTR_variant,Adipose_Visceral_Omentum,RP11-1348G14.4,5.84071e-12,-0.341019
chr16_28605736_G_A_b38,SULT1A1,3_prime_UTR_variant,Adipose_Visceral_Omentum,TUFM,5.64062e-08,0.0890019
chr16_28605736_G_A_b38,SULT1A1,3_prime_UTR_variant,Adipose_Visceral_Omentum,SH2B1,3.57718e-12,-0.13823
chr16_28605736_G_A_b38,SULT1A1,3_prime_UTR_variant,Pancreas,SGF29,1.12046e-07,-0.209337
chr16_28605736_G_A_b38,SULT1A1,3_prime_UTR_variant,Pancreas,SULT1A2,2.26241e-17,0.575807
chr16_28605736_G_A_b38,SULT1A1,3_prime_UTR_variant,Pancreas,SULT1A1,5.9485e-13,-0.42822
chr16_28605736_G_A_b38,SULT1A1,3_prime_UTR_variant,Pancreas,CDC37P1,6.7353199999999996e-21,0.708618
chr16_28605736_G_A_b38,SULT1A1,3_prime_UTR_variant,Pancreas,RP11-1348G14.4,2.41481e-05,-0.296129
chr16_28605736_G_A_b38,SULT1A1,3_prime_UTR_variant,Pancreas,TUFM,2.17927e-14,0.351258
chr16_28605736_G_A_b38,SULT1A1,3_prime_UTR_variant,Liver,IL27,3.80193e-21,0.451921
chr16_28605736_G_A_b38,SULT1A1,3_prime_UTR_variant,Liver,CDC37P1,2.55385e-09,0.545778
chr16_28605736_G_A_b38,SULT1A1,3_prime_UTR_variant,Brain_Cortex,NPIPB7,2.16838e-14,-0.724329
chr16_28605736_G_A_b38,SULT1A1,3_prime_UTR_variant,Brain_Cortex,SULT1A2,1.03532e-14,0.772664
chr16_28605736_G_A_b38,SULT1A1,3_prime_UTR_variant,Brain_Cortex,SULT1A1,1.80051e-08,-0.519517
chr16_28605736_G_A_b38,SULT1A1,3_prime_UTR_variant,Brain_Cortex,NPIPB9,3.078e-08,-0.573831
chr16_28605736_G_A_b38,SULT1A1,3_prime_UTR_variant,Brain_Cortex,RP11-1348G14.4,1.34347e-05,-0.403316
chr16_28605736_G_A_b38,SULT1A1,3_prime_UTR_variant,Brain_Cortex,TUFM,1.18547e-05,0.182925
chr16_28605736_G_A_b38,SULT1A1,3_prime_UTR_variant,Brain_Cortex,LAT,3.04162e-05,0.251672
chr16_28605736_G_A_b38,SULT1A1,3_prime_UTR_variant,Whole_Blood,NPIPB6,9.87416e-06,0.205925
chr16_28605736_G_A_b38,SULT1A1,3_prime_UTR_variant,Whole_Blood,NPIPB7,1.4070200000000002e-23,-0.4262
chr16_28605736_G_A_b38,SULT1A1,3_prime_UTR_variant,Whole_Blood,CLN3,9.80278e-05,-0.0837761
chr16_28605736_G_A_b38,SULT1A1,3_prime_UTR_variant,Whole_Blood,IL27,5.08286e-06,0.115839
chr16_28605736_G_A_b38,SULT1A1,3_prime_UTR_variant,Whole_Blood,SGF29,4.76887e-11,-0.165029
chr16_28605736_G_A_b38,SULT1A1,3_prime_UTR_variant,Whole_Blood,SULT1A2,5.332169999999999e-123,0.953969
chr16_28605736_G_A_b38,SULT1A1,3_prime_UTR_variant,Whole_Blood,SULT1A1,4.64852e-21,-0.317192
chr16_28605736_G_A_b38,SULT1A1,3_prime_UTR_variant,Whole_Blood,ATXN2L,7.05829e-05,-0.0602775
chr16_28605736_G_A_b38,SULT1A1,3_prime_UTR_variant,Whole_Blood,TUFM,1.14663e-72,0.461473
chr16_28605736_G_A_b38,SULT1A1,3_prime_UTR_variant,Whole_Blood,SH2B1,2.22176e-05,-0.0718826
chr16_28605736_G_A_b38,SULT1A1,3_prime_UTR_variant,Whole_Blood,ATP2A1,6.84234e-06,0.149741
chr16_28605736_G_A_b38,SULT1A1,3_prime_UTR_variant,Whole_Blood,SPNS1,9.43457e-22,0.187401
chr16_28605807_T_C_b38,SULT1A1,3_prime_UTR_variant,Muscle_Skeletal,SGF29,4.05366e-09,-0.114813
chr16_28605807_T_C_b38,SULT1A1,3_prime_UTR_variant,Muscle_Skeletal,SULT1A2,9.50997e-54,0.73119
chr16_28605807_T_C_b38,SULT1A1,3_prime_UTR_variant,Muscle_Skeletal,SULT1A1,5.65034e-11,-0.234051
chr16_28605807_T_C_b38,SULT1A1,3_prime_UTR_variant,Muscle_Skeletal,EIF3C,0.000155634,0.146096
chr16_28605807_T_C_b38,SULT1A1,3_prime_UTR_variant,Muscle_Skeletal,RP11-1348G14.4,1.5657e-06,-0.231138
chr16_28605807_T_C_b38,SULT1A1,3_prime_UTR_variant,Muscle_Skeletal,TUFM,3.69393e-05,0.0809445
chr16_28605807_T_C_b38,SULT1A1,3_prime_UTR_variant,Muscle_Skeletal,RP11-22P6.2,3.30026e-05,-0.203005
chr16_28605807_T_C_b38,SULT1A1,3_prime_UTR_variant,Muscle_Skeletal,ATP2A1,9.20441e-06,0.0862853
chr16_28605807_T_C_b38,SULT1A1,3_prime_UTR_variant,Muscle_Skeletal,ATP2A1-AS1,6.43809e-20,-0.327179
chr16_28605807_T_C_b38,SULT1A1,3_prime_UTR_variant,Muscle_Skeletal,NFATC2IP,5.22999e-05,0.115722
chr16_28605807_T_C_b38,SULT1A1,3_prime_UTR_variant,Muscle_Skeletal,LAT,2.81056e-05,0.150153
chr16_28605807_T_C_b38,SULT1A1,3_prime_UTR_variant,Adipose_Subcutaneous,SGF29,0.000108935,-0.104234
chr16_28605807_T_C_b38,SULT1A1,3_prime_UTR_variant,Adipose_Subcutaneous,SULT1A2,1.19227e-38,0.559983
chr16_28605807_T_C_b38,SULT1A1,3_prime_UTR_variant,Adipose_Subcutaneous,SULT1A1,1.65876e-07,-0.233977
chr16_28605807_T_C_b38,SULT1A1,3_prime_UTR_variant,Adipose_Subcutaneous,EIF3C,1.01288e-08,0.265433
chr16_28605807_T_C_b38,SULT1A1,3_prime_UTR_variant,Adipose_Subcutaneous,CDC37P1,1.02791e-32,0.636464
chr16_28605807_T_C_b38,SULT1A1,3_prime_UTR_variant,Adipose_Subcutaneous,RP11-1348G14.4,3.3901599999999994e-20,-0.489279
chr16_28605807_T_C_b38,SULT1A1,3_prime_UTR_variant,Adipose_Subcutaneous,TUFM,3.91293e-10,0.150423
chr16_28605807_T_C_b38,SULT1A1,3_prime_UTR_variant,Adipose_Subcutaneous,SH2B1,8.60905e-11,-0.144858
chr16_28605807_T_C_b38,SULT1A1,3_prime_UTR_variant,Adipose_Subcutaneous,NFATC2IP,0.000248921,0.114977
chr16_28605807_T_C_b38,SULT1A1,3_prime_UTR_variant,Adipose_Visceral_Omentum,SULT1A2,7.46745e-41,0.56951
chr16_28605807_T_C_b38,SULT1A1,3_prime_UTR_variant,Adipose_Visceral_Omentum,SULT1A1,6.77494e-10,-0.330641
chr16_28605807_T_C_b38,SULT1A1,3_prime_UTR_variant,Adipose_Visceral_Omentum,RP11-1348G14.4,6.42684e-12,-0.343242
chr16_28605807_T_C_b38,SULT1A1,3_prime_UTR_variant,Adipose_Visceral_Omentum,TUFM,2.68407e-06,0.0779404
chr16_28605807_T_C_b38,SULT1A1,3_prime_UTR_variant,Adipose_Visceral_Omentum,SH2B1,2.30738e-10,-0.12773
chr16_28605807_T_C_b38,SULT1A1,3_prime_UTR_variant,Pancreas,SGF29,1.70151e-07,-0.20767
chr16_28605807_T_C_b38,SULT1A1,3_prime_UTR_variant,Pancreas,SULT1A2,8.11741e-15,0.53632
chr16_28605807_T_C_b38,SULT1A1,3_prime_UTR_variant,Pancreas,SULT1A1,2.31146e-15,-0.468904
chr16_28605807_T_C_b38,SULT1A1,3_prime_UTR_variant,Pancreas,EIF3C,2.98571e-05,0.260834
chr16_28605807_T_C_b38,SULT1A1,3_prime_UTR_variant,Pancreas,CDC37P1,3.30146e-19,0.685803
chr16_28605807_T_C_b38,SULT1A1,3_prime_UTR_variant,Pancreas,RP11-1348G14.4,5.07427e-05,-0.286222
chr16_28605807_T_C_b38,SULT1A1,3_prime_UTR_variant,Pancreas,TUFM,7.84505e-13,0.333553
chr16_28605807_T_C_b38,SULT1A1,3_prime_UTR_variant,Liver,IL27,3.93411e-20,0.456936
chr16_28605807_T_C_b38,SULT1A1,3_prime_UTR_variant,Liver,CDC37P1,2.26035e-08,0.531707
chr16_28605807_T_C_b38,SULT1A1,3_prime_UTR_variant,Brain_Cortex,NPIPB7,1.74557e-10,-0.62767
chr16_28605807_T_C_b38,SULT1A1,3_prime_UTR_variant,Brain_Cortex,SULT1A2,4.87351e-13,0.738224
chr16_28605807_T_C_b38,SULT1A1,3_prime_UTR_variant,Brain_Cortex,SULT1A1,1.07324e-06,-0.460508
chr16_28605807_T_C_b38,SULT1A1,3_prime_UTR_variant,Brain_Cortex,NPIPB9,2.19862e-06,-0.502263
chr16_28605807_T_C_b38,SULT1A1,3_prime_UTR_variant,Whole_Blood,NPIPB7,1.16257e-18,-0.379285
chr16_28605807_T_C_b38,SULT1A1,3_prime_UTR_variant,Whole_Blood,CLN3,6.02833e-05,-0.0863146
chr16_28605807_T_C_b38,SULT1A1,3_prime_UTR_variant,Whole_Blood,IL27,4.30595e-05,0.10414
chr16_28605807_T_C_b38,SULT1A1,3_prime_UTR_variant,Whole_Blood,SGF29,9.32644e-10,-0.154047
chr16_28605807_T_C_b38,SULT1A1,3_prime_UTR_variant,Whole_Blood,SULT1A2,6.37793e-96,0.879801
chr16_28605807_T_C_b38,SULT1A1,3_prime_UTR_variant,Whole_Blood,SULT1A1,6.59995e-22,-0.323783
chr16_28605807_T_C_b38,SULT1A1,3_prime_UTR_variant,Whole_Blood,TUFM,2.11282e-57,0.420206
chr16_28605807_T_C_b38,SULT1A1,3_prime_UTR_variant,Whole_Blood,SPNS1,3.7093700000000003e-19,0.17592
chr16_28606274_A_G_b38,SULT1A1,missense_variant,Muscle_Skeletal,SGF29,1.3063e-11,-0.132407
chr16_28606274_A_G_b38,SULT1A1,missense_variant,Muscle_Skeletal,SULT1A2,1.24272e-58,0.763569
chr16_28606274_A_G_b38,SULT1A1,missense_variant,Muscle_Skeletal,SULT1A1,4.08024e-13,-0.259807
chr16_28606274_A_G_b38,SULT1A1,missense_variant,Muscle_Skeletal,EIF3C,0.000121495,0.14942
chr16_28606274_A_G_b38,SULT1A1,missense_variant,Muscle_Skeletal,RP11-1348G14.4,4.07346e-09,-0.283649
chr16_28606274_A_G_b38,SULT1A1,missense_variant,Muscle_Skeletal,TUFM,8.61482e-07,0.0969124
chr16_28606274_A_G_b38,SULT1A1,missense_variant,Muscle_Skeletal,RP11-22P6.2,4.69521e-06,-0.225011
chr16_28606274_A_G_b38,SULT1A1,missense_variant,Muscle_Skeletal,ATP2A1,1.97585e-05,0.0836277
chr16_28606274_A_G_b38,SULT1A1,missense_variant,Muscle_Skeletal,ATP2A1-AS1,3.1747399999999995e-20,-0.331925
chr16_28606274_A_G_b38,SULT1A1,missense_variant,Muscle_Skeletal,NFATC2IP,2.94392e-06,0.134335
chr16_28606274_A_G_b38,SULT1A1,missense_variant,Muscle_Skeletal,LAT,8.81145e-05,0.141633
chr16_28606274_A_G_b38,SULT1A1,missense_variant,Adipose_Subcutaneous,NPIPB7,6.97936e-05,-0.241016
chr16_28606274_A_G_b38,SULT1A1,missense_variant,Adipose_Subcutaneous,SGF29,3.35855e-05,-0.112784
chr16_28606274_A_G_b38,SULT1A1,missense_variant,Adipose_Subcutaneous,SULT1A2,1.98731e-46,0.612601
chr16_28606274_A_G_b38,SULT1A1,missense_variant,Adipose_Subcutaneous,SULT1A1,2.25742e-06,-0.214167
chr16_28606274_A_G_b38,SULT1A1,missense_variant,Adipose_Subcutaneous,EIF3C,3.17225e-09,0.277029
chr16_28606274_A_G_b38,SULT1A1,missense_variant,Adipose_Subcutaneous,CDC37P1,1.00999e-39,0.701686
chr16_28606274_A_G_b38,SULT1A1,missense_variant,Adipose_Subcutaneous,RP11-1348G14.4,7.97478e-23,-0.525262
chr16_28606274_A_G_b38,SULT1A1,missense_variant,Adipose_Subcutaneous,TUFM,7.74831e-14,0.180131
chr16_28606274_A_G_b38,SULT1A1,missense_variant,Adipose_Subcutaneous,SH2B1,2.99504e-13,-0.163681
chr16_28606274_A_G_b38,SULT1A1,missense_variant,Adipose_Subcutaneous,NFATC2IP,0.000121994,0.121787
chr16_28606274_A_G_b38,SULT1A1,missense_variant,Adipose_Subcutaneous,RP11-426C22.5,0.000308362,0.153578
chr16_28606274_A_G_b38,SULT1A1,missense_variant,Adipose_Visceral_Omentum,SULT1A2,1.12731e-43,0.58015
chr16_28606274_A_G_b38,SULT1A1,missense_variant,Adipose_Visceral_Omentum,SULT1A1,3.46483e-11,-0.350588
chr16_28606274_A_G_b38,SULT1A1,missense_variant,Adipose_Visceral_Omentum,NPIPB9,2.33553e-07,-0.326344
chr16_28606274_A_G_b38,SULT1A1,missense_variant,Adipose_Visceral_Omentum,RP11-1348G14.4,9.62609e-12,-0.337521
chr16_28606274_A_G_b38,SULT1A1,missense_variant,Adipose_Visceral_Omentum,TUFM,8.86107e-08,0.0876774
chr16_28606274_A_G_b38,SULT1A1,missense_variant,Adipose_Visceral_Omentum,SH2B1,1.67428e-12,-0.140148
chr16_28606274_A_G_b38,SULT1A1,missense_variant,Pancreas,SGF29,3.41763e-08,-0.216574
chr16_28606274_A_G_b38,SULT1A1,missense_variant,Pancreas,SULT1A2,1.67348e-17,0.576109
chr16_28606274_A_G_b38,SULT1A1,missense_variant,Pancreas,SULT1A1,2.69834e-14,-0.448612
chr16_28606274_A_G_b38,SULT1A1,missense_variant,Pancreas,EIF3C,7.79128e-05,0.245126
chr16_28606274_A_G_b38,SULT1A1,missense_variant,Pancreas,CDC37P1,4.42657e-21,0.709246
chr16_28606274_A_G_b38,SULT1A1,missense_variant,Pancreas,RP11-1348G14.4,2.94984e-05,-0.292175
chr16_28606274_A_G_b38,SULT1A1,missense_variant,Pancreas,TUFM,1.15117e-14,0.353516
chr16_28606274_A_G_b38,SULT1A1,missense_variant,Liver,IL27,3.80193e-21,0.451921
chr16_28606274_A_G_b38,SULT1A1,missense_variant,Liver,CDC37P1,2.55385e-09,0.545778
chr16_28606274_A_G_b38,SULT1A1,missense_variant,Brain_Cortex,NPIPB7,2.16838e-14,-0.724329
chr16_28606274_A_G_b38,SULT1A1,missense_variant,Brain_Cortex,SULT1A2,1.03532e-14,0.772664
chr16_28606274_A_G_b38,SULT1A1,missense_variant,Brain_Cortex,SULT1A1,1.80051e-08,-0.519517
chr16_28606274_A_G_b38,SULT1A1,missense_variant,Brain_Cortex,NPIPB9,3.078e-08,-0.573831
chr16_28606274_A_G_b38,SULT1A1,missense_variant,Brain_Cortex,RP11-1348G14.4,1.34347e-05,-0.403316
chr16_28606274_A_G_b38,SULT1A1,missense_variant,Brain_Cortex,TUFM,1.18547e-05,0.182925
chr16_28606274_A_G_b38,SULT1A1,missense_variant,Brain_Cortex,LAT,3.04162e-05,0.251672
chr16_28606274_A_G_b38,SULT1A1,missense_variant,Whole_Blood,NPIPB6,7.39678e-06,0.208724
chr16_28606274_A_G_b38,SULT1A1,missense_variant,Whole_Blood,NPIPB7,1.68885e-23,-0.425404
chr16_28606274_A_G_b38,SULT1A1,missense_variant,Whole_Blood,CLN3,8.32463e-05,-0.0845957
chr16_28606274_A_G_b38,SULT1A1,missense_variant,Whole_Blood,IL27,4.94271e-06,0.115961
chr16_28606274_A_G_b38,SULT1A1,missense_variant,Whole_Blood,SGF29,3.60234e-11,-0.166001
chr16_28606274_A_G_b38,SULT1A1,missense_variant,Whole_Blood,SULT1A2,4.7325400000000003e-122,0.951494
chr16_28606274_A_G_b38,SULT1A1,missense_variant,Whole_Blood,SULT1A1,2.21324e-21,-0.319549
chr16_28606274_A_G_b38,SULT1A1,missense_variant,Whole_Blood,ATXN2L,7.3055e-05,-0.0601423
chr16_28606274_A_G_b38,SULT1A1,missense_variant,Whole_Blood,TUFM,2.25596e-72,0.460655
chr16_28606274_A_G_b38,SULT1A1,missense_variant,Whole_Blood,SH2B1,1.8603e-05,-0.0725298
chr16_28606274_A_G_b38,SULT1A1,missense_variant,Whole_Blood,ATP2A1,7.2492e-06,0.149308
chr16_28606274_A_G_b38,SULT1A1,missense_variant,Whole_Blood,SPNS1,5.38743e-22,0.188405
chr16_28606564_G_A_b38,SULT1A1,intron_variant,Muscle_Skeletal,SGF29,2.11232e-11,-0.131146
chr16_28606564_G_A_b38,SULT1A1,intron_variant,Muscle_Skeletal,SULT1A2,3.53028e-59,0.766868
chr16_28606564_G_A_b38,SULT1A1,intron_variant,Muscle_Skeletal,SULT1A1,2.88077e-12,-0.250639
chr16_28606564_G_A_b38,SULT1A1,intron_variant,Muscle_Skeletal,RP11-1348G14.4,3.56643e-09,-0.284806
chr16_28606564_G_A_b38,SULT1A1,intron_variant,Muscle_Skeletal,TUFM,1.32253e-06,0.09532
chr16_28606564_G_A_b38,SULT1A1,intron_variant,Muscle_Skeletal,RP11-22P6.2,6.13989e-06,-0.222379
chr16_28606564_G_A_b38,SULT1A1,intron_variant,Muscle_Skeletal,ATP2A1,1.40466e-05,0.0851237
chr16_28606564_G_A_b38,SULT1A1,intron_variant,Muscle_Skeletal,ATP2A1-AS1,1.18633e-19,-0.327262
chr16_28606564_G_A_b38,SULT1A1,intron_variant,Muscle_Skeletal,NFATC2IP,1.69684e-06,0.137553
chr16_28606564_G_A_b38,SULT1A1,intron_variant,Muscle_Skeletal,LAT,0.000209326,0.134059
chr16_28606564_G_A_b38,SULT1A1,intron_variant,Adipose_Subcutaneous,NPIPB7,8.89668e-05,-0.238326
chr16_28606564_G_A_b38,SULT1A1,intron_variant,Adipose_Subcutaneous,SGF29,3.34976e-05,-0.11317
chr16_28606564_G_A_b38,SULT1A1,intron_variant,Adipose_Subcutaneous,SULT1A2,3.22623e-45,0.607766
chr16_28606564_G_A_b38,SULT1A1,intron_variant,Adipose_Subcutaneous,SULT1A1,2.76023e-06,-0.213047
chr16_28606564_G_A_b38,SULT1A1,intron_variant,Adipose_Subcutaneous,EIF3C,6.92861e-09,0.272047
chr16_28606564_G_A_b38,SULT1A1,intron_variant,Adipose_Subcutaneous,CDC37P1,7.306329999999999e-39,0.697248
chr16_28606564_G_A_b38,SULT1A1,intron_variant,Adipose_Subcutaneous,RP11-1348G14.4,1.01264e-22,-0.525814
chr16_28606564_G_A_b38,SULT1A1,intron_variant,Adipose_Subcutaneous,TUFM,1.97152e-13,0.177886
chr16_28606564_G_A_b38,SULT1A1,intron_variant,Adipose_Subcutaneous,SH2B1,4.13026e-13,-0.16329
chr16_28606564_G_A_b38,SULT1A1,intron_variant,Adipose_Subcutaneous,NFATC2IP,9.89737e-05,0.123785
chr16_28606564_G_A_b38,SULT1A1,intron_variant,Adipose_Visceral_Omentum,SULT1A2,1.51534e-43,0.581066
chr16_28606564_G_A_b38,SULT1A1,intron_variant,Adipose_Visceral_Omentum,SULT1A1,9.70392e-11,-0.343825
chr16_28606564_G_A_b38,SULT1A1,intron_variant,Adipose_Visceral_Omentum,NPIPB9,2.56941e-07,-0.326156
chr16_28606564_G_A_b38,SULT1A1,intron_variant,Adipose_Visceral_Omentum,RP11-1348G14.4,5.42227e-12,-0.342299
chr16_28606564_G_A_b38,SULT1A1,intron_variant,Adipose_Visceral_Omentum,TUFM,2.91538e-08,0.0910504
chr16_28606564_G_A_b38,SULT1A1,intron_variant,Adipose_Visceral_Omentum,SH2B1,3.6449e-12,-0.138499
chr16_28606564_G_A_b38,SULT1A1,intron_variant,Pancreas,SGF29,1.12046e-07,-0.209337
chr16_28606564_G_A_b38,SULT1A1,intron_variant,Pancreas,SULT1A2,2.26241e-17,0.575807
chr16_28606564_G_A_b38,SULT1A1,intron_variant,Pancreas,SULT1A1,5.9485e-13,-0.42822
chr16_28606564_G_A_b38,SULT1A1,intron_variant,Pancreas,CDC37P1,6.7353199999999996e-21,0.708618
chr16_28606564_G_A_b38,SULT1A1,intron_variant,Pancreas,RP11-1348G14.4,2.41481e-05,-0.296129
chr16_28606564_G_A_b38,SULT1A1,intron_variant,Pancreas,TUFM,2.17927e-14,0.351258
chr16_28606564_G_A_b38,SULT1A1,intron_variant,Liver,IL27,4.62315e-21,0.452661
chr16_28606564_G_A_b38,SULT1A1,intron_variant,Liver,CDC37P1,1.63428e-09,0.553549
chr16_28606564_G_A_b38,SULT1A1,intron_variant,Brain_Cortex,NPIPB7,2.16838e-14,-0.724329
chr16_28606564_G_A_b38,SULT1A1,intron_variant,Brain_Cortex,SULT1A2,1.03532e-14,0.772664
chr16_28606564_G_A_b38,SULT1A1,intron_variant,Brain_Cortex,SULT1A1,1.80051e-08,-0.519517
chr16_28606564_G_A_b38,SULT1A1,intron_variant,Brain_Cortex,NPIPB9,3.078e-08,-0.573831
chr16_28606564_G_A_b38,SULT1A1,intron_variant,Brain_Cortex,RP11-1348G14.4,1.34347e-05,-0.403316
chr16_28606564_G_A_b38,SULT1A1,intron_variant,Brain_Cortex,TUFM,1.18547e-05,0.182925
chr16_28606564_G_A_b38,SULT1A1,intron_variant,Brain_Cortex,LAT,3.04162e-05,0.251672
chr16_28606564_G_A_b38,SULT1A1,intron_variant,Whole_Blood,NPIPB6,7.23519e-06,0.209213
chr16_28606564_G_A_b38,SULT1A1,intron_variant,Whole_Blood,NPIPB7,3.01976e-23,-0.423695
chr16_28606564_G_A_b38,SULT1A1,intron_variant,Whole_Blood,CLN3,8.76215e-05,-0.0844446
chr16_28606564_G_A_b38,SULT1A1,intron_variant,Whole_Blood,IL27,4.85957e-06,0.116202
chr16_28606564_G_A_b38,SULT1A1,intron_variant,Whole_Blood,SGF29,3.20953e-11,-0.166631
chr16_28606564_G_A_b38,SULT1A1,intron_variant,Whole_Blood,SULT1A2,4.2306899999999994e-123,0.95526
chr16_28606564_G_A_b38,SULT1A1,intron_variant,Whole_Blood,SULT1A1,2.0195199999999998e-21,-0.320265
chr16_28606564_G_A_b38,SULT1A1,intron_variant,Whole_Blood,ATXN2L,6.39007e-05,-0.0606976
chr16_28606564_G_A_b38,SULT1A1,intron_variant,Whole_Blood,TUFM,9.90439e-74,0.464577
chr16_28606564_G_A_b38,SULT1A1,intron_variant,Whole_Blood,SH2B1,2.02398e-05,-0.0723106
chr16_28606564_G_A_b38,SULT1A1,intron_variant,Whole_Blood,ATP2A1,9.3939e-06,0.147682
chr16_28606564_G_A_b38,SULT1A1,intron_variant,Whole_Blood,SPNS1,2.17446e-21,0.186037
chr16_28606567_C_T_b38,SULT1A1,intron_variant,Muscle_Skeletal,SGF29,2.11232e-11,-0.131146
chr16_28606567_C_T_b38,SULT1A1,intron_variant,Muscle_Skeletal,SULT1A2,3.53028e-59,0.766868
chr16_28606567_C_T_b38,SULT1A1,intron_variant,Muscle_Skeletal,SULT1A1,2.88077e-12,-0.250639
chr16_28606567_C_T_b38,SULT1A1,intron_variant,Muscle_Skeletal,RP11-1348G14.4,3.56643e-09,-0.284806
chr16_28606567_C_T_b38,SULT1A1,intron_variant,Muscle_Skeletal,TUFM,1.32253e-06,0.09532
chr16_28606567_C_T_b38,SULT1A1,intron_variant,Muscle_Skeletal,RP11-22P6.2,6.13989e-06,-0.222379
chr16_28606567_C_T_b38,SULT1A1,intron_variant,Muscle_Skeletal,ATP2A1,1.40466e-05,0.0851237
chr16_28606567_C_T_b38,SULT1A1,intron_variant,Muscle_Skeletal,ATP2A1-AS1,1.18633e-19,-0.327262
chr16_28606567_C_T_b38,SULT1A1,intron_variant,Muscle_Skeletal,NFATC2IP,1.69684e-06,0.137553
chr16_28606567_C_T_b38,SULT1A1,intron_variant,Muscle_Skeletal,LAT,0.000209326,0.134059
chr16_28606567_C_T_b38,SULT1A1,intron_variant,Adipose_Subcutaneous,NPIPB7,8.89668e-05,-0.238326
chr16_28606567_C_T_b38,SULT1A1,intron_variant,Adipose_Subcutaneous,SGF29,3.34976e-05,-0.11317
chr16_28606567_C_T_b38,SULT1A1,intron_variant,Adipose_Subcutaneous,SULT1A2,3.22623e-45,0.607766
chr16_28606567_C_T_b38,SULT1A1,intron_variant,Adipose_Subcutaneous,SULT1A1,2.76023e-06,-0.213047
chr16_28606567_C_T_b38,SULT1A1,intron_variant,Adipose_Subcutaneous,EIF3C,6.92861e-09,0.272047
chr16_28606567_C_T_b38,SULT1A1,intron_variant,Adipose_Subcutaneous,CDC37P1,7.306329999999999e-39,0.697248
chr16_28606567_C_T_b38,SULT1A1,intron_variant,Adipose_Subcutaneous,RP11-1348G14.4,1.01264e-22,-0.525814
chr16_28606567_C_T_b38,SULT1A1,intron_variant,Adipose_Subcutaneous,TUFM,1.97152e-13,0.177886
chr16_28606567_C_T_b38,SULT1A1,intron_variant,Adipose_Subcutaneous,SH2B1,4.13026e-13,-0.16329
chr16_28606567_C_T_b38,SULT1A1,intron_variant,Adipose_Subcutaneous,NFATC2IP,9.89737e-05,0.123785
chr16_28606567_C_T_b38,SULT1A1,intron_variant,Adipose_Visceral_Omentum,SULT1A2,1.51534e-43,0.581066
chr16_28606567_C_T_b38,SULT1A1,intron_variant,Adipose_Visceral_Omentum,SULT1A1,9.70392e-11,-0.343825
chr16_28606567_C_T_b38,SULT1A1,intron_variant,Adipose_Visceral_Omentum,NPIPB9,2.56941e-07,-0.326156
chr16_28606567_C_T_b38,SULT1A1,intron_variant,Adipose_Visceral_Omentum,RP11-1348G14.4,5.42227e-12,-0.342299
chr16_28606567_C_T_b38,SULT1A1,intron_variant,Adipose_Visceral_Omentum,TUFM,2.91538e-08,0.0910504
chr16_28606567_C_T_b38,SULT1A1,intron_variant,Adipose_Visceral_Omentum,SH2B1,3.6449e-12,-0.138499
chr16_28606567_C_T_b38,SULT1A1,intron_variant,Pancreas,SGF29,1.12046e-07,-0.209337
chr16_28606567_C_T_b38,SULT1A1,intron_variant,Pancreas,SULT1A2,2.26241e-17,0.575807
chr16_28606567_C_T_b38,SULT1A1,intron_variant,Pancreas,SULT1A1,5.9485e-13,-0.42822
chr16_28606567_C_T_b38,SULT1A1,intron_variant,Pancreas,CDC37P1,6.7353199999999996e-21,0.708618
chr16_28606567_C_T_b38,SULT1A1,intron_variant,Pancreas,RP11-1348G14.4,2.41481e-05,-0.296129
chr16_28606567_C_T_b38,SULT1A1,intron_variant,Pancreas,TUFM,2.17927e-14,0.351258
chr16_28606567_C_T_b38,SULT1A1,intron_variant,Liver,IL27,4.62315e-21,0.452661
chr16_28606567_C_T_b38,SULT1A1,intron_variant,Liver,CDC37P1,1.63428e-09,0.553549
chr16_28606567_C_T_b38,SULT1A1,intron_variant,Brain_Cortex,NPIPB7,2.16838e-14,-0.724329
chr16_28606567_C_T_b38,SULT1A1,intron_variant,Brain_Cortex,SULT1A2,1.03532e-14,0.772664
chr16_28606567_C_T_b38,SULT1A1,intron_variant,Brain_Cortex,SULT1A1,1.80051e-08,-0.519517
chr16_28606567_C_T_b38,SULT1A1,intron_variant,Brain_Cortex,NPIPB9,3.078e-08,-0.573831
chr16_28606567_C_T_b38,SULT1A1,intron_variant,Brain_Cortex,RP11-1348G14.4,1.34347e-05,-0.403316
chr16_28606567_C_T_b38,SULT1A1,intron_variant,Brain_Cortex,TUFM,1.18547e-05,0.182925
chr16_28606567_C_T_b38,SULT1A1,intron_variant,Brain_Cortex,LAT,3.04162e-05,0.251672
chr16_28606567_C_T_b38,SULT1A1,intron_variant,Whole_Blood,NPIPB6,7.23519e-06,0.209213
chr16_28606567_C_T_b38,SULT1A1,intron_variant,Whole_Blood,NPIPB7,3.01976e-23,-0.423695
chr16_28606567_C_T_b38,SULT1A1,intron_variant,Whole_Blood,CLN3,8.76215e-05,-0.0844446
chr16_28606567_C_T_b38,SULT1A1,intron_variant,Whole_Blood,IL27,4.85957e-06,0.116202
chr16_28606567_C_T_b38,SULT1A1,intron_variant,Whole_Blood,SGF29,3.20953e-11,-0.166631
chr16_28606567_C_T_b38,SULT1A1,intron_variant,Whole_Blood,SULT1A2,4.2306899999999994e-123,0.95526
chr16_28606567_C_T_b38,SULT1A1,intron_variant,Whole_Blood,SULT1A1,2.0195199999999998e-21,-0.320265
chr16_28606567_C_T_b38,SULT1A1,intron_variant,Whole_Blood,ATXN2L,6.39007e-05,-0.0606976
chr16_28606567_C_T_b38,SULT1A1,intron_variant,Whole_Blood,TUFM,9.90439e-74,0.464577
chr16_28606567_C_T_b38,SULT1A1,intron_variant,Whole_Blood,SH2B1,2.02398e-05,-0.0723106
chr16_28606567_C_T_b38,SULT1A1,intron_variant,Whole_Blood,ATP2A1,9.3939e-06,0.147682
chr16_28606567_C_T_b38,SULT1A1,intron_variant,Whole_Blood,SPNS1,2.17446e-21,0.186037
chr16_28606569_A_G_b38,SULT1A1,intron_variant,Muscle_Skeletal,SGF29,2.11232e-11,-0.131146
chr16_28606569_A_G_b38,SULT1A1,intron_variant,Muscle_Skeletal,SULT1A2,3.53028e-59,0.766868
chr16_28606569_A_G_b38,SULT1A1,intron_variant,Muscle_Skeletal,SULT1A1,2.88077e-12,-0.250639
chr16_28606569_A_G_b38,SULT1A1,intron_variant,Muscle_Skeletal,RP11-1348G14.4,3.56643e-09,-0.284806
chr16_28606569_A_G_b38,SULT1A1,intron_variant,Muscle_Skeletal,TUFM,1.32253e-06,0.09532
chr16_28606569_A_G_b38,SULT1A1,intron_variant,Muscle_Skeletal,RP11-22P6.2,6.13989e-06,-0.222379
chr16_28606569_A_G_b38,SULT1A1,intron_variant,Muscle_Skeletal,ATP2A1,1.40466e-05,0.0851237
chr16_28606569_A_G_b38,SULT1A1,intron_variant,Muscle_Skeletal,ATP2A1-AS1,1.18633e-19,-0.327262
chr16_28606569_A_G_b38,SULT1A1,intron_variant,Muscle_Skeletal,NFATC2IP,1.69684e-06,0.137553
chr16_28606569_A_G_b38,SULT1A1,intron_variant,Muscle_Skeletal,LAT,0.000209326,0.134059
chr16_28606569_A_G_b38,SULT1A1,intron_variant,Adipose_Subcutaneous,NPIPB7,8.89668e-05,-0.238326
chr16_28606569_A_G_b38,SULT1A1,intron_variant,Adipose_Subcutaneous,SGF29,3.34976e-05,-0.11317
chr16_28606569_A_G_b38,SULT1A1,intron_variant,Adipose_Subcutaneous,SULT1A2,3.22623e-45,0.607766
chr16_28606569_A_G_b38,SULT1A1,intron_variant,Adipose_Subcutaneous,SULT1A1,2.76023e-06,-0.213047
chr16_28606569_A_G_b38,SULT1A1,intron_variant,Adipose_Subcutaneous,EIF3C,6.92861e-09,0.272047
chr16_28606569_A_G_b38,SULT1A1,intron_variant,Adipose_Subcutaneous,CDC37P1,7.306329999999999e-39,0.697248
chr16_28606569_A_G_b38,SULT1A1,intron_variant,Adipose_Subcutaneous,RP11-1348G14.4,1.01264e-22,-0.525814
chr16_28606569_A_G_b38,SULT1A1,intron_variant,Adipose_Subcutaneous,TUFM,1.97152e-13,0.177886
chr16_28606569_A_G_b38,SULT1A1,intron_variant,Adipose_Subcutaneous,SH2B1,4.13026e-13,-0.16329
chr16_28606569_A_G_b38,SULT1A1,intron_variant,Adipose_Subcutaneous,NFATC2IP,9.89737e-05,0.123785
chr16_28606569_A_G_b38,SULT1A1,intron_variant,Adipose_Visceral_Omentum,SULT1A2,1.51534e-43,0.581066
chr16_28606569_A_G_b38,SULT1A1,intron_variant,Adipose_Visceral_Omentum,SULT1A1,9.70392e-11,-0.343825
chr16_28606569_A_G_b38,SULT1A1,intron_variant,Adipose_Visceral_Omentum,NPIPB9,2.56941e-07,-0.326156
chr16_28606569_A_G_b38,SULT1A1,intron_variant,Adipose_Visceral_Omentum,RP11-1348G14.4,5.42227e-12,-0.342299
chr16_28606569_A_G_b38,SULT1A1,intron_variant,Adipose_Visceral_Omentum,TUFM,2.91538e-08,0.0910504
chr16_28606569_A_G_b38,SULT1A1,intron_variant,Adipose_Visceral_Omentum,SH2B1,3.6449e-12,-0.138499
chr16_28606569_A_G_b38,SULT1A1,intron_variant,Pancreas,SGF29,1.12046e-07,-0.209337
chr16_28606569_A_G_b38,SULT1A1,intron_variant,Pancreas,SULT1A2,2.26241e-17,0.575807
chr16_28606569_A_G_b38,SULT1A1,intron_variant,Pancreas,SULT1A1,5.9485e-13,-0.42822
chr16_28606569_A_G_b38,SULT1A1,intron_variant,Pancreas,CDC37P1,6.7353199999999996e-21,0.708618
chr16_28606569_A_G_b38,SULT1A1,intron_variant,Pancreas,RP11-1348G14.4,2.41481e-05,-0.296129
chr16_28606569_A_G_b38,SULT1A1,intron_variant,Pancreas,TUFM,2.17927e-14,0.351258
chr16_28606569_A_G_b38,SULT1A1,intron_variant,Liver,IL27,4.62315e-21,0.452661
chr16_28606569_A_G_b38,SULT1A1,intron_variant,Liver,CDC37P1,1.63428e-09,0.553549
chr16_28606569_A_G_b38,SULT1A1,intron_variant,Brain_Cortex,NPIPB7,2.16838e-14,-0.724329
chr16_28606569_A_G_b38,SULT1A1,intron_variant,Brain_Cortex,SULT1A2,1.03532e-14,0.772664
chr16_28606569_A_G_b38,SULT1A1,intron_variant,Brain_Cortex,SULT1A1,1.80051e-08,-0.519517
chr16_28606569_A_G_b38,SULT1A1,intron_variant,Brain_Cortex,NPIPB9,3.078e-08,-0.573831
chr16_28606569_A_G_b38,SULT1A1,intron_variant,Brain_Cortex,RP11-1348G14.4,1.34347e-05,-0.403316
chr16_28606569_A_G_b38,SULT1A1,intron_variant,Brain_Cortex,TUFM,1.18547e-05,0.182925
chr16_28606569_A_G_b38,SULT1A1,intron_variant,Brain_Cortex,LAT,3.04162e-05,0.251672
chr16_28606569_A_G_b38,SULT1A1,intron_variant,Whole_Blood,NPIPB6,7.23519e-06,0.209213
chr16_28606569_A_G_b38,SULT1A1,intron_variant,Whole_Blood,NPIPB7,3.01976e-23,-0.423695
chr16_28606569_A_G_b38,SULT1A1,intron_variant,Whole_Blood,CLN3,8.76215e-05,-0.0844446
chr16_28606569_A_G_b38,SULT1A1,intron_variant,Whole_Blood,IL27,4.85957e-06,0.116202
chr16_28606569_A_G_b38,SULT1A1,intron_variant,Whole_Blood,SGF29,3.20953e-11,-0.166631
chr16_28606569_A_G_b38,SULT1A1,intron_variant,Whole_Blood,SULT1A2,4.2306899999999994e-123,0.95526
chr16_28606569_A_G_b38,SULT1A1,intron_variant,Whole_Blood,SULT1A1,2.0195199999999998e-21,-0.320265
chr16_28606569_A_G_b38,SULT1A1,intron_variant,Whole_Blood,ATXN2L,6.39007e-05,-0.0606976
chr16_28606569_A_G_b38,SULT1A1,intron_variant,Whole_Blood,TUFM,9.90439e-74,0.464577
chr16_28606569_A_G_b38,SULT1A1,intron_variant,Whole_Blood,SH2B1,2.02398e-05,-0.0723106
chr16_28606569_A_G_b38,SULT1A1,intron_variant,Whole_Blood,ATP2A1,9.3939e-06,0.147682
chr16_28606569_A_G_b38,SULT1A1,intron_variant,Whole_Blood,SPNS1,2.17446e-21,0.186037
chr16_28606650_T_C_b38,SULT1A1,intron_variant,Muscle_Skeletal,SGF29,2.11232e-11,-0.131146
chr16_28606650_T_C_b38,SULT1A1,intron_variant,Muscle_Skeletal,SULT1A2,3.53028e-59,0.766868
chr16_28606650_T_C_b38,SULT1A1,intron_variant,Muscle_Skeletal,SULT1A1,2.88077e-12,-0.250639
chr16_28606650_T_C_b38,SULT1A1,intron_variant,Muscle_Skeletal,RP11-1348G14.4,3.56643e-09,-0.284806
chr16_28606650_T_C_b38,SULT1A1,intron_variant,Muscle_Skeletal,TUFM,1.32253e-06,0.09532
chr16_28606650_T_C_b38,SULT1A1,intron_variant,Muscle_Skeletal,RP11-22P6.2,6.13989e-06,-0.222379
chr16_28606650_T_C_b38,SULT1A1,intron_variant,Muscle_Skeletal,ATP2A1,1.40466e-05,0.0851237
chr16_28606650_T_C_b38,SULT1A1,intron_variant,Muscle_Skeletal,ATP2A1-AS1,1.18633e-19,-0.327262
chr16_28606650_T_C_b38,SULT1A1,intron_variant,Muscle_Skeletal,NFATC2IP,1.69684e-06,0.137553
chr16_28606650_T_C_b38,SULT1A1,intron_variant,Muscle_Skeletal,LAT,0.000209326,0.134059
chr16_28606650_T_C_b38,SULT1A1,intron_variant,Adipose_Subcutaneous,NPIPB7,8.89668e-05,-0.238326
chr16_28606650_T_C_b38,SULT1A1,intron_variant,Adipose_Subcutaneous,SGF29,3.34976e-05,-0.11317
chr16_28606650_T_C_b38,SULT1A1,intron_variant,Adipose_Subcutaneous,SULT1A2,3.22623e-45,0.607766
chr16_28606650_T_C_b38,SULT1A1,intron_variant,Adipose_Subcutaneous,SULT1A1,2.76023e-06,-0.213047
chr16_28606650_T_C_b38,SULT1A1,intron_variant,Adipose_Subcutaneous,EIF3C,6.92861e-09,0.272047
chr16_28606650_T_C_b38,SULT1A1,intron_variant,Adipose_Subcutaneous,CDC37P1,7.306329999999999e-39,0.697248
chr16_28606650_T_C_b38,SULT1A1,intron_variant,Adipose_Subcutaneous,RP11-1348G14.4,1.01264e-22,-0.525814
chr16_28606650_T_C_b38,SULT1A1,intron_variant,Adipose_Subcutaneous,TUFM,1.97152e-13,0.177886
chr16_28606650_T_C_b38,SULT1A1,intron_variant,Adipose_Subcutaneous,SH2B1,4.13026e-13,-0.16329
chr16_28606650_T_C_b38,SULT1A1,intron_variant,Adipose_Subcutaneous,NFATC2IP,9.89737e-05,0.123785
chr16_28606650_T_C_b38,SULT1A1,intron_variant,Adipose_Visceral_Omentum,SULT1A2,1.51534e-43,0.581066
chr16_28606650_T_C_b38,SULT1A1,intron_variant,Adipose_Visceral_Omentum,SULT1A1,9.70392e-11,-0.343825
chr16_28606650_T_C_b38,SULT1A1,intron_variant,Adipose_Visceral_Omentum,NPIPB9,2.56941e-07,-0.326156
chr16_28606650_T_C_b38,SULT1A1,intron_variant,Adipose_Visceral_Omentum,RP11-1348G14.4,5.42227e-12,-0.342299
chr16_28606650_T_C_b38,SULT1A1,intron_variant,Adipose_Visceral_Omentum,TUFM,2.91538e-08,0.0910504
chr16_28606650_T_C_b38,SULT1A1,intron_variant,Adipose_Visceral_Omentum,SH2B1,3.6449e-12,-0.138499
chr16_28606650_T_C_b38,SULT1A1,intron_variant,Pancreas,SGF29,1.12046e-07,-0.209337
chr16_28606650_T_C_b38,SULT1A1,intron_variant,Pancreas,SULT1A2,2.26241e-17,0.575807
chr16_28606650_T_C_b38,SULT1A1,intron_variant,Pancreas,SULT1A1,5.9485e-13,-0.42822
chr16_28606650_T_C_b38,SULT1A1,intron_variant,Pancreas,CDC37P1,6.7353199999999996e-21,0.708618
chr16_28606650_T_C_b38,SULT1A1,intron_variant,Pancreas,RP11-1348G14.4,2.41481e-05,-0.296129
chr16_28606650_T_C_b38,SULT1A1,intron_variant,Pancreas,TUFM,2.17927e-14,0.351258
chr16_28606650_T_C_b38,SULT1A1,intron_variant,Liver,IL27,4.62315e-21,0.452661
chr16_28606650_T_C_b38,SULT1A1,intron_variant,Liver,CDC37P1,1.63428e-09,0.553549
chr16_28606650_T_C_b38,SULT1A1,intron_variant,Brain_Cortex,NPIPB7,2.16838e-14,-0.724329
chr16_28606650_T_C_b38,SULT1A1,intron_variant,Brain_Cortex,SULT1A2,1.03532e-14,0.772664
chr16_28606650_T_C_b38,SULT1A1,intron_variant,Brain_Cortex,SULT1A1,1.80051e-08,-0.519517
chr16_28606650_T_C_b38,SULT1A1,intron_variant,Brain_Cortex,NPIPB9,3.078e-08,-0.573831
chr16_28606650_T_C_b38,SULT1A1,intron_variant,Brain_Cortex,RP11-1348G14.4,1.34347e-05,-0.403316
chr16_28606650_T_C_b38,SULT1A1,intron_variant,Brain_Cortex,TUFM,1.18547e-05,0.182925
chr16_28606650_T_C_b38,SULT1A1,intron_variant,Brain_Cortex,LAT,3.04162e-05,0.251672
chr16_28606650_T_C_b38,SULT1A1,intron_variant,Whole_Blood,NPIPB6,7.23519e-06,0.209213
chr16_28606650_T_C_b38,SULT1A1,intron_variant,Whole_Blood,NPIPB7,3.01976e-23,-0.423695
chr16_28606650_T_C_b38,SULT1A1,intron_variant,Whole_Blood,CLN3,8.76215e-05,-0.0844446
chr16_28606650_T_C_b38,SULT1A1,intron_variant,Whole_Blood,IL27,4.85957e-06,0.116202
chr16_28606650_T_C_b38,SULT1A1,intron_variant,Whole_Blood,SGF29,3.20953e-11,-0.166631
chr16_28606650_T_C_b38,SULT1A1,intron_variant,Whole_Blood,SULT1A2,4.2306899999999994e-123,0.95526
chr16_28606650_T_C_b38,SULT1A1,intron_variant,Whole_Blood,SULT1A1,2.0195199999999998e-21,-0.320265
chr16_28606650_T_C_b38,SULT1A1,intron_variant,Whole_Blood,ATXN2L,6.39007e-05,-0.0606976
chr16_28606650_T_C_b38,SULT1A1,intron_variant,Whole_Blood,TUFM,9.90439e-74,0.464577
chr16_28606650_T_C_b38,SULT1A1,intron_variant,Whole_Blood,SH2B1,2.02398e-05,-0.0723106
chr16_28606650_T_C_b38,SULT1A1,intron_variant,Whole_Blood,ATP2A1,9.3939e-06,0.147682
chr16_28606650_T_C_b38,SULT1A1,intron_variant,Whole_Blood,SPNS1,2.17446e-21,0.186037
chr16_28606653_T_G_b38,SULT1A1,intron_variant,Muscle_Skeletal,SGF29,2.11232e-11,-0.131146
chr16_28606653_T_G_b38,SULT1A1,intron_variant,Muscle_Skeletal,SULT1A2,3.53028e-59,0.766868
chr16_28606653_T_G_b38,SULT1A1,intron_variant,Muscle_Skeletal,SULT1A1,2.88077e-12,-0.250639
chr16_28606653_T_G_b38,SULT1A1,intron_variant,Muscle_Skeletal,RP11-1348G14.4,3.56643e-09,-0.284806
chr16_28606653_T_G_b38,SULT1A1,intron_variant,Muscle_Skeletal,TUFM,1.32253e-06,0.09532
chr16_28606653_T_G_b38,SULT1A1,intron_variant,Muscle_Skeletal,RP11-22P6.2,6.13989e-06,-0.222379
chr16_28606653_T_G_b38,SULT1A1,intron_variant,Muscle_Skeletal,ATP2A1,1.40466e-05,0.0851237
chr16_28606653_T_G_b38,SULT1A1,intron_variant,Muscle_Skeletal,ATP2A1-AS1,1.18633e-19,-0.327262
chr16_28606653_T_G_b38,SULT1A1,intron_variant,Muscle_Skeletal,NFATC2IP,1.69684e-06,0.137553
chr16_28606653_T_G_b38,SULT1A1,intron_variant,Muscle_Skeletal,LAT,0.000209326,0.134059
chr16_28606653_T_G_b38,SULT1A1,intron_variant,Adipose_Subcutaneous,NPIPB7,8.89668e-05,-0.238326
chr16_28606653_T_G_b38,SULT1A1,intron_variant,Adipose_Subcutaneous,SGF29,3.34976e-05,-0.11317
chr16_28606653_T_G_b38,SULT1A1,intron_variant,Adipose_Subcutaneous,SULT1A2,3.22623e-45,0.607766
chr16_28606653_T_G_b38,SULT1A1,intron_variant,Adipose_Subcutaneous,SULT1A1,2.76023e-06,-0.213047
chr16_28606653_T_G_b38,SULT1A1,intron_variant,Adipose_Subcutaneous,EIF3C,6.92861e-09,0.272047
chr16_28606653_T_G_b38,SULT1A1,intron_variant,Adipose_Subcutaneous,CDC37P1,7.306329999999999e-39,0.697248
chr16_28606653_T_G_b38,SULT1A1,intron_variant,Adipose_Subcutaneous,RP11-1348G14.4,1.01264e-22,-0.525814
chr16_28606653_T_G_b38,SULT1A1,intron_variant,Adipose_Subcutaneous,TUFM,1.97152e-13,0.177886
chr16_28606653_T_G_b38,SULT1A1,intron_variant,Adipose_Subcutaneous,SH2B1,4.13026e-13,-0.16329
chr16_28606653_T_G_b38,SULT1A1,intron_variant,Adipose_Subcutaneous,NFATC2IP,9.89737e-05,0.123785
chr16_28606653_T_G_b38,SULT1A1,intron_variant,Adipose_Visceral_Omentum,SULT1A2,1.51534e-43,0.581066
chr16_28606653_T_G_b38,SULT1A1,intron_variant,Adipose_Visceral_Omentum,SULT1A1,9.70392e-11,-0.343825
chr16_28606653_T_G_b38,SULT1A1,intron_variant,Adipose_Visceral_Omentum,NPIPB9,2.56941e-07,-0.326156
chr16_28606653_T_G_b38,SULT1A1,intron_variant,Adipose_Visceral_Omentum,RP11-1348G14.4,5.42227e-12,-0.342299
chr16_28606653_T_G_b38,SULT1A1,intron_variant,Adipose_Visceral_Omentum,TUFM,2.91538e-08,0.0910504
chr16_28606653_T_G_b38,SULT1A1,intron_variant,Adipose_Visceral_Omentum,SH2B1,3.6449e-12,-0.138499
chr16_28606653_T_G_b38,SULT1A1,intron_variant,Pancreas,SGF29,1.12046e-07,-0.209337
chr16_28606653_T_G_b38,SULT1A1,intron_variant,Pancreas,SULT1A2,2.26241e-17,0.575807
chr16_28606653_T_G_b38,SULT1A1,intron_variant,Pancreas,SULT1A1,5.9485e-13,-0.42822
chr16_28606653_T_G_b38,SULT1A1,intron_variant,Pancreas,CDC37P1,6.7353199999999996e-21,0.708618
chr16_28606653_T_G_b38,SULT1A1,intron_variant,Pancreas,RP11-1348G14.4,2.41481e-05,-0.296129
chr16_28606653_T_G_b38,SULT1A1,intron_variant,Pancreas,TUFM,2.17927e-14,0.351258
chr16_28606653_T_G_b38,SULT1A1,intron_variant,Liver,IL27,4.62315e-21,0.452661
chr16_28606653_T_G_b38,SULT1A1,intron_variant,Liver,CDC37P1,1.63428e-09,0.553549
chr16_28606653_T_G_b38,SULT1A1,intron_variant,Brain_Cortex,NPIPB7,2.16838e-14,-0.724329
chr16_28606653_T_G_b38,SULT1A1,intron_variant,Brain_Cortex,SULT1A2,1.03532e-14,0.772664
chr16_28606653_T_G_b38,SULT1A1,intron_variant,Brain_Cortex,SULT1A1,1.80051e-08,-0.519517
chr16_28606653_T_G_b38,SULT1A1,intron_variant,Brain_Cortex,NPIPB9,3.078e-08,-0.573831
chr16_28606653_T_G_b38,SULT1A1,intron_variant,Brain_Cortex,RP11-1348G14.4,1.34347e-05,-0.403316
chr16_28606653_T_G_b38,SULT1A1,intron_variant,Brain_Cortex,TUFM,1.18547e-05,0.182925
chr16_28606653_T_G_b38,SULT1A1,intron_variant,Brain_Cortex,LAT,3.04162e-05,0.251672
chr16_28606653_T_G_b38,SULT1A1,intron_variant,Whole_Blood,NPIPB6,7.23519e-06,0.209213
chr16_28606653_T_G_b38,SULT1A1,intron_variant,Whole_Blood,NPIPB7,3.01976e-23,-0.423695
chr16_28606653_T_G_b38,SULT1A1,intron_variant,Whole_Blood,CLN3,8.76215e-05,-0.0844446
chr16_28606653_T_G_b38,SULT1A1,intron_variant,Whole_Blood,IL27,4.85957e-06,0.116202
chr16_28606653_T_G_b38,SULT1A1,intron_variant,Whole_Blood,SGF29,3.20953e-11,-0.166631
chr16_28606653_T_G_b38,SULT1A1,intron_variant,Whole_Blood,SULT1A2,4.2306899999999994e-123,0.95526
chr16_28606653_T_G_b38,SULT1A1,intron_variant,Whole_Blood,SULT1A1,2.0195199999999998e-21,-0.320265
chr16_28606653_T_G_b38,SULT1A1,intron_variant,Whole_Blood,ATXN2L,6.39007e-05,-0.0606976
chr16_28606653_T_G_b38,SULT1A1,intron_variant,Whole_Blood,TUFM,9.90439e-74,0.464577
chr16_28606653_T_G_b38,SULT1A1,intron_variant,Whole_Blood,SH2B1,2.02398e-05,-0.0723106
chr16_28606653_T_G_b38,SULT1A1,intron_variant,Whole_Blood,ATP2A1,9.3939e-06,0.147682
chr16_28606653_T_G_b38,SULT1A1,intron_variant,Whole_Blood,SPNS1,2.17446e-21,0.186037
chr16_28606672_C_A_b38,SULT1A1,intron_variant,Muscle_Skeletal,SGF29,4.07417e-11,-0.129136
chr16_28606672_C_A_b38,SULT1A1,intron_variant,Muscle_Skeletal,SULT1A2,3.54776e-59,0.765781
chr16_28606672_C_A_b38,SULT1A1,intron_variant,Muscle_Skeletal,SULT1A1,2.77745e-12,-0.250464
chr16_28606672_C_A_b38,SULT1A1,intron_variant,Muscle_Skeletal,RP11-1348G14.4,3.84808e-09,-0.283818
chr16_28606672_C_A_b38,SULT1A1,intron_variant,Muscle_Skeletal,TUFM,1.24471e-06,0.095419
chr16_28606672_C_A_b38,SULT1A1,intron_variant,Muscle_Skeletal,RP11-22P6.2,6.15486e-06,-0.222042
chr16_28606672_C_A_b38,SULT1A1,intron_variant,Muscle_Skeletal,ATP2A1,2.48339e-05,0.0825571
chr16_28606672_C_A_b38,SULT1A1,intron_variant,Muscle_Skeletal,ATP2A1-AS1,1.97545e-19,-0.324922
chr16_28606672_C_A_b38,SULT1A1,intron_variant,Muscle_Skeletal,NFATC2IP,2.79e-06,0.134516
chr16_28606672_C_A_b38,SULT1A1,intron_variant,Muscle_Skeletal,LAT,0.000262236,0.131818
chr16_28606672_C_A_b38,SULT1A1,intron_variant,Adipose_Subcutaneous,NPIPB7,6.57226e-05,-0.242408
chr16_28606672_C_A_b38,SULT1A1,intron_variant,Adipose_Subcutaneous,SGF29,7.55326e-05,-0.107952
chr16_28606672_C_A_b38,SULT1A1,intron_variant,Adipose_Subcutaneous,SULT1A2,2.3965199999999998e-45,0.607869
chr16_28606672_C_A_b38,SULT1A1,intron_variant,Adipose_Subcutaneous,SULT1A1,1.85352e-06,-0.216416
chr16_28606672_C_A_b38,SULT1A1,intron_variant,Adipose_Subcutaneous,EIF3C,1.04987e-08,0.268577
chr16_28606672_C_A_b38,SULT1A1,intron_variant,Adipose_Subcutaneous,CDC37P1,2.29989e-38,0.692565
chr16_28606672_C_A_b38,SULT1A1,intron_variant,Adipose_Subcutaneous,RP11-1348G14.4,2.48263e-22,-0.520838
chr16_28606672_C_A_b38,SULT1A1,intron_variant,Adipose_Subcutaneous,TUFM,2.72514e-13,0.176705
chr16_28606672_C_A_b38,SULT1A1,intron_variant,Adipose_Subcutaneous,SH2B1,4.63975e-13,-0.162783
chr16_28606672_C_A_b38,SULT1A1,intron_variant,Adipose_Subcutaneous,NFATC2IP,5.684e-05,0.127799
chr16_28606672_C_A_b38,SULT1A1,intron_variant,Adipose_Subcutaneous,RP11-426C22.5,0.000258815,0.155825
chr16_28606672_C_A_b38,SULT1A1,intron_variant,Adipose_Visceral_Omentum,SULT1A2,2.98047e-43,0.578977
chr16_28606672_C_A_b38,SULT1A1,intron_variant,Adipose_Visceral_Omentum,SULT1A1,7.22307e-11,-0.345769
chr16_28606672_C_A_b38,SULT1A1,intron_variant,Adipose_Visceral_Omentum,NPIPB9,1.68912e-07,-0.330651
chr16_28606672_C_A_b38,SULT1A1,intron_variant,Adipose_Visceral_Omentum,RP11-1348G14.4,7.61241e-12,-0.339745
chr16_28606672_C_A_b38,SULT1A1,intron_variant,Adipose_Visceral_Omentum,TUFM,4.10193e-08,0.090025
chr16_28606672_C_A_b38,SULT1A1,intron_variant,Adipose_Visceral_Omentum,SH2B1,4.16478e-12,-0.138028
chr16_28606672_C_A_b38,SULT1A1,intron_variant,Pancreas,SGF29,2.75942e-07,-0.201924
chr16_28606672_C_A_b38,SULT1A1,intron_variant,Pancreas,SULT1A2,1.21951e-17,0.57663
chr16_28606672_C_A_b38,SULT1A1,intron_variant,Pancreas,SULT1A1,6.22973e-13,-0.425401
chr16_28606672_C_A_b38,SULT1A1,intron_variant,Pancreas,CDC37P1,6.4627699999999994e-21,0.704779
chr16_28606672_C_A_b38,SULT1A1,intron_variant,Pancreas,RP11-1348G14.4,1.63627e-05,-0.300248
chr16_28606672_C_A_b38,SULT1A1,intron_variant,Pancreas,TUFM,1.80412e-14,0.350205
chr16_28606672_C_A_b38,SULT1A1,intron_variant,Liver,IL27,2.3646099999999998e-20,0.445345
chr16_28606672_C_A_b38,SULT1A1,intron_variant,Liver,CDC37P1,1.47309e-09,0.553728
chr16_28606672_C_A_b38,SULT1A1,intron_variant,Brain_Cortex,NPIPB7,2.16838e-14,-0.724329
chr16_28606672_C_A_b38,SULT1A1,intron_variant,Brain_Cortex,SULT1A2,1.03532e-14,0.772664
chr16_28606672_C_A_b38,SULT1A1,intron_variant,Brain_Cortex,SULT1A1,1.80051e-08,-0.519517
chr16_28606672_C_A_b38,SULT1A1,intron_variant,Brain_Cortex,NPIPB9,3.078e-08,-0.573831
chr16_28606672_C_A_b38,SULT1A1,intron_variant,Brain_Cortex,RP11-1348G14.4,1.34347e-05,-0.403316
chr16_28606672_C_A_b38,SULT1A1,intron_variant,Brain_Cortex,TUFM,1.18547e-05,0.182925
chr16_28606672_C_A_b38,SULT1A1,intron_variant,Brain_Cortex,LAT,3.04162e-05,0.251672
chr16_28606672_C_A_b38,SULT1A1,intron_variant,Whole_Blood,NPIPB6,5.78484e-06,0.211398
chr16_28606672_C_A_b38,SULT1A1,intron_variant,Whole_Blood,NPIPB7,2.24293e-23,-0.424876
chr16_28606672_C_A_b38,SULT1A1,intron_variant,Whole_Blood,CLN3,7.46641e-05,-0.085264
chr16_28606672_C_A_b38,SULT1A1,intron_variant,Whole_Blood,IL27,5.33659e-06,0.115716
chr16_28606672_C_A_b38,SULT1A1,intron_variant,Whole_Blood,SGF29,3.21294e-11,-0.166634
chr16_28606672_C_A_b38,SULT1A1,intron_variant,Whole_Blood,SULT1A2,8.58633e-122,0.952156
chr16_28606672_C_A_b38,SULT1A1,intron_variant,Whole_Blood,SULT1A1,9.19485e-22,-0.322824
chr16_28606672_C_A_b38,SULT1A1,intron_variant,Whole_Blood,ATXN2L,4.30516e-05,-0.0620861
chr16_28606672_C_A_b38,SULT1A1,intron_variant,Whole_Blood,TUFM,2.21194e-73,0.463751
chr16_28606672_C_A_b38,SULT1A1,intron_variant,Whole_Blood,SH2B1,2.53142e-05,-0.071474
chr16_28606672_C_A_b38,SULT1A1,intron_variant,Whole_Blood,ATP2A1,1.05511e-05,0.146865
chr16_28606672_C_A_b38,SULT1A1,intron_variant,Whole_Blood,SPNS1,1.3136999999999998e-21,0.186996
chr16_28606916_T_C_b38,SULT1A1,intron_variant,Muscle_Skeletal,SGF29,2.11232e-11,-0.131146
chr16_28606916_T_C_b38,SULT1A1,intron_variant,Muscle_Skeletal,SULT1A2,3.53028e-59,0.766868
chr16_28606916_T_C_b38,SULT1A1,intron_variant,Muscle_Skeletal,SULT1A1,2.88077e-12,-0.250639
chr16_28606916_T_C_b38,SULT1A1,intron_variant,Muscle_Skeletal,RP11-1348G14.4,3.56643e-09,-0.284806
chr16_28606916_T_C_b38,SULT1A1,intron_variant,Muscle_Skeletal,TUFM,1.32253e-06,0.09532
chr16_28606916_T_C_b38,SULT1A1,intron_variant,Muscle_Skeletal,RP11-22P6.2,6.13989e-06,-0.222379
chr16_28606916_T_C_b38,SULT1A1,intron_variant,Muscle_Skeletal,ATP2A1,1.40466e-05,0.0851237
chr16_28606916_T_C_b38,SULT1A1,intron_variant,Muscle_Skeletal,ATP2A1-AS1,1.18633e-19,-0.327262
chr16_28606916_T_C_b38,SULT1A1,intron_variant,Muscle_Skeletal,NFATC2IP,1.69684e-06,0.137553
chr16_28606916_T_C_b38,SULT1A1,intron_variant,Muscle_Skeletal,LAT,0.000209326,0.134059
chr16_28606916_T_C_b38,SULT1A1,intron_variant,Adipose_Subcutaneous,NPIPB7,8.89668e-05,-0.238326
chr16_28606916_T_C_b38,SULT1A1,intron_variant,Adipose_Subcutaneous,SGF29,3.34976e-05,-0.11317
chr16_28606916_T_C_b38,SULT1A1,intron_variant,Adipose_Subcutaneous,SULT1A2,3.22623e-45,0.607766
chr16_28606916_T_C_b38,SULT1A1,intron_variant,Adipose_Subcutaneous,SULT1A1,2.76023e-06,-0.213047
chr16_28606916_T_C_b38,SULT1A1,intron_variant,Adipose_Subcutaneous,EIF3C,6.92861e-09,0.272047
chr16_28606916_T_C_b38,SULT1A1,intron_variant,Adipose_Subcutaneous,CDC37P1,7.306329999999999e-39,0.697248
chr16_28606916_T_C_b38,SULT1A1,intron_variant,Adipose_Subcutaneous,RP11-1348G14.4,1.01264e-22,-0.525814
chr16_28606916_T_C_b38,SULT1A1,intron_variant,Adipose_Subcutaneous,TUFM,1.97152e-13,0.177886
chr16_28606916_T_C_b38,SULT1A1,intron_variant,Adipose_Subcutaneous,SH2B1,4.13026e-13,-0.16329
chr16_28606916_T_C_b38,SULT1A1,intron_variant,Adipose_Subcutaneous,NFATC2IP,9.89737e-05,0.123785
chr16_28606916_T_C_b38,SULT1A1,intron_variant,Adipose_Visceral_Omentum,SULT1A2,1.51534e-43,0.581066
chr16_28606916_T_C_b38,SULT1A1,intron_variant,Adipose_Visceral_Omentum,SULT1A1,9.70392e-11,-0.343825
chr16_28606916_T_C_b38,SULT1A1,intron_variant,Adipose_Visceral_Omentum,NPIPB9,2.56941e-07,-0.326156
chr16_28606916_T_C_b38,SULT1A1,intron_variant,Adipose_Visceral_Omentum,RP11-1348G14.4,5.42227e-12,-0.342299
chr16_28606916_T_C_b38,SULT1A1,intron_variant,Adipose_Visceral_Omentum,TUFM,2.91538e-08,0.0910504
chr16_28606916_T_C_b38,SULT1A1,intron_variant,Adipose_Visceral_Omentum,SH2B1,3.6449e-12,-0.138499
chr16_28606916_T_C_b38,SULT1A1,intron_variant,Pancreas,SGF29,1.12046e-07,-0.209337
chr16_28606916_T_C_b38,SULT1A1,intron_variant,Pancreas,SULT1A2,2.26241e-17,0.575807
chr16_28606916_T_C_b38,SULT1A1,intron_variant,Pancreas,SULT1A1,5.9485e-13,-0.42822
chr16_28606916_T_C_b38,SULT1A1,intron_variant,Pancreas,CDC37P1,6.7353199999999996e-21,0.708618
chr16_28606916_T_C_b38,SULT1A1,intron_variant,Pancreas,RP11-1348G14.4,2.41481e-05,-0.296129
chr16_28606916_T_C_b38,SULT1A1,intron_variant,Pancreas,TUFM,2.17927e-14,0.351258
chr16_28606916_T_C_b38,SULT1A1,intron_variant,Liver,IL27,4.62315e-21,0.452661
chr16_28606916_T_C_b38,SULT1A1,intron_variant,Liver,CDC37P1,1.63428e-09,0.553549
chr16_28606916_T_C_b38,SULT1A1,intron_variant,Brain_Cortex,NPIPB7,2.16838e-14,-0.724329
chr16_28606916_T_C_b38,SULT1A1,intron_variant,Brain_Cortex,SULT1A2,1.03532e-14,0.772664
chr16_28606916_T_C_b38,SULT1A1,intron_variant,Brain_Cortex,SULT1A1,1.80051e-08,-0.519517
chr16_28606916_T_C_b38,SULT1A1,intron_variant,Brain_Cortex,NPIPB9,3.078e-08,-0.573831
chr16_28606916_T_C_b38,SULT1A1,intron_variant,Brain_Cortex,RP11-1348G14.4,1.34347e-05,-0.403316
chr16_28606916_T_C_b38,SULT1A1,intron_variant,Brain_Cortex,TUFM,1.18547e-05,0.182925
chr16_28606916_T_C_b38,SULT1A1,intron_variant,Brain_Cortex,LAT,3.04162e-05,0.251672
chr16_28606916_T_C_b38,SULT1A1,intron_variant,Whole_Blood,NPIPB6,7.23519e-06,0.209213
chr16_28606916_T_C_b38,SULT1A1,intron_variant,Whole_Blood,NPIPB7,3.01976e-23,-0.423695
chr16_28606916_T_C_b38,SULT1A1,intron_variant,Whole_Blood,CLN3,8.76215e-05,-0.0844446
chr16_28606916_T_C_b38,SULT1A1,intron_variant,Whole_Blood,IL27,4.85957e-06,0.116202
chr16_28606916_T_C_b38,SULT1A1,intron_variant,Whole_Blood,SGF29,3.20953e-11,-0.166631
chr16_28606916_T_C_b38,SULT1A1,intron_variant,Whole_Blood,SULT1A2,4.2306899999999994e-123,0.95526
chr16_28606916_T_C_b38,SULT1A1,intron_variant,Whole_Blood,SULT1A1,2.0195199999999998e-21,-0.320265
chr16_28606916_T_C_b38,SULT1A1,intron_variant,Whole_Blood,ATXN2L,6.39007e-05,-0.0606976
chr16_28606916_T_C_b38,SULT1A1,intron_variant,Whole_Blood,TUFM,9.90439e-74,0.464577
chr16_28606916_T_C_b38,SULT1A1,intron_variant,Whole_Blood,SH2B1,2.02398e-05,-0.0723106
chr16_28606916_T_C_b38,SULT1A1,intron_variant,Whole_Blood,ATP2A1,9.3939e-06,0.147682
chr16_28606916_T_C_b38,SULT1A1,intron_variant,Whole_Blood,SPNS1,2.17446e-21,0.186037
chr16_28606917_A_G_b38,SULT1A1,intron_variant,Muscle_Skeletal,SMG1P2,8.58086e-06,0.643447
chr16_28607315_A_G_b38,SULT1A1,intron_variant,Muscle_Skeletal,SGF29,2.11232e-11,-0.131146
chr16_28607315_A_G_b38,SULT1A1,intron_variant,Muscle_Skeletal,SULT1A2,3.53028e-59,0.766868
chr16_28607315_A_G_b38,SULT1A1,intron_variant,Muscle_Skeletal,SULT1A1,2.88077e-12,-0.250639
chr16_28607315_A_G_b38,SULT1A1,intron_variant,Muscle_Skeletal,RP11-1348G14.4,3.56643e-09,-0.284806
chr16_28607315_A_G_b38,SULT1A1,intron_variant,Muscle_Skeletal,TUFM,1.32253e-06,0.09532
chr16_28607315_A_G_b38,SULT1A1,intron_variant,Muscle_Skeletal,RP11-22P6.2,6.13989e-06,-0.222379
chr16_28607315_A_G_b38,SULT1A1,intron_variant,Muscle_Skeletal,ATP2A1,1.40466e-05,0.0851237
chr16_28607315_A_G_b38,SULT1A1,intron_variant,Muscle_Skeletal,ATP2A1-AS1,1.18633e-19,-0.327262
chr16_28607315_A_G_b38,SULT1A1,intron_variant,Muscle_Skeletal,NFATC2IP,1.69684e-06,0.137553
chr16_28607315_A_G_b38,SULT1A1,intron_variant,Muscle_Skeletal,LAT,0.000209326,0.134059
chr16_28607315_A_G_b38,SULT1A1,intron_variant,Adipose_Subcutaneous,NPIPB7,8.89668e-05,-0.238326
chr16_28607315_A_G_b38,SULT1A1,intron_variant,Adipose_Subcutaneous,SGF29,3.34976e-05,-0.11317
chr16_28607315_A_G_b38,SULT1A1,intron_variant,Adipose_Subcutaneous,SULT1A2,3.22623e-45,0.607766
chr16_28607315_A_G_b38,SULT1A1,intron_variant,Adipose_Subcutaneous,SULT1A1,2.76023e-06,-0.213047
chr16_28607315_A_G_b38,SULT1A1,intron_variant,Adipose_Subcutaneous,EIF3C,6.92861e-09,0.272047
chr16_28607315_A_G_b38,SULT1A1,intron_variant,Adipose_Subcutaneous,CDC37P1,7.306329999999999e-39,0.697248
chr16_28607315_A_G_b38,SULT1A1,intron_variant,Adipose_Subcutaneous,RP11-1348G14.4,1.01264e-22,-0.525814
chr16_28607315_A_G_b38,SULT1A1,intron_variant,Adipose_Subcutaneous,TUFM,1.97152e-13,0.177886
chr16_28607315_A_G_b38,SULT1A1,intron_variant,Adipose_Subcutaneous,SH2B1,4.13026e-13,-0.16329
chr16_28607315_A_G_b38,SULT1A1,intron_variant,Adipose_Subcutaneous,NFATC2IP,9.89737e-05,0.123785
chr16_28607315_A_G_b38,SULT1A1,intron_variant,Adipose_Visceral_Omentum,SULT1A2,1.51534e-43,0.581066
chr16_28607315_A_G_b38,SULT1A1,intron_variant,Adipose_Visceral_Omentum,SULT1A1,9.70392e-11,-0.343825
chr16_28607315_A_G_b38,SULT1A1,intron_variant,Adipose_Visceral_Omentum,NPIPB9,2.56941e-07,-0.326156
chr16_28607315_A_G_b38,SULT1A1,intron_variant,Adipose_Visceral_Omentum,RP11-1348G14.4,5.42227e-12,-0.342299
chr16_28607315_A_G_b38,SULT1A1,intron_variant,Adipose_Visceral_Omentum,TUFM,2.91538e-08,0.0910504
chr16_28607315_A_G_b38,SULT1A1,intron_variant,Adipose_Visceral_Omentum,SH2B1,3.6449e-12,-0.138499
chr16_28607315_A_G_b38,SULT1A1,intron_variant,Pancreas,SGF29,1.12046e-07,-0.209337
chr16_28607315_A_G_b38,SULT1A1,intron_variant,Pancreas,SULT1A2,2.26241e-17,0.575807
chr16_28607315_A_G_b38,SULT1A1,intron_variant,Pancreas,SULT1A1,5.9485e-13,-0.42822
chr16_28607315_A_G_b38,SULT1A1,intron_variant,Pancreas,CDC37P1,6.7353199999999996e-21,0.708618
chr16_28607315_A_G_b38,SULT1A1,intron_variant,Pancreas,RP11-1348G14.4,2.41481e-05,-0.296129
chr16_28607315_A_G_b38,SULT1A1,intron_variant,Pancreas,TUFM,2.17927e-14,0.351258
chr16_28607315_A_G_b38,SULT1A1,intron_variant,Liver,IL27,4.62315e-21,0.452661
chr16_28607315_A_G_b38,SULT1A1,intron_variant,Liver,CDC37P1,1.63428e-09,0.553549
chr16_28607315_A_G_b38,SULT1A1,intron_variant,Brain_Cortex,NPIPB7,2.16838e-14,-0.724329
chr16_28607315_A_G_b38,SULT1A1,intron_variant,Brain_Cortex,SULT1A2,1.03532e-14,0.772664
chr16_28607315_A_G_b38,SULT1A1,intron_variant,Brain_Cortex,SULT1A1,1.80051e-08,-0.519517
chr16_28607315_A_G_b38,SULT1A1,intron_variant,Brain_Cortex,NPIPB9,3.078e-08,-0.573831
chr16_28607315_A_G_b38,SULT1A1,intron_variant,Brain_Cortex,RP11-1348G14.4,1.34347e-05,-0.403316
chr16_28607315_A_G_b38,SULT1A1,intron_variant,Brain_Cortex,TUFM,1.18547e-05,0.182925
chr16_28607315_A_G_b38,SULT1A1,intron_variant,Brain_Cortex,LAT,3.04162e-05,0.251672
chr16_28607315_A_G_b38,SULT1A1,intron_variant,Whole_Blood,NPIPB6,7.23519e-06,0.209213
chr16_28607315_A_G_b38,SULT1A1,intron_variant,Whole_Blood,NPIPB7,3.01976e-23,-0.423695
chr16_28607315_A_G_b38,SULT1A1,intron_variant,Whole_Blood,CLN3,8.76215e-05,-0.0844446
chr16_28607315_A_G_b38,SULT1A1,intron_variant,Whole_Blood,IL27,4.85957e-06,0.116202
chr16_28607315_A_G_b38,SULT1A1,intron_variant,Whole_Blood,SGF29,3.20953e-11,-0.166631
chr16_28607315_A_G_b38,SULT1A1,intron_variant,Whole_Blood,SULT1A2,4.2306899999999994e-123,0.95526
chr16_28607315_A_G_b38,SULT1A1,intron_variant,Whole_Blood,SULT1A1,2.0195199999999998e-21,-0.320265
chr16_28607315_A_G_b38,SULT1A1,intron_variant,Whole_Blood,ATXN2L,6.39007e-05,-0.0606976
chr16_28607315_A_G_b38,SULT1A1,intron_variant,Whole_Blood,TUFM,9.90439e-74,0.464577
chr16_28607315_A_G_b38,SULT1A1,intron_variant,Whole_Blood,SH2B1,2.02398e-05,-0.0723106
chr16_28607315_A_G_b38,SULT1A1,intron_variant,Whole_Blood,ATP2A1,9.3939e-06,0.147682
chr16_28607315_A_G_b38,SULT1A1,intron_variant,Whole_Blood,SPNS1,2.17446e-21,0.186037
chr16_28607811_T_C_b38,SULT1A1,intron_variant,Muscle_Skeletal,SGF29,4.44893e-11,-0.12891
chr16_28607811_T_C_b38,SULT1A1,intron_variant,Muscle_Skeletal,SULT1A2,7.06601e-59,0.764289
chr16_28607811_T_C_b38,SULT1A1,intron_variant,Muscle_Skeletal,SULT1A1,1.99339e-12,-0.252104
chr16_28607811_T_C_b38,SULT1A1,intron_variant,Muscle_Skeletal,RP11-1348G14.4,3.36166e-09,-0.284909
chr16_28607811_T_C_b38,SULT1A1,intron_variant,Muscle_Skeletal,TUFM,1.20583e-06,0.0955561
chr16_28607811_T_C_b38,SULT1A1,intron_variant,Muscle_Skeletal,RP11-22P6.2,4.90151e-06,-0.224396
chr16_28607811_T_C_b38,SULT1A1,intron_variant,Muscle_Skeletal,ATP2A1,1.81918e-05,0.083916
chr16_28607811_T_C_b38,SULT1A1,intron_variant,Muscle_Skeletal,ATP2A1-AS1,1.01534e-19,-0.327428
chr16_28607811_T_C_b38,SULT1A1,intron_variant,Muscle_Skeletal,NFATC2IP,1.64504e-06,0.137557
chr16_28607811_T_C_b38,SULT1A1,intron_variant,Muscle_Skeletal,LAT,0.00016804,0.135868
chr16_28607811_T_C_b38,SULT1A1,intron_variant,Adipose_Subcutaneous,NPIPB7,5.13013e-05,-0.245902
chr16_28607811_T_C_b38,SULT1A1,intron_variant,Adipose_Subcutaneous,SGF29,2.10842e-05,-0.115861
chr16_28607811_T_C_b38,SULT1A1,intron_variant,Adipose_Subcutaneous,SULT1A2,2.1785999999999999e-44,0.602372
chr16_28607811_T_C_b38,SULT1A1,intron_variant,Adipose_Subcutaneous,SULT1A1,1.52968e-06,-0.21813
chr16_28607811_T_C_b38,SULT1A1,intron_variant,Adipose_Subcutaneous,EIF3C,5.13154e-09,0.274047
chr16_28607811_T_C_b38,SULT1A1,intron_variant,Adipose_Subcutaneous,CDC37P1,4.40645e-38,0.69032
chr16_28607811_T_C_b38,SULT1A1,intron_variant,Adipose_Subcutaneous,RP11-1348G14.4,5.1374100000000004e-23,-0.528594
chr16_28607811_T_C_b38,SULT1A1,intron_variant,Adipose_Subcutaneous,TUFM,1.90178e-13,0.177814
chr16_28607811_T_C_b38,SULT1A1,intron_variant,Adipose_Subcutaneous,SH2B1,3.04392e-13,-0.164004
chr16_28607811_T_C_b38,SULT1A1,intron_variant,Adipose_Subcutaneous,NFATC2IP,7.91554e-05,0.125344
chr16_28607811_T_C_b38,SULT1A1,intron_variant,Adipose_Subcutaneous,RP11-426C22.5,0.000229727,0.157111
chr16_28607811_T_C_b38,SULT1A1,intron_variant,Adipose_Visceral_Omentum,SULT1A2,8.61965e-43,0.576561
chr16_28607811_T_C_b38,SULT1A1,intron_variant,Adipose_Visceral_Omentum,SULT1A1,3.36178e-11,-0.35155
chr16_28607811_T_C_b38,SULT1A1,intron_variant,Adipose_Visceral_Omentum,NPIPB9,2.14553e-07,-0.328
chr16_28607811_T_C_b38,SULT1A1,intron_variant,Adipose_Visceral_Omentum,RP11-1348G14.4,3.13981e-12,-0.345676
chr16_28607811_T_C_b38,SULT1A1,intron_variant,Adipose_Visceral_Omentum,TUFM,2.57507e-08,0.0913316
chr16_28607811_T_C_b38,SULT1A1,intron_variant,Adipose_Visceral_Omentum,SH2B1,4.61831e-12,-0.137779
chr16_28607811_T_C_b38,SULT1A1,intron_variant,Pancreas,SGF29,1.12046e-07,-0.209337
chr16_28607811_T_C_b38,SULT1A1,intron_variant,Pancreas,SULT1A2,2.26241e-17,0.575807
chr16_28607811_T_C_b38,SULT1A1,intron_variant,Pancreas,SULT1A1,5.9485e-13,-0.42822
chr16_28607811_T_C_b38,SULT1A1,intron_variant,Pancreas,CDC37P1,6.7353199999999996e-21,0.708618
chr16_28607811_T_C_b38,SULT1A1,intron_variant,Pancreas,RP11-1348G14.4,2.41481e-05,-0.296129
chr16_28607811_T_C_b38,SULT1A1,intron_variant,Pancreas,TUFM,2.17927e-14,0.351258
chr16_28607811_T_C_b38,SULT1A1,intron_variant,Liver,IL27,4.62315e-21,0.452661
chr16_28607811_T_C_b38,SULT1A1,intron_variant,Liver,CDC37P1,1.63428e-09,0.553549
chr16_28607811_T_C_b38,SULT1A1,intron_variant,Brain_Cortex,NPIPB7,3.13094e-14,-0.725204
chr16_28607811_T_C_b38,SULT1A1,intron_variant,Brain_Cortex,SULT1A2,6.52185e-15,0.782498
chr16_28607811_T_C_b38,SULT1A1,intron_variant,Brain_Cortex,SULT1A1,7.25373e-09,-0.535834
chr16_28607811_T_C_b38,SULT1A1,intron_variant,Brain_Cortex,NPIPB9,3.33592e-08,-0.576176
chr16_28607811_T_C_b38,SULT1A1,intron_variant,Brain_Cortex,RP11-1348G14.4,3.79262e-05,-0.3853
chr16_28607811_T_C_b38,SULT1A1,intron_variant,Brain_Cortex,TUFM,1.06813e-05,0.184997
chr16_28607811_T_C_b38,SULT1A1,intron_variant,Brain_Cortex,LAT,2.23435e-05,0.2573
chr16_28607811_T_C_b38,SULT1A1,intron_variant,Whole_Blood,NPIPB6,8.61351e-06,0.207796
chr16_28607811_T_C_b38,SULT1A1,intron_variant,Whole_Blood,NPIPB7,9.87717e-24,-0.428644
chr16_28607811_T_C_b38,SULT1A1,intron_variant,Whole_Blood,CLN3,0.00010779,-0.0834959
chr16_28607811_T_C_b38,SULT1A1,intron_variant,Whole_Blood,IL27,2.874e-06,0.119088
chr16_28607811_T_C_b38,SULT1A1,intron_variant,Whole_Blood,SGF29,3.48872e-11,-0.166568
chr16_28607811_T_C_b38,SULT1A1,intron_variant,Whole_Blood,SULT1A2,9.981099999999999e-124,0.958111
chr16_28607811_T_C_b38,SULT1A1,intron_variant,Whole_Blood,SULT1A1,9.70938e-22,-0.323091
chr16_28607811_T_C_b38,SULT1A1,intron_variant,Whole_Blood,ATXN2L,5.25003e-05,-0.0614778
chr16_28607811_T_C_b38,SULT1A1,intron_variant,Whole_Blood,TUFM,3.58386e-75,0.468702
chr16_28607811_T_C_b38,SULT1A1,intron_variant,Whole_Blood,SH2B1,1.98349e-05,-0.0724885
chr16_28607811_T_C_b38,SULT1A1,intron_variant,Whole_Blood,ATP2A1,1.09704e-05,0.146788
chr16_28607811_T_C_b38,SULT1A1,intron_variant,Whole_Blood,SPNS1,1.29701e-21,0.187276
chr16_28607858_A_G_b38,SULT1A1,intron_variant,Muscle_Skeletal,SGF29,3.37759e-11,-0.129468
chr16_28607858_A_G_b38,SULT1A1,intron_variant,Muscle_Skeletal,SULT1A2,5.93739e-59,0.76344
chr16_28607858_A_G_b38,SULT1A1,intron_variant,Muscle_Skeletal,SULT1A1,1.52763e-12,-0.252963
chr16_28607858_A_G_b38,SULT1A1,intron_variant,Muscle_Skeletal,RP11-1348G14.4,3.31886e-09,-0.284539
chr16_28607858_A_G_b38,SULT1A1,intron_variant,Muscle_Skeletal,TUFM,1.12281e-06,0.0956712
chr16_28607858_A_G_b38,SULT1A1,intron_variant,Muscle_Skeletal,RP11-22P6.2,4.69379e-06,-0.224465
chr16_28607858_A_G_b38,SULT1A1,intron_variant,Muscle_Skeletal,ATP2A1,1.0679e-05,0.0860297
chr16_28607858_A_G_b38,SULT1A1,intron_variant,Muscle_Skeletal,ATP2A1-AS1,3.67432e-20,-0.330587
chr16_28607858_A_G_b38,SULT1A1,intron_variant,Muscle_Skeletal,NFATC2IP,2.62575e-06,0.134667
chr16_28607858_A_G_b38,SULT1A1,intron_variant,Muscle_Skeletal,LAT,0.000222623,0.133115
chr16_28607858_A_G_b38,SULT1A1,intron_variant,Adipose_Subcutaneous,NPIPB7,5.13013e-05,-0.245902
chr16_28607858_A_G_b38,SULT1A1,intron_variant,Adipose_Subcutaneous,SGF29,2.10842e-05,-0.115861
chr16_28607858_A_G_b38,SULT1A1,intron_variant,Adipose_Subcutaneous,SULT1A2,2.1785999999999999e-44,0.602372
chr16_28607858_A_G_b38,SULT1A1,intron_variant,Adipose_Subcutaneous,SULT1A1,1.52968e-06,-0.21813
chr16_28607858_A_G_b38,SULT1A1,intron_variant,Adipose_Subcutaneous,EIF3C,5.13154e-09,0.274047
chr16_28607858_A_G_b38,SULT1A1,intron_variant,Adipose_Subcutaneous,CDC37P1,4.40645e-38,0.69032
chr16_28607858_A_G_b38,SULT1A1,intron_variant,Adipose_Subcutaneous,RP11-1348G14.4,5.1374100000000004e-23,-0.528594
chr16_28607858_A_G_b38,SULT1A1,intron_variant,Adipose_Subcutaneous,TUFM,1.90178e-13,0.177814
chr16_28607858_A_G_b38,SULT1A1,intron_variant,Adipose_Subcutaneous,SH2B1,3.04392e-13,-0.164004
chr16_28607858_A_G_b38,SULT1A1,intron_variant,Adipose_Subcutaneous,NFATC2IP,7.91554e-05,0.125344
chr16_28607858_A_G_b38,SULT1A1,intron_variant,Adipose_Subcutaneous,RP11-426C22.5,0.000229727,0.157111
chr16_28607858_A_G_b38,SULT1A1,intron_variant,Adipose_Visceral_Omentum,SULT1A2,1.50573e-42,0.574737
chr16_28607858_A_G_b38,SULT1A1,intron_variant,Adipose_Visceral_Omentum,SULT1A1,3.0206e-11,-0.352042
chr16_28607858_A_G_b38,SULT1A1,intron_variant,Adipose_Visceral_Omentum,NPIPB9,2.80675e-07,-0.324648
chr16_28607858_A_G_b38,SULT1A1,intron_variant,Adipose_Visceral_Omentum,RP11-1348G14.4,1.60041e-12,-0.349764
chr16_28607858_A_G_b38,SULT1A1,intron_variant,Adipose_Visceral_Omentum,TUFM,1.54869e-08,0.0926388
chr16_28607858_A_G_b38,SULT1A1,intron_variant,Adipose_Visceral_Omentum,SH2B1,6.37704e-12,-0.136802
chr16_28607858_A_G_b38,SULT1A1,intron_variant,Pancreas,SGF29,1.12046e-07,-0.209337
chr16_28607858_A_G_b38,SULT1A1,intron_variant,Pancreas,SULT1A2,2.26241e-17,0.575807
chr16_28607858_A_G_b38,SULT1A1,intron_variant,Pancreas,SULT1A1,5.9485e-13,-0.42822
chr16_28607858_A_G_b38,SULT1A1,intron_variant,Pancreas,CDC37P1,6.7353199999999996e-21,0.708618
chr16_28607858_A_G_b38,SULT1A1,intron_variant,Pancreas,RP11-1348G14.4,2.41481e-05,-0.296129
chr16_28607858_A_G_b38,SULT1A1,intron_variant,Pancreas,TUFM,2.17927e-14,0.351258
chr16_28607858_A_G_b38,SULT1A1,intron_variant,Liver,IL27,4.62315e-21,0.452661
chr16_28607858_A_G_b38,SULT1A1,intron_variant,Liver,CDC37P1,1.63428e-09,0.553549
chr16_28607858_A_G_b38,SULT1A1,intron_variant,Brain_Cortex,NPIPB7,7.04569e-15,-0.738374
chr16_28607858_A_G_b38,SULT1A1,intron_variant,Brain_Cortex,SULT1A2,1.29196e-14,0.773231
chr16_28607858_A_G_b38,SULT1A1,intron_variant,Brain_Cortex,SULT1A1,2.27854e-09,-0.550306
chr16_28607858_A_G_b38,SULT1A1,intron_variant,Brain_Cortex,NPIPB9,5.74809e-08,-0.565513
chr16_28607858_A_G_b38,SULT1A1,intron_variant,Brain_Cortex,RP11-1348G14.4,3.1388e-05,-0.388125
chr16_28607858_A_G_b38,SULT1A1,intron_variant,Brain_Cortex,TUFM,3.03329e-05,0.17531
chr16_28607858_A_G_b38,SULT1A1,intron_variant,Brain_Cortex,LAT,4.124e-05,0.248602
chr16_28607858_A_G_b38,SULT1A1,intron_variant,Whole_Blood,NPIPB6,5.88637e-06,0.211726
chr16_28607858_A_G_b38,SULT1A1,intron_variant,Whole_Blood,NPIPB7,1.7551e-23,-0.42683
chr16_28607858_A_G_b38,SULT1A1,intron_variant,Whole_Blood,CLN3,0.000120638,-0.0829906
chr16_28607858_A_G_b38,SULT1A1,intron_variant,Whole_Blood,IL27,3.56584e-06,0.118093
chr16_28607858_A_G_b38,SULT1A1,intron_variant,Whole_Blood,SGF29,4.05795e-11,-0.166188
chr16_28607858_A_G_b38,SULT1A1,intron_variant,Whole_Blood,SULT1A2,4.6109099999999996e-123,0.957457
chr16_28607858_A_G_b38,SULT1A1,intron_variant,Whole_Blood,SULT1A1,4.8866e-22,-0.325612
chr16_28607858_A_G_b38,SULT1A1,intron_variant,Whole_Blood,ATXN2L,4.73883e-05,-0.0618971
chr16_28607858_A_G_b38,SULT1A1,intron_variant,Whole_Blood,TUFM,8.36e-75,0.46828
chr16_28607858_A_G_b38,SULT1A1,intron_variant,Whole_Blood,SH2B1,1.36029e-05,-0.073956
chr16_28607858_A_G_b38,SULT1A1,intron_variant,Whole_Blood,ATP2A1,1.05002e-05,0.147244
chr16_28607858_A_G_b38,SULT1A1,intron_variant,Whole_Blood,SPNS1,4.80309e-22,0.189317
chr16_28607859_C_T_b38,SULT1A1,intron_variant,Muscle_Skeletal,SGF29,3.37759e-11,-0.129468
chr16_28607859_C_T_b38,SULT1A1,intron_variant,Muscle_Skeletal,SULT1A2,5.93739e-59,0.76344
chr16_28607859_C_T_b38,SULT1A1,intron_variant,Muscle_Skeletal,SULT1A1,1.52763e-12,-0.252963
chr16_28607859_C_T_b38,SULT1A1,intron_variant,Muscle_Skeletal,RP11-1348G14.4,3.31886e-09,-0.284539
chr16_28607859_C_T_b38,SULT1A1,intron_variant,Muscle_Skeletal,TUFM,1.12281e-06,0.0956712
chr16_28607859_C_T_b38,SULT1A1,intron_variant,Muscle_Skeletal,RP11-22P6.2,4.69379e-06,-0.224465
chr16_28607859_C_T_b38,SULT1A1,intron_variant,Muscle_Skeletal,ATP2A1,1.0679e-05,0.0860297
chr16_28607859_C_T_b38,SULT1A1,intron_variant,Muscle_Skeletal,ATP2A1-AS1,3.67432e-20,-0.330587
chr16_28607859_C_T_b38,SULT1A1,intron_variant,Muscle_Skeletal,NFATC2IP,2.62575e-06,0.134667
chr16_28607859_C_T_b38,SULT1A1,intron_variant,Muscle_Skeletal,LAT,0.000222623,0.133115
chr16_28607859_C_T_b38,SULT1A1,intron_variant,Adipose_Subcutaneous,NPIPB7,5.13013e-05,-0.245902
chr16_28607859_C_T_b38,SULT1A1,intron_variant,Adipose_Subcutaneous,SGF29,2.10842e-05,-0.115861
chr16_28607859_C_T_b38,SULT1A1,intron_variant,Adipose_Subcutaneous,SULT1A2,2.1785999999999999e-44,0.602372
chr16_28607859_C_T_b38,SULT1A1,intron_variant,Adipose_Subcutaneous,SULT1A1,1.52968e-06,-0.21813
chr16_28607859_C_T_b38,SULT1A1,intron_variant,Adipose_Subcutaneous,EIF3C,5.13154e-09,0.274047
chr16_28607859_C_T_b38,SULT1A1,intron_variant,Adipose_Subcutaneous,CDC37P1,4.40645e-38,0.69032
chr16_28607859_C_T_b38,SULT1A1,intron_variant,Adipose_Subcutaneous,RP11-1348G14.4,5.1374100000000004e-23,-0.528594
chr16_28607859_C_T_b38,SULT1A1,intron_variant,Adipose_Subcutaneous,TUFM,1.90178e-13,0.177814
chr16_28607859_C_T_b38,SULT1A1,intron_variant,Adipose_Subcutaneous,SH2B1,3.04392e-13,-0.164004
chr16_28607859_C_T_b38,SULT1A1,intron_variant,Adipose_Subcutaneous,NFATC2IP,7.91554e-05,0.125344
chr16_28607859_C_T_b38,SULT1A1,intron_variant,Adipose_Subcutaneous,RP11-426C22.5,0.000229727,0.157111
chr16_28607859_C_T_b38,SULT1A1,intron_variant,Adipose_Visceral_Omentum,SULT1A2,1.50573e-42,0.574737
chr16_28607859_C_T_b38,SULT1A1,intron_variant,Adipose_Visceral_Omentum,SULT1A1,3.0206e-11,-0.352042
chr16_28607859_C_T_b38,SULT1A1,intron_variant,Adipose_Visceral_Omentum,NPIPB9,2.80675e-07,-0.324648
chr16_28607859_C_T_b38,SULT1A1,intron_variant,Adipose_Visceral_Omentum,RP11-1348G14.4,1.60041e-12,-0.349764
chr16_28607859_C_T_b38,SULT1A1,intron_variant,Adipose_Visceral_Omentum,TUFM,1.54869e-08,0.0926388
chr16_28607859_C_T_b38,SULT1A1,intron_variant,Adipose_Visceral_Omentum,SH2B1,6.37704e-12,-0.136802
chr16_28607859_C_T_b38,SULT1A1,intron_variant,Pancreas,SGF29,1.12046e-07,-0.209337
chr16_28607859_C_T_b38,SULT1A1,intron_variant,Pancreas,SULT1A2,2.26241e-17,0.575807
chr16_28607859_C_T_b38,SULT1A1,intron_variant,Pancreas,SULT1A1,5.9485e-13,-0.42822
chr16_28607859_C_T_b38,SULT1A1,intron_variant,Pancreas,CDC37P1,6.7353199999999996e-21,0.708618
chr16_28607859_C_T_b38,SULT1A1,intron_variant,Pancreas,RP11-1348G14.4,2.41481e-05,-0.296129
chr16_28607859_C_T_b38,SULT1A1,intron_variant,Pancreas,TUFM,2.17927e-14,0.351258
chr16_28607859_C_T_b38,SULT1A1,intron_variant,Liver,IL27,4.62315e-21,0.452661
chr16_28607859_C_T_b38,SULT1A1,intron_variant,Liver,CDC37P1,1.63428e-09,0.553549
chr16_28607859_C_T_b38,SULT1A1,intron_variant,Brain_Cortex,NPIPB7,7.04569e-15,-0.738374
chr16_28607859_C_T_b38,SULT1A1,intron_variant,Brain_Cortex,SULT1A2,1.29196e-14,0.773231
chr16_28607859_C_T_b38,SULT1A1,intron_variant,Brain_Cortex,SULT1A1,2.27854e-09,-0.550306
chr16_28607859_C_T_b38,SULT1A1,intron_variant,Brain_Cortex,NPIPB9,5.74809e-08,-0.565513
chr16_28607859_C_T_b38,SULT1A1,intron_variant,Brain_Cortex,RP11-1348G14.4,3.1388e-05,-0.388125
chr16_28607859_C_T_b38,SULT1A1,intron_variant,Brain_Cortex,TUFM,3.03329e-05,0.17531
chr16_28607859_C_T_b38,SULT1A1,intron_variant,Brain_Cortex,LAT,4.124e-05,0.248602
chr16_28607859_C_T_b38,SULT1A1,intron_variant,Whole_Blood,NPIPB6,5.88637e-06,0.211726
chr16_28607859_C_T_b38,SULT1A1,intron_variant,Whole_Blood,NPIPB7,1.7551e-23,-0.42683
chr16_28607859_C_T_b38,SULT1A1,intron_variant,Whole_Blood,CLN3,0.000120638,-0.0829906
chr16_28607859_C_T_b38,SULT1A1,intron_variant,Whole_Blood,IL27,3.56584e-06,0.118093
chr16_28607859_C_T_b38,SULT1A1,intron_variant,Whole_Blood,SGF29,4.05795e-11,-0.166188
chr16_28607859_C_T_b38,SULT1A1,intron_variant,Whole_Blood,SULT1A2,4.6109099999999996e-123,0.957457
chr16_28607859_C_T_b38,SULT1A1,intron_variant,Whole_Blood,SULT1A1,4.8866e-22,-0.325612
chr16_28607859_C_T_b38,SULT1A1,intron_variant,Whole_Blood,ATXN2L,4.73883e-05,-0.0618971
chr16_28607859_C_T_b38,SULT1A1,intron_variant,Whole_Blood,TUFM,8.36e-75,0.46828
chr16_28607859_C_T_b38,SULT1A1,intron_variant,Whole_Blood,SH2B1,1.36029e-05,-0.073956
chr16_28607859_C_T_b38,SULT1A1,intron_variant,Whole_Blood,ATP2A1,1.05002e-05,0.147244
chr16_28607859_C_T_b38,SULT1A1,intron_variant,Whole_Blood,SPNS1,4.80309e-22,0.189317
chr16_28609479_C_G_b38,SULT1A1,5_prime_UTR_variant,Muscle_Skeletal,SGF29,5.15646e-08,0.102027
chr16_28609479_C_G_b38,SULT1A1,5_prime_UTR_variant,Muscle_Skeletal,SULT1A2,1.4432000000000001e-25,-0.497832
chr16_28609479_C_G_b38,SULT1A1,5_prime_UTR_variant,Muscle_Skeletal,SULT1A1,1.29402e-19,0.305368
chr16_28609479_C_G_b38,SULT1A1,5_prime_UTR_variant,Muscle_Skeletal,EIF3C,7.33275e-05,-0.146655
chr16_28609479_C_G_b38,SULT1A1,5_prime_UTR_variant,Muscle_Skeletal,RP11-22P6.2,2.12224e-06,0.221638
chr16_28609479_C_G_b38,SULT1A1,5_prime_UTR_variant,Muscle_Skeletal,ATP2A1-AS1,2.35177e-10,0.221038
chr16_28609479_C_G_b38,SULT1A1,5_prime_UTR_variant,Muscle_Skeletal,NFATC2IP,1.50382e-06,-0.131489
chr16_28609479_C_G_b38,SULT1A1,5_prime_UTR_variant,Adipose_Subcutaneous,SGF29,6.12791e-05,0.102544
chr16_28609479_C_G_b38,SULT1A1,5_prime_UTR_variant,Adipose_Subcutaneous,SULT1A2,9.90032e-15,-0.333573
chr16_28609479_C_G_b38,SULT1A1,5_prime_UTR_variant,Adipose_Subcutaneous,SULT1A1,1.12922e-08,0.241987
chr16_28609479_C_G_b38,SULT1A1,5_prime_UTR_variant,Adipose_Subcutaneous,EIF3C,4.1008e-07,-0.22379
chr16_28609479_C_G_b38,SULT1A1,5_prime_UTR_variant,Adipose_Subcutaneous,CDC37P1,3.55355e-12,-0.369157
chr16_28609479_C_G_b38,SULT1A1,5_prime_UTR_variant,Adipose_Subcutaneous,RP11-1348G14.4,1.5354e-05,0.225452
chr16_28609479_C_G_b38,SULT1A1,5_prime_UTR_variant,Adipose_Subcutaneous,TUFM,1.62036e-06,-0.110429
chr16_28609479_C_G_b38,SULT1A1,5_prime_UTR_variant,Adipose_Subcutaneous,SH2B1,2.61907e-05,0.0902559
chr16_28609479_C_G_b38,SULT1A1,5_prime_UTR_variant,Adipose_Visceral_Omentum,SULT1A2,5.79933e-14,-0.333354
chr16_28609479_C_G_b38,SULT1A1,5_prime_UTR_variant,Adipose_Visceral_Omentum,SULT1A1,2.17682e-12,0.362161
chr16_28609479_C_G_b38,SULT1A1,5_prime_UTR_variant,Pancreas,SGF29,1.08803e-07,0.213511
chr16_28609479_C_G_b38,SULT1A1,5_prime_UTR_variant,Pancreas,SULT1A2,4.14452e-07,-0.36635
chr16_28609479_C_G_b38,SULT1A1,5_prime_UTR_variant,Pancreas,SULT1A1,2.84551e-08,0.343284
chr16_28609479_C_G_b38,SULT1A1,5_prime_UTR_variant,Pancreas,CDC37P1,1.60345e-06,-0.393311
chr16_28609479_C_G_b38,SULT1A1,5_prime_UTR_variant,Liver,IL27,5.47876e-10,-0.29439
chr16_28609479_C_G_b38,SULT1A1,5_prime_UTR_variant,Brain_Cortex,NPIPB7,3.59276e-07,0.455505
chr16_28609479_C_G_b38,SULT1A1,5_prime_UTR_variant,Brain_Cortex,SULT1A2,7.10908e-13,-0.653365
chr16_28609479_C_G_b38,SULT1A1,5_prime_UTR_variant,Brain_Cortex,SULT1A1,1.33043e-08,0.471724
chr16_28609479_C_G_b38,SULT1A1,5_prime_UTR_variant,Brain_Cortex,TUFM,5.36234e-05,-0.15255
chr16_28609479_C_G_b38,SULT1A1,5_prime_UTR_variant,Whole_Blood,NPIPB7,1.42917e-11,0.292814
chr16_28609479_C_G_b38,SULT1A1,5_prime_UTR_variant,Whole_Blood,CLN3,4.52409e-05,0.0872718
chr16_28609479_C_G_b38,SULT1A1,5_prime_UTR_variant,Whole_Blood,SGF29,2.72457e-10,0.157902
chr16_28609479_C_G_b38,SULT1A1,5_prime_UTR_variant,Whole_Blood,SULT1A2,8.554150000000001e-44,-0.640194
chr16_28609479_C_G_b38,SULT1A1,5_prime_UTR_variant,Whole_Blood,SULT1A1,5.26971e-17,0.283125
chr16_28609479_C_G_b38,SULT1A1,5_prime_UTR_variant,Whole_Blood,TUFM,1.7715e-21,-0.265915
chr16_28609479_C_G_b38,SULT1A1,5_prime_UTR_variant,Whole_Blood,SPNS1,1.15739e-07,-0.10591
chr16_28609990_T_C_b38,SULT1A1,5_prime_UTR_variant,Muscle_Skeletal,SGF29,1.47403e-12,-0.143539
chr16_28609990_T_C_b38,SULT1A1,5_prime_UTR_variant,Muscle_Skeletal,SULT1A2,3.06688e-15,0.417506
chr16_28609990_T_C_b38,SULT1A1,5_prime_UTR_variant,Muscle_Skeletal,SULT1A1,8.14621e-08,-0.201391
chr16_28609990_T_C_b38,SULT1A1,5_prime_UTR_variant,Muscle_Skeletal,ATP2A1-AS1,5.93052e-07,-0.19122
chr16_28609990_T_C_b38,SULT1A1,5_prime_UTR_variant,Muscle_Skeletal,NFATC2IP,5.61724e-05,0.120478
chr16_28609990_T_C_b38,SULT1A1,5_prime_UTR_variant,Adipose_Subcutaneous,SGF29,6.1712e-09,-0.161318
chr16_28609990_T_C_b38,SULT1A1,5_prime_UTR_variant,Adipose_Subcutaneous,SULT1A2,1.17986e-12,0.336669
chr16_28609990_T_C_b38,SULT1A1,5_prime_UTR_variant,Adipose_Subcutaneous,CDC37P1,4.79856e-10,0.3633
chr16_28609990_T_C_b38,SULT1A1,5_prime_UTR_variant,Adipose_Subcutaneous,RP11-1348G14.4,0.000125761,-0.219215
chr16_28609990_T_C_b38,SULT1A1,5_prime_UTR_variant,Adipose_Subcutaneous,TUFM,1.1041e-08,0.14329
chr16_28609990_T_C_b38,SULT1A1,5_prime_UTR_variant,Adipose_Subcutaneous,SH2B1,8.09165e-06,-0.104713
chr16_28609990_T_C_b38,SULT1A1,5_prime_UTR_variant,Adipose_Visceral_Omentum,SULT1A2,1.86227e-05,0.211823
chr16_28609990_T_C_b38,SULT1A1,5_prime_UTR_variant,Pancreas,SGF29,4.74047e-09,-0.242584
chr16_28609990_T_C_b38,SULT1A1,5_prime_UTR_variant,Pancreas,SULT1A1,1.15294e-10,-0.408917
chr16_28609990_T_C_b38,SULT1A1,5_prime_UTR_variant,Liver,IL27,1.87299e-08,0.294826
chr16_28609990_T_C_b38,SULT1A1,5_prime_UTR_variant,Brain_Cortex,NPIPB7,3.35022e-07,-0.538046
chr16_28609990_T_C_b38,SULT1A1,5_prime_UTR_variant,Whole_Blood,NPIPB7,2.9762e-10,-0.299603
chr16_28609990_T_C_b38,SULT1A1,5_prime_UTR_variant,Whole_Blood,CLN3,1.10553e-05,-0.102805
chr16_28609990_T_C_b38,SULT1A1,5_prime_UTR_variant,Whole_Blood,SGF29,5.49507e-15,-0.212039
chr16_28609990_T_C_b38,SULT1A1,5_prime_UTR_variant,Whole_Blood,SULT1A2,1.1839100000000001e-32,0.613049
chr16_28609990_T_C_b38,SULT1A1,5_prime_UTR_variant,Whole_Blood,SULT1A1,0.00016854,-0.142344
chr16_28609990_T_C_b38,SULT1A1,5_prime_UTR_variant,Whole_Blood,TUFM,2.47729e-18,0.268587
chr16_28609990_T_C_b38,SULT1A1,5_prime_UTR_variant,Whole_Blood,SPNS1,1.86359e-07,0.114033
chr16_28615683_T_C_b38,,non_coding_transcript_exon_variant,Muscle_Skeletal,SGF29,3.95696e-09,0.110661
chr16_28615683_T_C_b38,,non_coding_transcript_exon_variant,Muscle_Skeletal,SULT1A2,1.42136e-44,-0.649152
chr16_28615683_T_C_b38,,non_coding_transcript_exon_variant,Muscle_Skeletal,SULT1A1,2.96306e-12,0.239582
chr16_28615683_T_C_b38,,non_coding_transcript_exon_variant,Muscle_Skeletal,EIF3C,3.79719e-05,-0.15312
chr16_28615683_T_C_b38,,non_coding_transcript_exon_variant,Muscle_Skeletal,RP11-1348G14.4,4.69938e-11,0.302632
chr16_28615683_T_C_b38,,non_coding_transcript_exon_variant,Muscle_Skeletal,TUFM,0.000138309,-0.07209
chr16_28615683_T_C_b38,,non_coding_transcript_exon_variant,Muscle_Skeletal,RP11-22P6.2,8.71851e-05,0.184932
chr16_28615683_T_C_b38,,non_coding_transcript_exon_variant,Muscle_Skeletal,ATP2A1,2.34188e-05,-0.0793134
chr16_28615683_T_C_b38,,non_coding_transcript_exon_variant,Muscle_Skeletal,ATP2A1-AS1,3.5761699999999996e-21,0.325034
chr16_28615683_T_C_b38,,non_coding_transcript_exon_variant,Muscle_Skeletal,NFATC2IP,0.000241839,-0.101263
chr16_28615683_T_C_b38,,non_coding_transcript_exon_variant,Muscle_Skeletal,LAT,1.48379e-05,-0.149487
chr16_28615683_T_C_b38,,non_coding_transcript_exon_variant,Adipose_Subcutaneous,SGF29,6.87406e-06,0.116872
chr16_28615683_T_C_b38,,non_coding_transcript_exon_variant,Adipose_Subcutaneous,SULT1A2,1.79463e-34,-0.514624
chr16_28615683_T_C_b38,,non_coding_transcript_exon_variant,Adipose_Subcutaneous,SULT1A1,1.2654e-05,0.189542
chr16_28615683_T_C_b38,,non_coding_transcript_exon_variant,Adipose_Subcutaneous,EIF3C,4.9151e-10,-0.278041
chr16_28615683_T_C_b38,,non_coding_transcript_exon_variant,Adipose_Subcutaneous,CDC37P1,2.6318500000000003e-24,-0.535291
chr16_28615683_T_C_b38,,non_coding_transcript_exon_variant,Adipose_Subcutaneous,RP11-1348G14.4,1.58359e-22,0.49948
chr16_28615683_T_C_b38,,non_coding_transcript_exon_variant,Adipose_Subcutaneous,TUFM,1.41012e-15,-0.183462
chr16_28615683_T_C_b38,,non_coding_transcript_exon_variant,Adipose_Subcutaneous,SH2B1,7.42703e-11,0.140569
chr16_28615683_T_C_b38,,non_coding_transcript_exon_variant,Adipose_Subcutaneous,NFATC2IP,0.000136326,-0.115738
chr16_28615683_T_C_b38,,non_coding_transcript_exon_variant,Adipose_Subcutaneous,RP11-426C22.5,0.000225069,-0.150234
chr16_28615683_T_C_b38,,non_coding_transcript_exon_variant,Adipose_Visceral_Omentum,SULT1A2,2.93512e-26,-0.464825
chr16_28615683_T_C_b38,,non_coding_transcript_exon_variant,Adipose_Visceral_Omentum,RP11-1348G14.4,1.81645e-13,0.362826
chr16_28615683_T_C_b38,,non_coding_transcript_exon_variant,Adipose_Visceral_Omentum,TUFM,3.65032e-07,-0.0834759
chr16_28615683_T_C_b38,,non_coding_transcript_exon_variant,Adipose_Visceral_Omentum,SH2B1,1.37872e-08,0.113859
chr16_28615683_T_C_b38,,non_coding_transcript_exon_variant,Pancreas,SBK1,1.86528e-05,0.22252
chr16_28615683_T_C_b38,,non_coding_transcript_exon_variant,Pancreas,SGF29,5.91726e-08,0.211028
chr16_28615683_T_C_b38,,non_coding_transcript_exon_variant,Pancreas,SULT1A2,2.79128e-12,-0.47927
chr16_28615683_T_C_b38,,non_coding_transcript_exon_variant,Pancreas,SULT1A1,4.3843e-10,0.371147
chr16_28615683_T_C_b38,,non_coding_transcript_exon_variant,Pancreas,EIF3C,6.82273e-05,-0.244767
chr16_28615683_T_C_b38,,non_coding_transcript_exon_variant,Pancreas,CDC37P1,2.31292e-11,-0.520095
chr16_28615683_T_C_b38,,non_coding_transcript_exon_variant,Pancreas,RP11-1348G14.4,5.08209e-06,0.315069
chr16_28615683_T_C_b38,,non_coding_transcript_exon_variant,Pancreas,TUFM,6.93948e-22,-0.422756
chr16_28615683_T_C_b38,,non_coding_transcript_exon_variant,Liver,IL27,1.46619e-17,-0.399684
chr16_28615683_T_C_b38,,non_coding_transcript_exon_variant,Liver,CDC37P1,2.8018e-08,-0.490069
chr16_28615683_T_C_b38,,non_coding_transcript_exon_variant,Brain_Cortex,NPIPB7,7.75902e-11,0.590771
chr16_28615683_T_C_b38,,non_coding_transcript_exon_variant,Brain_Cortex,SULT1A2,1.19842e-11,-0.646726
chr16_28615683_T_C_b38,,non_coding_transcript_exon_variant,Brain_Cortex,SULT1A1,1.70155e-06,0.418759
chr16_28615683_T_C_b38,,non_coding_transcript_exon_variant,Brain_Cortex,NPIPB9,6.78061e-06,0.443334
chr16_28615683_T_C_b38,,non_coding_transcript_exon_variant,Brain_Cortex,RP11-1348G14.4,7.25282e-05,0.345753
chr16_28615683_T_C_b38,,non_coding_transcript_exon_variant,Brain_Cortex,TUFM,2.05158e-05,-0.166744
chr16_28615683_T_C_b38,,non_coding_transcript_exon_variant,Whole_Blood,NPIPB7,8.93852e-16,0.335407
chr16_28615683_T_C_b38,,non_coding_transcript_exon_variant,Whole_Blood,CLN3,0.000174051,0.0779794
chr16_28615683_T_C_b38,,non_coding_transcript_exon_variant,Whole_Blood,IL27,3.78271e-05,-0.101185
chr16_28615683_T_C_b38,,non_coding_transcript_exon_variant,Whole_Blood,SGF29,4.68178e-11,0.159391
chr16_28615683_T_C_b38,,non_coding_transcript_exon_variant,Whole_Blood,SULT1A2,5.44949e-83,-0.805726
chr16_28615683_T_C_b38,,non_coding_transcript_exon_variant,Whole_Blood,SULT1A1,5.9416e-09,0.193512
chr16_28615683_T_C_b38,,non_coding_transcript_exon_variant,Whole_Blood,EIF3C,6.64672e-05,-0.115299
chr16_28615683_T_C_b38,,non_coding_transcript_exon_variant,Whole_Blood,ATXN2L,1.18138e-05,0.0640592
chr16_28615683_T_C_b38,,non_coding_transcript_exon_variant,Whole_Blood,TUFM,2.50618e-69,-0.437438
chr16_28615683_T_C_b38,,non_coding_transcript_exon_variant,Whole_Blood,SPNS1,6.93815e-17,-0.159041
chr16_28615742_C_T_b38,,non_coding_transcript_exon_variant,Muscle_Skeletal,SGF29,3.95696e-09,0.110661
chr16_28615742_C_T_b38,,non_coding_transcript_exon_variant,Muscle_Skeletal,SULT1A2,1.42136e-44,-0.649152
chr16_28615742_C_T_b38,,non_coding_transcript_exon_variant,Muscle_Skeletal,SULT1A1,2.96306e-12,0.239582
chr16_28615742_C_T_b38,,non_coding_transcript_exon_variant,Muscle_Skeletal,EIF3C,3.79719e-05,-0.15312
chr16_28615742_C_T_b38,,non_coding_transcript_exon_variant,Muscle_Skeletal,RP11-1348G14.4,4.69938e-11,0.302632
chr16_28615742_C_T_b38,,non_coding_transcript_exon_variant,Muscle_Skeletal,TUFM,0.000138309,-0.07209
chr16_28615742_C_T_b38,,non_coding_transcript_exon_variant,Muscle_Skeletal,RP11-22P6.2,8.71851e-05,0.184932
chr16_28615742_C_T_b38,,non_coding_transcript_exon_variant,Muscle_Skeletal,ATP2A1,2.34188e-05,-0.0793134
chr16_28615742_C_T_b38,,non_coding_transcript_exon_variant,Muscle_Skeletal,ATP2A1-AS1,3.5761699999999996e-21,0.325034
chr16_28615742_C_T_b38,,non_coding_transcript_exon_variant,Muscle_Skeletal,NFATC2IP,0.000241839,-0.101263
chr16_28615742_C_T_b38,,non_coding_transcript_exon_variant,Muscle_Skeletal,LAT,1.48379e-05,-0.149487
chr16_28615742_C_T_b38,,non_coding_transcript_exon_variant,Adipose_Subcutaneous,SGF29,6.87406e-06,0.116872
chr16_28615742_C_T_b38,,non_coding_transcript_exon_variant,Adipose_Subcutaneous,SULT1A2,1.79463e-34,-0.514624
chr16_28615742_C_T_b38,,non_coding_transcript_exon_variant,Adipose_Subcutaneous,SULT1A1,1.2654e-05,0.189542
chr16_28615742_C_T_b38,,non_coding_transcript_exon_variant,Adipose_Subcutaneous,EIF3C,4.9151e-10,-0.278041
chr16_28615742_C_T_b38,,non_coding_transcript_exon_variant,Adipose_Subcutaneous,CDC37P1,2.6318500000000003e-24,-0.535291
chr16_28615742_C_T_b38,,non_coding_transcript_exon_variant,Adipose_Subcutaneous,RP11-1348G14.4,1.58359e-22,0.49948
chr16_28615742_C_T_b38,,non_coding_transcript_exon_variant,Adipose_Subcutaneous,TUFM,1.41012e-15,-0.183462
chr16_28615742_C_T_b38,,non_coding_transcript_exon_variant,Adipose_Subcutaneous,SH2B1,7.42703e-11,0.140569
chr16_28615742_C_T_b38,,non_coding_transcript_exon_variant,Adipose_Subcutaneous,NFATC2IP,0.000136326,-0.115738
chr16_28615742_C_T_b38,,non_coding_transcript_exon_variant,Adipose_Subcutaneous,RP11-426C22.5,0.000225069,-0.150234
chr16_28615742_C_T_b38,,non_coding_transcript_exon_variant,Adipose_Visceral_Omentum,SULT1A2,2.93512e-26,-0.464825
chr16_28615742_C_T_b38,,non_coding_transcript_exon_variant,Adipose_Visceral_Omentum,RP11-1348G14.4,1.81645e-13,0.362826
chr16_28615742_C_T_b38,,non_coding_transcript_exon_variant,Adipose_Visceral_Omentum,TUFM,3.65032e-07,-0.0834759
chr16_28615742_C_T_b38,,non_coding_transcript_exon_variant,Adipose_Visceral_Omentum,SH2B1,1.37872e-08,0.113859
chr16_28615742_C_T_b38,,non_coding_transcript_exon_variant,Pancreas,SBK1,1.86528e-05,0.22252
chr16_28615742_C_T_b38,,non_coding_transcript_exon_variant,Pancreas,SGF29,5.91726e-08,0.211028
chr16_28615742_C_T_b38,,non_coding_transcript_exon_variant,Pancreas,SULT1A2,2.79128e-12,-0.47927
chr16_28615742_C_T_b38,,non_coding_transcript_exon_variant,Pancreas,SULT1A1,4.3843e-10,0.371147
chr16_28615742_C_T_b38,,non_coding_transcript_exon_variant,Pancreas,EIF3C,6.82273e-05,-0.244767
chr16_28615742_C_T_b38,,non_coding_transcript_exon_variant,Pancreas,CDC37P1,2.31292e-11,-0.520095
chr16_28615742_C_T_b38,,non_coding_transcript_exon_variant,Pancreas,RP11-1348G14.4,5.08209e-06,0.315069
chr16_28615742_C_T_b38,,non_coding_transcript_exon_variant,Pancreas,TUFM,6.93948e-22,-0.422756
chr16_28615742_C_T_b38,,non_coding_transcript_exon_variant,Liver,IL27,1.46619e-17,-0.399684
chr16_28615742_C_T_b38,,non_coding_transcript_exon_variant,Liver,CDC37P1,2.8018e-08,-0.490069
chr16_28615742_C_T_b38,,non_coding_transcript_exon_variant,Brain_Cortex,NPIPB7,7.75902e-11,0.590771
chr16_28615742_C_T_b38,,non_coding_transcript_exon_variant,Brain_Cortex,SULT1A2,1.19842e-11,-0.646726
chr16_28615742_C_T_b38,,non_coding_transcript_exon_variant,Brain_Cortex,SULT1A1,1.70155e-06,0.418759
chr16_28615742_C_T_b38,,non_coding_transcript_exon_variant,Brain_Cortex,NPIPB9,6.78061e-06,0.443334
chr16_28615742_C_T_b38,,non_coding_transcript_exon_variant,Brain_Cortex,RP11-1348G14.4,7.25282e-05,0.345753
chr16_28615742_C_T_b38,,non_coding_transcript_exon_variant,Brain_Cortex,TUFM,2.05158e-05,-0.166744
chr16_28615742_C_T_b38,,non_coding_transcript_exon_variant,Whole_Blood,NPIPB7,8.93852e-16,0.335407
chr16_28615742_C_T_b38,,non_coding_transcript_exon_variant,Whole_Blood,CLN3,0.000174051,0.0779794
chr16_28615742_C_T_b38,,non_coding_transcript_exon_variant,Whole_Blood,IL27,3.78271e-05,-0.101185
chr16_28615742_C_T_b38,,non_coding_transcript_exon_variant,Whole_Blood,SGF29,4.68178e-11,0.159391
chr16_28615742_C_T_b38,,non_coding_transcript_exon_variant,Whole_Blood,SULT1A2,5.44949e-83,-0.805726
chr16_28615742_C_T_b38,,non_coding_transcript_exon_variant,Whole_Blood,SULT1A1,5.9416e-09,0.193512
chr16_28615742_C_T_b38,,non_coding_transcript_exon_variant,Whole_Blood,EIF3C,6.64672e-05,-0.115299
chr16_28615742_C_T_b38,,non_coding_transcript_exon_variant,Whole_Blood,ATXN2L,1.18138e-05,0.0640592
chr16_28615742_C_T_b38,,non_coding_transcript_exon_variant,Whole_Blood,TUFM,2.50618e-69,-0.437438
chr16_28615742_C_T_b38,,non_coding_transcript_exon_variant,Whole_Blood,SPNS1,6.93815e-17,-0.159041
chr16_28618867_T_C_b38,,intron_variant,Brain_Cortex,NUPR1,1.73627e-05,-0.604792
chr16_28618867_T_C_b38,,intron_variant,Whole_Blood,SH2B1,0.000155388,-0.174012
chr16_28618939_C_G_b38,,intron_variant,Brain_Cortex,NUPR1,1.73627e-05,-0.604792
chr16_28618939_C_G_b38,,intron_variant,Whole_Blood,SH2B1,0.000155388,-0.174012
chr16_28620039_A_T_b38,,intron_variant,Muscle_Skeletal,SGF29,4.11331e-09,0.110447
chr16_28620039_A_T_b38,,intron_variant,Muscle_Skeletal,SULT1A2,2.88881e-43,-0.640031
chr16_28620039_A_T_b38,,intron_variant,Muscle_Skeletal,SULT1A1,1.09868e-11,0.233207
chr16_28620039_A_T_b38,,intron_variant,Muscle_Skeletal,EIF3C,2.60316e-05,-0.156142
chr16_28620039_A_T_b38,,intron_variant,Muscle_Skeletal,RP11-1348G14.4,7.88991e-11,0.298924
chr16_28620039_A_T_b38,,intron_variant,Muscle_Skeletal,TUFM,0.000136154,-0.0720993
chr16_28620039_A_T_b38,,intron_variant,Muscle_Skeletal,RP11-22P6.2,7.84387e-05,0.18595
chr16_28620039_A_T_b38,,intron_variant,Muscle_Skeletal,ATP2A1,1.91715e-05,-0.0800714
chr16_28620039_A_T_b38,,intron_variant,Muscle_Skeletal,ATP2A1-AS1,7.16683e-21,0.322407
chr16_28620039_A_T_b38,,intron_variant,Muscle_Skeletal,NFATC2IP,0.00025722,-0.100743
chr16_28620039_A_T_b38,,intron_variant,Muscle_Skeletal,LAT,1.36243e-05,-0.149993
chr16_28620039_A_T_b38,,intron_variant,Adipose_Subcutaneous,SGF29,8.5257e-06,0.115721
chr16_28620039_A_T_b38,,intron_variant,Adipose_Subcutaneous,SULT1A2,5.7532900000000005e-34,-0.511282
chr16_28620039_A_T_b38,,intron_variant,Adipose_Subcutaneous,SULT1A1,1.97078e-05,0.185406
chr16_28620039_A_T_b38,,intron_variant,Adipose_Subcutaneous,EIF3C,6.58712e-10,-0.276109
chr16_28620039_A_T_b38,,intron_variant,Adipose_Subcutaneous,CDC37P1,2.6035900000000002e-24,-0.53544
chr16_28620039_A_T_b38,,intron_variant,Adipose_Subcutaneous,RP11-1348G14.4,6.6898e-23,0.503613
chr16_28620039_A_T_b38,,intron_variant,Adipose_Subcutaneous,TUFM,3.00561e-15,-0.181467
chr16_28620039_A_T_b38,,intron_variant,Adipose_Subcutaneous,SH2B1,1.15275e-10,0.13922
chr16_28620039_A_T_b38,,intron_variant,Adipose_Subcutaneous,NFATC2IP,0.000146579,-0.115223
chr16_28620039_A_T_b38,,intron_variant,Adipose_Subcutaneous,RP11-426C22.5,0.000259918,-0.148783
chr16_28620039_A_T_b38,,intron_variant,Adipose_Visceral_Omentum,SULT1A2,2.3831800000000002e-26,-0.465233
chr16_28620039_A_T_b38,,intron_variant,Adipose_Visceral_Omentum,RP11-1348G14.4,2.37877e-13,0.36091
chr16_28620039_A_T_b38,,intron_variant,Adipose_Visceral_Omentum,TUFM,7.37327e-07,-0.0812699
chr16_28620039_A_T_b38,,intron_variant,Adipose_Visceral_Omentum,SH2B1,2.58472e-08,0.111687
chr16_28620039_A_T_b38,,intron_variant,Pancreas,SBK1,1.86528e-05,0.22252
chr16_28620039_A_T_b38,,intron_variant,Pancreas,SGF29,5.91726e-08,0.211028
chr16_28620039_A_T_b38,,intron_variant,Pancreas,SULT1A2,2.79128e-12,-0.47927
chr16_28620039_A_T_b38,,intron_variant,Pancreas,SULT1A1,4.3843e-10,0.371147
chr16_28620039_A_T_b38,,intron_variant,Pancreas,EIF3C,6.82273e-05,-0.244767
chr16_28620039_A_T_b38,,intron_variant,Pancreas,CDC37P1,2.31292e-11,-0.520095
chr16_28620039_A_T_b38,,intron_variant,Pancreas,RP11-1348G14.4,5.08209e-06,0.315069
chr16_28620039_A_T_b38,,intron_variant,Pancreas,TUFM,6.93948e-22,-0.422756
chr16_28620039_A_T_b38,,intron_variant,Liver,IL27,1.46619e-17,-0.399684
chr16_28620039_A_T_b38,,intron_variant,Liver,CDC37P1,2.8018e-08,-0.490069
chr16_28620039_A_T_b38,,intron_variant,Brain_Cortex,NPIPB7,4.34562e-11,0.599217
chr16_28620039_A_T_b38,,intron_variant,Brain_Cortex,SULT1A2,3.13761e-11,-0.636732
chr16_28620039_A_T_b38,,intron_variant,Brain_Cortex,SULT1A1,3.24572e-06,0.409088
chr16_28620039_A_T_b38,,intron_variant,Brain_Cortex,NPIPB9,1.44454e-05,0.429275
chr16_28620039_A_T_b38,,intron_variant,Brain_Cortex,RP11-1348G14.4,7.19889e-05,0.346809
chr16_28620039_A_T_b38,,intron_variant,Brain_Cortex,TUFM,2.50775e-05,-0.165505
chr16_28620039_A_T_b38,,intron_variant,Whole_Blood,NPIPB7,1.51087e-15,0.332841
chr16_28620039_A_T_b38,,intron_variant,Whole_Blood,IL27,4.08154e-05,-0.100756
chr16_28620039_A_T_b38,,intron_variant,Whole_Blood,SGF29,4.46554e-11,0.159549
chr16_28620039_A_T_b38,,intron_variant,Whole_Blood,SULT1A2,3.91125e-83,-0.80621
chr16_28620039_A_T_b38,,intron_variant,Whole_Blood,SULT1A1,1.201e-08,0.189661
chr16_28620039_A_T_b38,,intron_variant,Whole_Blood,EIF3C,4.05639e-05,-0.118592
chr16_28620039_A_T_b38,,intron_variant,Whole_Blood,ATXN2L,1.07233e-05,0.0643596
chr16_28620039_A_T_b38,,intron_variant,Whole_Blood,TUFM,4.1215800000000003e-69,-0.436885
chr16_28620039_A_T_b38,,intron_variant,Whole_Blood,SPNS1,5.6723e-17,-0.159462
chr16_28620264_T_G_b38,,intron_variant,Muscle_Skeletal,SGF29,4.11331e-09,0.110447
chr16_28620264_T_G_b38,,intron_variant,Muscle_Skeletal,SULT1A2,2.88881e-43,-0.640031
chr16_28620264_T_G_b38,,intron_variant,Muscle_Skeletal,SULT1A1,1.09868e-11,0.233207
chr16_28620264_T_G_b38,,intron_variant,Muscle_Skeletal,EIF3C,2.60316e-05,-0.156142
chr16_28620264_T_G_b38,,intron_variant,Muscle_Skeletal,RP11-1348G14.4,7.88991e-11,0.298924
chr16_28620264_T_G_b38,,intron_variant,Muscle_Skeletal,TUFM,0.000136154,-0.0720993
chr16_28620264_T_G_b38,,intron_variant,Muscle_Skeletal,RP11-22P6.2,7.84387e-05,0.18595
chr16_28620264_T_G_b38,,intron_variant,Muscle_Skeletal,ATP2A1,1.91715e-05,-0.0800714
chr16_28620264_T_G_b38,,intron_variant,Muscle_Skeletal,ATP2A1-AS1,7.16683e-21,0.322407
chr16_28620264_T_G_b38,,intron_variant,Muscle_Skeletal,NFATC2IP,0.00025722,-0.100743
chr16_28620264_T_G_b38,,intron_variant,Muscle_Skeletal,LAT,1.36243e-05,-0.149993
chr16_28620264_T_G_b38,,intron_variant,Adipose_Subcutaneous,SGF29,8.5257e-06,0.115721
chr16_28620264_T_G_b38,,intron_variant,Adipose_Subcutaneous,SULT1A2,5.7532900000000005e-34,-0.511282
chr16_28620264_T_G_b38,,intron_variant,Adipose_Subcutaneous,SULT1A1,1.97078e-05,0.185406
chr16_28620264_T_G_b38,,intron_variant,Adipose_Subcutaneous,EIF3C,6.58712e-10,-0.276109
chr16_28620264_T_G_b38,,intron_variant,Adipose_Subcutaneous,CDC37P1,2.6035900000000002e-24,-0.53544
chr16_28620264_T_G_b38,,intron_variant,Adipose_Subcutaneous,RP11-1348G14.4,6.6898e-23,0.503613
chr16_28620264_T_G_b38,,intron_variant,Adipose_Subcutaneous,TUFM,3.00561e-15,-0.181467
chr16_28620264_T_G_b38,,intron_variant,Adipose_Subcutaneous,SH2B1,1.15275e-10,0.13922
chr16_28620264_T_G_b38,,intron_variant,Adipose_Subcutaneous,NFATC2IP,0.000146579,-0.115223
chr16_28620264_T_G_b38,,intron_variant,Adipose_Subcutaneous,RP11-426C22.5,0.000259918,-0.148783
chr16_28620264_T_G_b38,,intron_variant,Adipose_Visceral_Omentum,SULT1A2,2.3831800000000002e-26,-0.465233
chr16_28620264_T_G_b38,,intron_variant,Adipose_Visceral_Omentum,RP11-1348G14.4,2.37877e-13,0.36091
chr16_28620264_T_G_b38,,intron_variant,Adipose_Visceral_Omentum,TUFM,7.37327e-07,-0.0812699
chr16_28620264_T_G_b38,,intron_variant,Adipose_Visceral_Omentum,SH2B1,2.58472e-08,0.111687
chr16_28620264_T_G_b38,,intron_variant,Pancreas,SBK1,1.86528e-05,0.22252
chr16_28620264_T_G_b38,,intron_variant,Pancreas,SGF29,5.91726e-08,0.211028
chr16_28620264_T_G_b38,,intron_variant,Pancreas,SULT1A2,2.79128e-12,-0.47927
chr16_28620264_T_G_b38,,intron_variant,Pancreas,SULT1A1,4.3843e-10,0.371147
chr16_28620264_T_G_b38,,intron_variant,Pancreas,EIF3C,6.82273e-05,-0.244767
chr16_28620264_T_G_b38,,intron_variant,Pancreas,CDC37P1,2.31292e-11,-0.520095
chr16_28620264_T_G_b38,,intron_variant,Pancreas,RP11-1348G14.4,5.08209e-06,0.315069
chr16_28620264_T_G_b38,,intron_variant,Pancreas,TUFM,6.93948e-22,-0.422756
chr16_28620264_T_G_b38,,intron_variant,Liver,IL27,1.46619e-17,-0.399684
chr16_28620264_T_G_b38,,intron_variant,Liver,CDC37P1,2.8018e-08,-0.490069
chr16_28620264_T_G_b38,,intron_variant,Brain_Cortex,NPIPB7,4.34562e-11,0.599217
chr16_28620264_T_G_b38,,intron_variant,Brain_Cortex,SULT1A2,3.13761e-11,-0.636732
chr16_28620264_T_G_b38,,intron_variant,Brain_Cortex,SULT1A1,3.24572e-06,0.409088
chr16_28620264_T_G_b38,,intron_variant,Brain_Cortex,NPIPB9,1.44454e-05,0.429275
chr16_28620264_T_G_b38,,intron_variant,Brain_Cortex,RP11-1348G14.4,7.19889e-05,0.346809
chr16_28620264_T_G_b38,,intron_variant,Brain_Cortex,TUFM,2.50775e-05,-0.165505
chr16_28620264_T_G_b38,,intron_variant,Whole_Blood,NPIPB7,1.51087e-15,0.332841
chr16_28620264_T_G_b38,,intron_variant,Whole_Blood,IL27,4.08154e-05,-0.100756
chr16_28620264_T_G_b38,,intron_variant,Whole_Blood,SGF29,4.46554e-11,0.159549
chr16_28620264_T_G_b38,,intron_variant,Whole_Blood,SULT1A2,3.91125e-83,-0.80621
chr16_28620264_T_G_b38,,intron_variant,Whole_Blood,SULT1A1,1.201e-08,0.189661
chr16_28620264_T_G_b38,,intron_variant,Whole_Blood,EIF3C,4.05639e-05,-0.118592
chr16_28620264_T_G_b38,,intron_variant,Whole_Blood,ATXN2L,1.07233e-05,0.0643596
chr16_28620264_T_G_b38,,intron_variant,Whole_Blood,TUFM,4.1215800000000003e-69,-0.436885
chr16_28620264_T_G_b38,,intron_variant,Whole_Blood,SPNS1,5.6723e-17,-0.159462
chr16_28621180_C_T_b38,,intron_variant,Brain_Cortex,NUPR1,1.73627e-05,-0.604792
chr6_16239548_G_A_b38,GMPR,intron_variant,Pancreas,GMPR,2.2445e-05,-0.193932
chr6_16239548_G_A_b38,GMPR,intron_variant,Whole_Blood,RP3-467D16.3,2.03174e-06,0.162218
chr6_16244593_G_A_b38,GMPR,intron_variant,Adipose_Visceral_Omentum,RP1-13D10.2,3.65159e-08,-0.308805
chr6_16246553_C_G_b38,GMPR,intron_variant,Muscle_Skeletal,RP1-13D10.2,3.22782e-06,-0.220406
chr6_16246554_G_A_b38,GMPR,intron_variant,Muscle_Skeletal,RP1-13D10.2,3.52686e-06,-0.218708
chr6_16249869_T_C_b38,GMPR,intron_variant,Pancreas,GMPR,2.24617e-09,-0.239326
chr6_16249869_T_C_b38,GMPR,intron_variant,Whole_Blood,RP3-467D16.3,1.20107e-09,0.174079
chr6_16252104_T_G_b38,GMPR,intron_variant,Pancreas,GMPR,2.35723e-09,-0.240122
chr6_16252104_T_G_b38,GMPR,intron_variant,Whole_Blood,RP3-467D16.3,6.16276e-10,0.177471
chr6_16253864_T_C_b38,GMPR,intron_variant,Pancreas,GMPR,5.43672e-09,-0.232635
chr6_16253864_T_C_b38,GMPR,intron_variant,Whole_Blood,RP3-467D16.3,1.4275e-09,0.174151
chr6_16257985_A_G_b38,GMPR,non_coding_transcript_exon_variant,Pancreas,GMPR,1.48169e-09,-0.242678
chr6_16257985_A_G_b38,GMPR,non_coding_transcript_exon_variant,Whole_Blood,RP3-467D16.3,5.58675e-10,0.17913
chr6_16259053_T_G_b38,GMPR,non_coding_transcript_exon_variant,Pancreas,GMPR,5.68348e-09,-0.233451
chr6_16259053_T_G_b38,GMPR,non_coding_transcript_exon_variant,Whole_Blood,RP3-467D16.3,2.39483e-10,0.182113
chr6_16268177_A_G_b38,GMPR,intron_variant,Pancreas,GMPR,3.96758e-09,-0.233344
chr6_16268177_A_G_b38,GMPR,intron_variant,Whole_Blood,RP3-467D16.3,8.15565e-10,0.175142
chr6_16269132_T_C_b38,GMPR,intron_variant,Pancreas,GMPR,3.75788e-09,-0.233967
chr6_16269132_T_C_b38,GMPR,intron_variant,Whole_Blood,RP3-467D16.3,3.41231e-09,0.168289
chr6_16278159_A_G_b38,GMPR,intron_variant,Pancreas,GMPR,2.84642e-10,-0.247724
chr6_16278159_A_G_b38,GMPR,intron_variant,Whole_Blood,RP3-467D16.3,1.40807e-06,0.138545
chr1_35542512_T_C_b38,KIAA0319L,intron_variant,Muscle_Skeletal,KIAA0319L,1.85141e-13,-0.368523
chr1_35542512_T_C_b38,KIAA0319L,intron_variant,Whole_Blood,RP4-728D4.2,3.62409e-05,-0.299752
chr1_35546895_A_G_b38,KIAA0319L,intron_variant,Muscle_Skeletal,KIAA0319L,2.90105e-13,-0.367405
chr1_35546895_A_G_b38,KIAA0319L,intron_variant,Whole_Blood,RP4-728D4.2,2.98273e-05,-0.304563
chr1_35552461_C_T_b38,KIAA0319L,intron_variant,Muscle_Skeletal,KIAA0319L,1.41415e-12,-0.363288
chr1_35552461_C_T_b38,KIAA0319L,intron_variant,Whole_Blood,RP4-728D4.2,5.8186e-06,-0.330851
chr1_35561736_A_G_b38,KIAA0319L,intron_variant,Muscle_Skeletal,KIAA0319L,3.286e-12,-0.352525
chr1_35562934_A_C_b38,NCDN,intron_variant,Muscle_Skeletal,KIAA0319L,8.00338e-13,-0.363362
chr1_35562934_A_C_b38,NCDN,intron_variant,Whole_Blood,RP4-728D4.2,0.000108964,-0.28004
chr1_35565741_T_A_b38,NCDN,3_prime_UTR_variant,Muscle_Skeletal,KIAA0319L,8.00338e-13,-0.363362
chr1_35565741_T_A_b38,NCDN,3_prime_UTR_variant,Whole_Blood,RP4-728D4.2,0.000108964,-0.28004
chr17_47208108_G_A_b38,MYL4,intron_variant,Muscle_Skeletal,RPRML,4.85836e-08,0.224315
chr17_47208108_G_A_b38,MYL4,intron_variant,Liver,GOSR2,2.47922e-06,-0.183636
chr17_47208108_G_A_b38,MYL4,intron_variant,Brain_Cortex,LRRC37A17P,4.23793e-05,-0.291525
chr17_47215068_A_G_b38,MYL4,intron_variant,Muscle_Skeletal,RPRML,8.18714e-08,0.220275
chr17_47215068_A_G_b38,MYL4,intron_variant,Liver,GOSR2,3.92752e-06,-0.180014
chr17_47215068_A_G_b38,MYL4,intron_variant,Brain_Cortex,LRRC37A17P,3.95728e-05,-0.291409
chr17_47219638_C_T_b38,MYL4,intron_variant,Muscle_Skeletal,RPRML,3.27345e-07,0.209922
chr17_47219638_C_T_b38,MYL4,intron_variant,Liver,GOSR2,1.20386e-05,-0.16918
chr17_47219638_C_T_b38,MYL4,intron_variant,Brain_Cortex,LRRC37A17P,6.94384e-05,-0.282492
chr17_47222852_C_T_b38,MYL4,intron_variant,Muscle_Skeletal,RPRML,0.000135024,0.155499
chr17_47222852_C_T_b38,MYL4,intron_variant,Muscle_Skeletal,RP11-156P1.3,1.25719e-05,-0.17323
chr17_47222852_C_T_b38,MYL4,intron_variant,Adipose_Subcutaneous,ARL17B,0.00026514,0.205454
chr17_47222852_C_T_b38,MYL4,intron_variant,Adipose_Subcutaneous,RP11-156P1.3,0.000145217,-0.162832
chr17_47222852_C_T_b38,MYL4,intron_variant,Adipose_Visceral_Omentum,RP11-156P1.3,1.03755e-06,-0.231101
chr17_47222852_C_T_b38,MYL4,intron_variant,Liver,GOSR2,2.22219e-06,-0.179183
chr17_47222852_C_T_b38,MYL4,intron_variant,Whole_Blood,RP11-156P1.3,3.76026e-09,-0.270114
chr17_47225320_A_T_b38,MYL4,intron_variant,Muscle_Skeletal,RPRML,9.80735e-05,0.206009
chr17_47225320_A_T_b38,MYL4,intron_variant,Muscle_Skeletal,CDC27,3.64436e-13,0.202154
chr17_47225320_A_T_b38,MYL4,intron_variant,Adipose_Subcutaneous,CDC27,4.70828e-05,0.113652
chr17_47225320_A_T_b38,MYL4,intron_variant,Adipose_Subcutaneous,MYL4,5.23369e-10,0.391347
chr17_47225320_A_T_b38,MYL4,intron_variant,Whole_Blood,LRRC37A17P,6.53614e-05,0.164919
chr17_47229993_G_A_b38,,non_coding_transcript_exon_variant,Muscle_Skeletal,RP11-156P1.3,1.54333e-09,0.237637
chr17_47229993_G_A_b38,,non_coding_transcript_exon_variant,Adipose_Visceral_Omentum,RP11-156P1.3,3.0534e-07,0.243652
chr17_47229993_G_A_b38,,non_coding_transcript_exon_variant,Pancreas,SCRN2,8.27195e-05,-0.191749
chr17_47229993_G_A_b38,,non_coding_transcript_exon_variant,Whole_Blood,LRRC37A17P,2.27802e-05,0.138886
chr17_47229993_G_A_b38,,non_coding_transcript_exon_variant,Whole_Blood,RP11-156P1.3,8.75733e-07,0.227551
