sample	chr	pos	end	std	cts	C_to_T	G_to_A	other_substitutions
incisor	Chr	End	Std	Pos	A	C	G	T
incisor	chr1	3p	+	1	6840	4482	3123	10885
incisor	chr1	3p	+	2	7877	4196	5388	7868
incisor	chr1	3p	+	3	9351	4214	4215	7547
incisor	chr1	3p	+	4	9048	4865	4517	6899
incisor	chr1	3p	+	5	8948	4741	4603	7035
incisor	chr1	3p	+	6	8739	4663	4711	7215
incisor	chr1	3p	+	7	9136	4630	4602	6961
incisor	chr1	3p	+	8	8570	4781	4911	7065
incisor	chr1	3p	+	9	9028	4661	4602	7034
incisor	chr1	3p	+	10	8838	4809	4777	6904
incisor	chr1	3p	+	11	8766	4734	4818	7009
incisor	chr1	3p	+	12	9018	4665	4736	6906
incisor	chr1	3p	+	13	9006	4771	4663	6888
incisor	chr1	3p	+	14	9069	4662	4865	6732
incisor	chr1	3p	+	15	8968	4660	4763	6935
incisor	chr1	3p	+	16	8835	4625	4853	7011
incisor	chr1	3p	+	17	8954	4576	4742	7051
incisor	chr1	3p	+	18	9015	4585	4779	6943
incisor	chr1	3p	+	19	9124	4659	4618	6926
incisor	chr1	3p	+	20	8972	4723	4764	6868
incisor	chr1	3p	+	21	9078	4794	4757	6697
incisor	chr1	3p	+	22	9127	4659	4716	6820
incisor	chr1	3p	+	23	8988	4700	4729	6909
incisor	chr1	3p	+	24	8986	4638	4907	6795
incisor	chr1	3p	+	25	8986	4681	4763	6896
incisor	chr1	3p	+	26	9178	4559	4715	6877
incisor	chr1	3p	+	27	9073	4740	4641	6871
incisor	chr1	3p	+	28	9219	4601	4740	6764
incisor	chr1	3p	+	29	9214	4624	4684	6803
incisor	chr1	3p	+	30	9208	4682	4722	6716
incisor	chr1	3p	+	31	9261	4611	4682	6757
incisor	chr1	3p	+	32	9303	4686	4628	6658
incisor	chr1	3p	+	33	9044	4718	4658	6796
incisor	chr1	3p	+	34	9039	4725	4580	6761
incisor	chr1	3p	+	35	9032	4634	4548	6664
incisor	chr1	3p	+	36	8192	4470	4316	6370
incisor	chr1	3p	+	37	7611	4068	4060	6133
incisor	chr1	3p	+	38	7036	4002	3828	5659
incisor	chr1	3p	+	39	6501	3650	3706	5388
incisor	chr1	3p	+	40	5981	3495	3450	5184
incisor	chr1	3p	+	41	5573	3366	3326	4737
incisor	chr1	3p	+	42	5165	3179	3242	4386
incisor	chr1	3p	+	43	4891	3003	3003	4107
incisor	chr1	3p	+	44	4419	2906	2830	4019
incisor	chr1	3p	+	45	4253	2698	2659	3751
incisor	chr1	3p	+	46	3987	2516	2610	3514
incisor	chr1	3p	+	47	3782	2474	2427	3275
incisor	chr1	3p	+	48	3566	2247	2328	3182
incisor	chr1	3p	+	49	3380	2197	2191	2979
incisor	chr1	3p	+	50	3117	2098	2162	2833
incisor	chr1	3p	+	51	2999	1919	2041	2725
incisor	chr1	3p	+	52	2889	1942	1882	2464
incisor	chr1	3p	+	53	2620	1748	1857	2459
incisor	chr1	3p	+	54	2585	1717	1669	2299
incisor	chr1	3p	+	55	2407	1652	1607	2194
incisor	chr1	3p	+	56	2299	1497	1546	2130
incisor	chr1	3p	+	57	2178	1483	1487	1985
incisor	chr1	3p	+	58	2065	1390	1429	1890
incisor	chr1	3p	+	59	1975	1303	1420	1709
incisor	chr1	3p	+	60	1872	1254	1280	1696
incisor	chr1	3p	+	61	1828	1249	1147	1590
incisor	chr1	3p	+	62	1609	1156	1164	1556
incisor	chr1	3p	+	63	1575	1050	1118	1467
incisor	chr1	3p	+	64	1524	1013	1060	1342
incisor	chr1	3p	+	65	1426	969	1010	1254
incisor	chr1	3p	+	66	1365	944	917	1209
incisor	chr1	3p	+	67	1267	863	926	1127
incisor	chr1	3p	+	68	1196	802	863	1100
incisor	chr1	3p	+	69	1109	831	762	1065
incisor	chr1	3p	+	70	1067	757	762	986
incisor	chr1	3p	-	1	6827	4469	3028	11138
incisor	chr1	3p	-	2	8113	4259	5226	7864
incisor	chr1	3p	-	3	9484	4295	4239	7441
incisor	chr1	3p	-	4	9097	4738	4517	7107
incisor	chr1	3p	-	5	9092	4681	4729	6956
incisor	chr1	3p	-	6	8807	4559	4741	7349
incisor	chr1	3p	-	7	9088	4661	4595	7113
incisor	chr1	3p	-	8	8770	4728	4881	7083
incisor	chr1	3p	-	9	9090	4651	4617	7099
incisor	chr1	3p	-	10	9026	4638	4843	6953
incisor	chr1	3p	-	11	8977	4678	4768	7036
incisor	chr1	3p	-	12	9041	4755	4754	6908
incisor	chr1	3p	-	13	9015	4650	4787	7005
incisor	chr1	3p	-	14	9112	4636	4829	6879
incisor	chr1	3p	-	15	9096	4597	4796	6968
incisor	chr1	3p	-	16	9061	4683	4789	6927
incisor	chr1	3p	-	17	9108	4713	4626	7012
incisor	chr1	3p	-	18	9205	4667	4776	6810
incisor	chr1	3p	-	19	9161	4550	4753	6995
incisor	chr1	3p	-	20	9229	4632	4773	6822
incisor	chr1	3p	-	21	9256	4644	4721	6835
incisor	chr1	3p	-	22	9249	4621	4754	6832
incisor	chr1	3p	-	23	9060	4507	4904	6987
incisor	chr1	3p	-	24	9386	4542	4729	6801
incisor	chr1	3p	-	25	9316	4552	4821	6769
incisor	chr1	3p	-	26	9026	4583	4878	6966
incisor	chr1	3p	-	27	9118	4723	4725	6893
incisor	chr1	3p	-	28	9228	4680	4711	6837
incisor	chr1	3p	-	29	9378	4620	4711	6746
incisor	chr1	3p	-	30	9092	4728	4772	6867
incisor	chr1	3p	-	31	9400	4560	4680	6800
incisor	chr1	3p	-	32	9173	4588	4744	6894
incisor	chr1	3p	-	33	9155	4588	4822	6786
incisor	chr1	3p	-	34	9072	4677	4706	6781
incisor	chr1	3p	-	35	9157	4524	4616	6721
incisor	chr1	3p	-	36	8242	4378	4292	6441
incisor	chr1	3p	-	37	7693	4102	4099	5939
incisor	chr1	3p	-	38	7075	3835	3838	5738
incisor	chr1	3p	-	39	6509	3710	3602	5319
incisor	chr1	3p	-	40	6051	3453	3457	5019
incisor	chr1	3p	-	41	5559	3386	3245	4687
incisor	chr1	3p	-	42	5089	3192	3172	4385
incisor	chr1	3p	-	43	4711	2947	2992	4206
incisor	chr1	3p	-	44	4595	2792	2741	3898
incisor	chr1	3p	-	45	4231	2808	2656	3585
incisor	chr1	3p	-	46	3965	2515	2540	3500
incisor	chr1	3p	-	47	3844	2375	2391	3274
incisor	chr1	3p	-	48	3476	2365	2358	3016
incisor	chr1	3p	-	49	3312	2172	2222	2911
incisor	chr1	3p	-	50	3234	2095	2007	2727
incisor	chr1	3p	-	51	2998	1946	1999	2593
incisor	chr1	3p	-	52	2799	1949	1898	2400
incisor	chr1	3p	-	53	2708	1801	1754	2345
incisor	chr1	3p	-	54	2538	1696	1720	2225
incisor	chr1	3p	-	55	2452	1598	1523	2185
incisor	chr1	3p	-	56	2287	1473	1600	2000
incisor	chr1	3p	-	57	2202	1537	1418	1848
incisor	chr1	3p	-	58	1968	1466	1339	1862
incisor	chr1	3p	-	59	1956	1360	1322	1672
incisor	chr1	3p	-	60	1823	1299	1202	1693
incisor	chr1	3p	-	61	1727	1251	1219	1483
incisor	chr1	3p	-	62	1644	1119	1119	1495
incisor	chr1	3p	-	63	1543	1104	1028	1440
incisor	chr1	3p	-	64	1457	1050	1063	1264
incisor	chr1	3p	-	65	1389	947	954	1277
incisor	chr1	3p	-	66	1343	887	923	1205
incisor	chr1	3p	-	67	1275	872	873	1113
incisor	chr1	3p	-	68	1195	850	840	1032
incisor	chr1	3p	-	69	1118	830	803	984
incisor	chr1	3p	-	70	1088	735	745	973
incisor	chr1	5p	+	1	9671	4581	4270	6808
incisor	chr1	5p	+	2	9044	4905	4573	6691
incisor	chr1	5p	+	3	9280	4719	4667	6661
incisor	chr1	5p	+	4	9479	4853	4525	6465
incisor	chr1	5p	+	5	9245	4776	4577	6728
incisor	chr1	5p	+	6	9205	4798	4575	6744
incisor	chr1	5p	+	7	9127	4704	4733	6758
incisor	chr1	5p	+	8	9167	4758	4683	6719
incisor	chr1	5p	+	9	9195	4671	4561	6897
incisor	chr1	5p	+	10	9102	4671	4726	6825
incisor	chr1	5p	+	11	9081	4650	4812	6779
incisor	chr1	5p	+	12	9039	4700	4730	6860
incisor	chr1	5p	+	13	9231	4589	4653	6854
incisor	chr1	5p	+	14	9078	4644	4684	6921
incisor	chr1	5p	+	15	9126	4698	4811	6692
incisor	chr1	5p	+	16	8942	4618	4862	6906
incisor	chr1	5p	+	17	9098	4629	4778	6823
incisor	chr1	5p	+	18	9006	4648	4837	6835
incisor	chr1	5p	+	19	9060	4643	4807	6817
incisor	chr1	5p	+	20	9049	4667	4769	6843
incisor	chr1	5p	+	21	8993	4630	4781	6923
incisor	chr1	5p	+	22	8982	4635	4797	6912
incisor	chr1	5p	+	23	8995	4675	4810	6847
incisor	chr1	5p	+	24	9009	4774	4653	6889
incisor	chr1	5p	+	25	9021	4673	4765	6865
incisor	chr1	5p	+	26	9069	4594	4723	6939
incisor	chr1	5p	+	27	8894	4730	4867	6831
incisor	chr1	5p	+	28	8875	4733	4733	6985
incisor	chr1	5p	+	29	8848	4755	4776	6945
incisor	chr1	5p	+	30	8998	4676	4702	6947
incisor	chr1	5p	+	31	8987	4803	4684	6839
incisor	chr1	5p	+	32	8862	4654	4787	6972
incisor	chr1	5p	+	33	8790	4622	4765	7039
incisor	chr1	5p	+	34	8866	4600	4668	6972
incisor	chr1	5p	+	35	8614	4562	4495	7207
incisor	chr1	5p	+	36	7831	4351	4300	6868
incisor	chr1	5p	+	37	7310	4094	4088	6383
incisor	chr1	5p	+	38	6721	3872	3810	6120
incisor	chr1	5p	+	39	6338	3589	3678	5645
incisor	chr1	5p	+	40	5807	3516	3459	5327
incisor	chr1	5p	+	41	5400	3301	3248	5056
incisor	chr1	5p	+	42	4965	3147	3187	4674
incisor	chr1	5p	+	43	4766	3024	2839	4379
incisor	chr1	5p	+	44	4380	2773	2802	4219
incisor	chr1	5p	+	45	4104	2611	2698	3946
incisor	chr1	5p	+	46	3893	2569	2518	3645
incisor	chr1	5p	+	47	3604	2371	2412	3573
incisor	chr1	5p	+	48	3390	2334	2293	3307
incisor	chr1	5p	+	49	3319	2130	2204	3094
incisor	chr1	5p	+	50	3059	2080	2054	3020
incisor	chr1	5p	+	51	2876	1966	2043	2806
incisor	chr1	5p	+	52	2771	1868	1855	2689
incisor	chr1	5p	+	53	2551	1801	1763	2577
incisor	chr1	5p	+	54	2444	1690	1719	2426
incisor	chr1	5p	+	55	2318	1686	1630	2234
incisor	chr1	5p	+	56	2238	1474	1573	2192
incisor	chr1	5p	+	57	2124	1483	1465	2063
incisor	chr1	5p	+	58	2016	1345	1421	1993
incisor	chr1	5p	+	59	1914	1314	1355	1831
incisor	chr1	5p	+	60	1855	1240	1247	1762
incisor	chr1	5p	+	61	1784	1167	1211	1659
incisor	chr1	5p	+	62	1585	1126	1159	1618
incisor	chr1	5p	+	63	1515	1066	1123	1511
incisor	chr1	5p	+	64	1440	1026	1021	1454
incisor	chr1	5p	+	65	1387	956	944	1375
incisor	chr1	5p	+	66	1304	886	979	1269
incisor	chr1	5p	+	67	1237	844	909	1198
incisor	chr1	5p	+	68	1200	796	817	1152
incisor	chr1	5p	+	69	1128	794	775	1069
incisor	chr1	5p	+	70	1091	729	747	1011
incisor	chr1	5p	-	1	9766	4662	4283	6751
incisor	chr1	5p	-	2	9103	4827	4638	6810
incisor	chr1	5p	-	3	9390	4634	4543	6889
incisor	chr1	5p	-	4	9464	4808	4599	6586
incisor	chr1	5p	-	5	9353	4854	4624	6627
incisor	chr1	5p	-	6	9374	4856	4535	6691
incisor	chr1	5p	-	7	9329	4690	4661	6779
incisor	chr1	5p	-	8	9255	4739	4753	6710
incisor	chr1	5p	-	9	9293	4719	4652	6796
incisor	chr1	5p	-	10	9265	4663	4794	6738
incisor	chr1	5p	-	11	9203	4680	4761	6816
incisor	chr1	5p	-	12	9198	4768	4659	6833
incisor	chr1	5p	-	13	9353	4648	4709	6747
incisor	chr1	5p	-	14	9315	4657	4748	6734
incisor	chr1	5p	-	15	9214	4671	4763	6811
incisor	chr1	5p	-	16	9211	4709	4745	6792
incisor	chr1	5p	-	17	9187	4529	4813	6932
incisor	chr1	5p	-	18	9208	4641	4702	6907
incisor	chr1	5p	-	19	9199	4552	4791	6917
incisor	chr1	5p	-	20	9156	4703	4784	6815
incisor	chr1	5p	-	21	9049	4721	4835	6851
incisor	chr1	5p	-	22	9168	4638	4713	6939
incisor	chr1	5p	-	23	9131	4627	4780	6920
incisor	chr1	5p	-	24	8891	4708	4788	7070
incisor	chr1	5p	-	25	9073	4679	4759	6950
incisor	chr1	5p	-	26	9112	4609	4907	6832
incisor	chr1	5p	-	27	9058	4502	4849	7050
incisor	chr1	5p	-	28	8946	4746	4849	6915
incisor	chr1	5p	-	29	9025	4717	4763	6951
incisor	chr1	5p	-	30	9006	4720	4752	6978
incisor	chr1	5p	-	31	9133	4660	4801	6840
incisor	chr1	5p	-	32	9043	4726	4643	6990
incisor	chr1	5p	-	33	8911	4668	4640	7133
incisor	chr1	5p	-	34	8835	4645	4663	7094
incisor	chr1	5p	-	35	8599	4531	4583	7308
incisor	chr1	5p	-	36	7822	4313	4307	6909
incisor	chr1	5p	-	37	7330	4073	4048	6379
incisor	chr1	5p	-	38	6665	3929	3844	6049
incisor	chr1	5p	-	39	6269	3554	3676	5641
incisor	chr1	5p	-	40	5888	3447	3528	5119
incisor	chr1	5p	-	41	5437	3301	3189	4947
incisor	chr1	5p	-	42	5059	3045	3083	4649
incisor	chr1	5p	-	43	4685	2829	2995	4346
incisor	chr1	5p	-	44	4449	2680	2796	4100
incisor	chr1	5p	-	45	4075	2580	2723	3903
incisor	chr1	5p	-	46	3863	2560	2437	3661
incisor	chr1	5p	-	47	3621	2483	2334	3444
incisor	chr1	5p	-	48	3481	2218	2207	3308
incisor	chr1	5p	-	49	3188	2116	2210	3103
incisor	chr1	5p	-	50	3037	1967	2058	3003
incisor	chr1	5p	-	51	2823	1902	1991	2827
incisor	chr1	5p	-	52	2710	1841	1872	2630
incisor	chr1	5p	-	53	2562	1696	1785	2565
incisor	chr1	5p	-	54	2419	1630	1681	2454
incisor	chr1	5p	-	55	2295	1558	1601	2310
incisor	chr1	5p	-	56	2319	1493	1458	2094
incisor	chr1	5p	-	57	2098	1455	1407	2048
incisor	chr1	5p	-	58	1939	1370	1333	1994
incisor	chr1	5p	-	59	1934	1268	1354	1755
incisor	chr1	5p	-	60	1808	1217	1205	1789
incisor	chr1	5p	-	61	1706	1130	1167	1682
incisor	chr1	5p	-	62	1596	1090	1090	1603
incisor	chr1	5p	-	63	1527	1111	1062	1419
incisor	chr1	5p	-	64	1481	976	954	1425
incisor	chr1	5p	-	65	1354	935	962	1314
incisor	chr1	5p	-	66	1330	812	894	1324
incisor	chr1	5p	-	67	1169	836	895	1234
incisor	chr1	5p	-	68	1164	814	788	1155
incisor	chr1	5p	-	69	1098	755	809	1076
incisor	chr1	5p	-	70	997	782	767	995
incisor	chr10	3p	+	1	4229	2793	1845	6745
incisor	chr10	3p	+	2	5000	2516	3289	4803
incisor	chr10	3p	+	3	5736	2695	2580	4597
incisor	chr10	3p	+	4	5610	2918	2737	4346
incisor	chr10	3p	+	5	5470	3027	2917	4198
incisor	chr10	3p	+	6	5433	2807	2912	4459
incisor	chr10	3p	+	7	5593	2939	2879	4199
incisor	chr10	3p	+	8	5367	2857	3022	4363
incisor	chr10	3p	+	9	5611	2889	2806	4305
incisor	chr10	3p	+	10	5452	2822	2932	4401
incisor	chr10	3p	+	11	5541	2842	2930	4298
incisor	chr10	3p	+	12	5562	2824	2957	4267
incisor	chr10	3p	+	13	5444	2840	2919	4409
incisor	chr10	3p	+	14	5532	2912	2858	4304
incisor	chr10	3p	+	15	5626	2823	2955	4206
incisor	chr10	3p	+	16	5575	2829	2873	4334
incisor	chr10	3p	+	17	5610	2867	2841	4291
incisor	chr10	3p	+	18	5597	2784	2928	4298
incisor	chr10	3p	+	19	5520	2892	2874	4323
incisor	chr10	3p	+	20	5646	2806	3001	4158
incisor	chr10	3p	+	21	5568	2898	2911	4234
incisor	chr10	3p	+	22	5618	2887	2902	4202
incisor	chr10	3p	+	23	5586	2787	2973	4265
incisor	chr10	3p	+	24	5709	2769	2914	4219
incisor	chr10	3p	+	25	5645	2795	2862	4310
incisor	chr10	3p	+	26	5604	2888	2958	4161
incisor	chr10	3p	+	27	5643	2854	2909	4200
incisor	chr10	3p	+	28	5675	2807	2827	4300
incisor	chr10	3p	+	29	5558	2886	2884	4280
incisor	chr10	3p	+	30	5694	2791	2959	4165
incisor	chr10	3p	+	31	5652	2795	2897	4255
incisor	chr10	3p	+	32	5723	2815	2848	4191
incisor	chr10	3p	+	33	5661	2884	2842	4139
incisor	chr10	3p	+	34	5659	2838	2789	4162
incisor	chr10	3p	+	35	5466	2855	2859	4123
incisor	chr10	3p	+	36	5049	2618	2685	3955
incisor	chr10	3p	+	37	4764	2513	2477	3653
incisor	chr10	3p	+	38	4239	2452	2333	3512
incisor	chr10	3p	+	39	3977	2347	2155	3273
incisor	chr10	3p	+	40	3677	2159	2055	3112
incisor	chr10	3p	+	41	3403	2070	1964	2853
incisor	chr10	3p	+	42	3097	1940	1896	2717
incisor	chr10	3p	+	43	2910	1804	1811	2541
incisor	chr10	3p	+	44	2682	1703	1701	2436
incisor	chr10	3p	+	45	2563	1573	1626	2287
incisor	chr10	3p	+	46	2458	1548	1461	2137
incisor	chr10	3p	+	47	2263	1505	1447	1969
incisor	chr10	3p	+	48	2208	1371	1376	1860
incisor	chr10	3p	+	49	2021	1307	1316	1810
incisor	chr10	3p	+	50	1953	1172	1299	1666
incisor	chr10	3p	+	51	1754	1251	1158	1599
incisor	chr10	3p	+	52	1632	1183	1135	1540
incisor	chr10	3p	+	53	1668	1063	1072	1413
incisor	chr10	3p	+	54	1571	1019	999	1355
incisor	chr10	3p	+	55	1427	1019	912	1321
incisor	chr10	3p	+	56	1410	880	968	1182
incisor	chr10	3p	+	57	1317	832	889	1179
incisor	chr10	3p	+	58	1210	803	848	1146
incisor	chr10	3p	+	59	1157	826	801	1028
incisor	chr10	3p	+	60	1079	782	733	1030
incisor	chr10	3p	+	61	994	748	720	991
incisor	chr10	3p	+	62	1004	676	719	878
incisor	chr10	3p	+	63	931	612	661	886
incisor	chr10	3p	+	64	922	574	589	833
incisor	chr10	3p	+	65	854	546	579	788
incisor	chr10	3p	+	66	825	566	550	696
incisor	chr10	3p	+	67	721	558	538	689
incisor	chr10	3p	+	68	741	475	516	652
incisor	chr10	3p	+	69	711	439	491	613
incisor	chr10	3p	+	70	676	440	425	601
incisor	chr10	3p	-	1	4168	2739	1792	6644
incisor	chr10	3p	-	2	4832	2659	3047	4804
incisor	chr10	3p	-	3	5561	2697	2550	4534
incisor	chr10	3p	-	4	5521	2806	2737	4279
incisor	chr10	3p	-	5	5491	2908	2768	4173
incisor	chr10	3p	-	6	5253	2837	2923	4327
incisor	chr10	3p	-	7	5539	2804	2753	4245
incisor	chr10	3p	-	8	5192	2939	2975	4235
incisor	chr10	3p	-	9	5511	2761	2833	4235
incisor	chr10	3p	-	10	5327	2911	2836	4268
incisor	chr10	3p	-	11	5411	2756	2892	4281
incisor	chr10	3p	-	12	5499	2781	2838	4222
incisor	chr10	3p	-	13	5343	2804	2931	4260
incisor	chr10	3p	-	14	5499	2838	2878	4124
incisor	chr10	3p	-	15	5529	2784	2852	4174
incisor	chr10	3p	-	16	5336	2821	2960	4225
incisor	chr10	3p	-	17	5456	2806	2934	4145
incisor	chr10	3p	-	18	5461	2853	2893	4133
incisor	chr10	3p	-	19	5509	2829	2893	4109
incisor	chr10	3p	-	20	5546	2815	2777	4203
incisor	chr10	3p	-	21	5551	2825	2887	4077
incisor	chr10	3p	-	22	5490	2877	2829	4145
incisor	chr10	3p	-	23	5531	2820	2898	4088
incisor	chr10	3p	-	24	5494	2777	2870	4201
incisor	chr10	3p	-	25	5510	2826	2899	4106
incisor	chr10	3p	-	26	5564	2816	2798	4164
incisor	chr10	3p	-	27	5503	2941	2777	4116
incisor	chr10	3p	-	28	5652	2818	2795	4073
incisor	chr10	3p	-	29	5661	2860	2858	3958
incisor	chr10	3p	-	30	5563	2839	2838	4096
incisor	chr10	3p	-	31	5570	2860	2765	4140
incisor	chr10	3p	-	32	5579	2832	2840	4065
incisor	chr10	3p	-	33	5579	2871	2800	4026
incisor	chr10	3p	-	34	5529	2775	2741	4149
incisor	chr10	3p	-	35	5442	2802	2741	4052
incisor	chr10	3p	-	36	4906	2673	2588	3893
incisor	chr10	3p	-	37	4592	2501	2448	3596
incisor	chr10	3p	-	38	4221	2377	2241	3443
incisor	chr10	3p	-	39	3888	2262	2158	3217
incisor	chr10	3p	-	40	3541	2111	2122	3041
incisor	chr10	3p	-	41	3326	2011	1935	2829
incisor	chr10	3p	-	42	3030	1898	1959	2650
incisor	chr10	3p	-	43	2934	1779	1740	2493
incisor	chr10	3p	-	44	2673	1690	1676	2372
incisor	chr10	3p	-	45	2541	1644	1624	2115
incisor	chr10	3p	-	46	2365	1516	1547	2077
incisor	chr10	3p	-	47	2238	1402	1435	2004
incisor	chr10	3p	-	48	2004	1442	1393	1878
incisor	chr10	3p	-	49	2000	1243	1312	1795
incisor	chr10	3p	-	50	1843	1236	1285	1657
incisor	chr10	3p	-	51	1799	1179	1117	1603
incisor	chr10	3p	-	52	1631	1084	1142	1543
incisor	chr10	3p	-	53	1548	1041	1045	1454
incisor	chr10	3p	-	54	1465	987	1001	1373
incisor	chr10	3p	-	55	1474	888	941	1275
incisor	chr10	3p	-	56	1333	923	895	1187
incisor	chr10	3p	-	57	1275	831	844	1154
incisor	chr10	3p	-	58	1238	803	784	1058
incisor	chr10	3p	-	59	1102	768	787	1026
incisor	chr10	3p	-	60	1062	719	740	998
incisor	chr10	3p	-	61	976	702	742	918
incisor	chr10	3p	-	62	963	640	693	883
incisor	chr10	3p	-	63	879	643	646	826
incisor	chr10	3p	-	64	892	591	604	774
incisor	chr10	3p	-	65	854	571	545	736
incisor	chr10	3p	-	66	740	540	543	747
incisor	chr10	3p	-	67	706	556	506	658
incisor	chr10	3p	-	68	698	485	466	635
incisor	chr10	3p	-	69	657	425	489	592
incisor	chr10	3p	-	70	606	412	436	590
incisor	chr10	5p	+	1	5856	2871	2691	4194
incisor	chr10	5p	+	2	5571	3031	2756	4205
incisor	chr10	5p	+	3	5785	2841	2839	4146
incisor	chr10	5p	+	4	5883	2948	2789	3991
incisor	chr10	5p	+	5	5651	2995	2769	4191
incisor	chr10	5p	+	6	5606	2888	2836	4275
incisor	chr10	5p	+	7	5711	2907	2855	4138
incisor	chr10	5p	+	8	5628	2951	2912	4119
incisor	chr10	5p	+	9	5700	2876	2830	4203
incisor	chr10	5p	+	10	5710	2856	2806	4239
incisor	chr10	5p	+	11	5558	2908	2909	4237
incisor	chr10	5p	+	12	5667	2888	2874	4181
incisor	chr10	5p	+	13	5543	2804	2969	4293
incisor	chr10	5p	+	14	5675	2877	2844	4215
incisor	chr10	5p	+	15	5690	2809	2849	4261
incisor	chr10	5p	+	16	5587	2911	2904	4207
incisor	chr10	5p	+	17	5671	2816	2862	4262
incisor	chr10	5p	+	18	5583	2884	2918	4226
incisor	chr10	5p	+	19	5621	2892	2838	4257
incisor	chr10	5p	+	20	5702	2882	2839	4187
incisor	chr10	5p	+	21	5695	2859	2914	4139
incisor	chr10	5p	+	22	5524	2884	2922	4279
incisor	chr10	5p	+	23	5469	2846	2882	4414
incisor	chr10	5p	+	24	5496	2895	2858	4360
incisor	chr10	5p	+	25	5520	2906	2907	4274
incisor	chr10	5p	+	26	5540	2807	2983	4281
incisor	chr10	5p	+	27	5502	2810	2972	4327
incisor	chr10	5p	+	28	5575	2864	2868	4302
incisor	chr10	5p	+	29	5450	2942	2902	4317
incisor	chr10	5p	+	30	5513	2906	2952	4239
incisor	chr10	5p	+	31	5574	2873	2843	4307
incisor	chr10	5p	+	32	5590	2868	2919	4202
incisor	chr10	5p	+	33	5530	2864	2814	4317
incisor	chr10	5p	+	34	5425	2782	2833	4410
incisor	chr10	5p	+	35	5275	2821	2810	4397
incisor	chr10	5p	+	36	4786	2606	2722	4193
incisor	chr10	5p	+	37	4370	2563	2500	3974
incisor	chr10	5p	+	38	4076	2370	2350	3737
incisor	chr10	5p	+	39	3865	2148	2261	3479
incisor	chr10	5p	+	40	3486	2053	2145	3321
incisor	chr10	5p	+	41	3279	1986	2000	3023
incisor	chr10	5p	+	42	2946	1865	1864	2977
incisor	chr10	5p	+	43	2904	1736	1845	2585
incisor	chr10	5p	+	44	2652	1709	1703	2459
incisor	chr10	5p	+	45	2486	1604	1615	2341
incisor	chr10	5p	+	46	2374	1432	1510	2289
incisor	chr10	5p	+	47	2200	1474	1466	2046
incisor	chr10	5p	+	48	2114	1336	1358	2008
incisor	chr10	5p	+	49	1919	1274	1338	1922
incisor	chr10	5p	+	50	1825	1237	1232	1795
incisor	chr10	5p	+	51	1701	1154	1166	1744
incisor	chr10	5p	+	52	1649	1151	1135	1558
incisor	chr10	5p	+	53	1606	1041	1055	1516
incisor	chr10	5p	+	54	1518	926	1006	1499
incisor	chr10	5p	+	55	1384	922	965	1409
incisor	chr10	5p	+	56	1321	841	941	1338
incisor	chr10	5p	+	57	1278	882	867	1193
incisor	chr10	5p	+	58	1244	772	876	1116
incisor	chr10	5p	+	59	1177	751	789	1095
incisor	chr10	5p	+	60	1060	741	745	1081
incisor	chr10	5p	+	61	1060	685	720	990
incisor	chr10	5p	+	62	926	643	691	1016
incisor	chr10	5p	+	63	959	609	644	881
incisor	chr10	5p	+	64	835	625	608	854
incisor	chr10	5p	+	65	814	542	556	855
incisor	chr10	5p	+	66	775	499	561	804
incisor	chr10	5p	+	67	717	487	553	749
incisor	chr10	5p	+	68	723	506	503	653
incisor	chr10	5p	+	69	684	493	447	629
incisor	chr10	5p	+	70	662	450	424	607
incisor	chr10	5p	-	1	5823	2803	2579	4138
incisor	chr10	5p	-	2	5478	3035	2658	4114
incisor	chr10	5p	-	3	5625	2837	2764	4117
incisor	chr10	5p	-	4	5717	2944	2737	3941
incisor	chr10	5p	-	5	5645	2928	2743	4023
incisor	chr10	5p	-	6	5531	2892	2815	4102
incisor	chr10	5p	-	7	5591	2914	2793	4043
incisor	chr10	5p	-	8	5581	2899	2776	4085
incisor	chr10	5p	-	9	5528	2893	2771	4149
incisor	chr10	5p	-	10	5599	2783	2853	4106
incisor	chr10	5p	-	11	5520	2912	2821	4088
incisor	chr10	5p	-	12	5581	2798	2842	4118
incisor	chr10	5p	-	13	5474	2824	2911	4131
incisor	chr10	5p	-	14	5472	2868	2899	4101
incisor	chr10	5p	-	15	5552	2860	2854	4073
incisor	chr10	5p	-	16	5503	2813	2835	4188
incisor	chr10	5p	-	17	5527	2779	2904	4132
incisor	chr10	5p	-	18	5606	2782	2819	4133
incisor	chr10	5p	-	19	5453	2846	2889	4153
incisor	chr10	5p	-	20	5515	2904	2835	4088
incisor	chr10	5p	-	21	5451	2841	2853	4193
incisor	chr10	5p	-	22	5471	2811	2857	4202
incisor	chr10	5p	-	23	5497	2813	2874	4158
incisor	chr10	5p	-	24	5465	2753	2872	4250
incisor	chr10	5p	-	25	5413	2822	2955	4150
incisor	chr10	5p	-	26	5399	2806	2911	4224
incisor	chr10	5p	-	27	5426	2766	2977	4163
incisor	chr10	5p	-	28	5302	2927	2863	4244
incisor	chr10	5p	-	29	5437	2794	2863	4243
incisor	chr10	5p	-	30	5306	2880	2929	4225
incisor	chr10	5p	-	31	5340	2904	2922	4170
incisor	chr10	5p	-	32	5308	2853	2886	4274
incisor	chr10	5p	-	33	5379	2844	2834	4217
incisor	chr10	5p	-	34	5397	2779	2754	4265
incisor	chr10	5p	-	35	5109	2808	2768	4351
incisor	chr10	5p	-	36	4735	2534	2626	4161
incisor	chr10	5p	-	37	4383	2405	2474	3875
incisor	chr10	5p	-	38	4140	2267	2219	3654
incisor	chr10	5p	-	39	3752	2231	2212	3331
incisor	chr10	5p	-	40	3455	2110	2045	3204
incisor	chr10	5p	-	41	3161	1942	1932	3066
incisor	chr10	5p	-	42	2995	1822	1882	2838
incisor	chr10	5p	-	43	2766	1809	1751	2619
incisor	chr10	5p	-	44	2684	1656	1641	2428
incisor	chr10	5p	-	45	2473	1642	1531	2281
incisor	chr10	5p	-	46	2385	1439	1491	2192
incisor	chr10	5p	-	47	2081	1466	1426	2105
incisor	chr10	5p	-	48	2079	1304	1374	1961
incisor	chr10	5p	-	49	1889	1299	1334	1830
incisor	chr10	5p	-	50	1884	1229	1173	1736
incisor	chr10	5p	-	51	1737	1174	1168	1629
incisor	chr10	5p	-	52	1605	1114	1119	1567
incisor	chr10	5p	-	53	1545	1016	1051	1477
incisor	chr10	5p	-	54	1460	985	923	1456
incisor	chr10	5p	-	55	1342	960	960	1316
incisor	chr10	5p	-	56	1285	881	863	1311
incisor	chr10	5p	-	57	1271	825	816	1193
incisor	chr10	5p	-	58	1193	784	811	1097
incisor	chr10	5p	-	59	1112	696	791	1082
incisor	chr10	5p	-	60	1027	669	732	1093
incisor	chr10	5p	-	61	958	732	701	948
incisor	chr10	5p	-	62	942	639	627	971
incisor	chr10	5p	-	63	871	600	642	884
incisor	chr10	5p	-	64	900	513	617	834
incisor	chr10	5p	-	65	798	571	581	759
incisor	chr10	5p	-	66	772	538	520	741
incisor	chr10	5p	-	67	777	472	471	707
incisor	chr10	5p	-	68	703	456	474	653
incisor	chr10	5p	-	69	625	444	461	637
incisor	chr10	5p	-	70	619	407	435	583
incisor	chr10_GL383545v1_alt	3p	+	1	2	1	0	3
incisor	chr10_GL383545v1_alt	3p	+	2	1	1	3	1
incisor	chr10_GL383545v1_alt	3p	+	3	1	0	1	4
incisor	chr10_GL383545v1_alt	3p	+	4	3	2	1	0
incisor	chr10_GL383545v1_alt	3p	+	5	3	2	1	0
incisor	chr10_GL383545v1_alt	3p	+	6	1	2	1	2
incisor	chr10_GL383545v1_alt	3p	+	7	2	2	1	1
incisor	chr10_GL383545v1_alt	3p	+	8	0	0	2	4
incisor	chr10_GL383545v1_alt	3p	+	9	0	1	3	2
incisor	chr10_GL383545v1_alt	3p	+	10	2	2	0	2
incisor	chr10_GL383545v1_alt	3p	+	11	1	2	1	2
incisor	chr10_GL383545v1_alt	3p	+	12	4	0	1	1
incisor	chr10_GL383545v1_alt	3p	+	13	1	3	0	2
incisor	chr10_GL383545v1_alt	3p	+	14	1	3	2	0
incisor	chr10_GL383545v1_alt	3p	+	15	2	1	0	3
incisor	chr10_GL383545v1_alt	3p	+	16	1	2	2	1
incisor	chr10_GL383545v1_alt	3p	+	17	0	2	1	3
incisor	chr10_GL383545v1_alt	3p	+	18	3	0	2	1
incisor	chr10_GL383545v1_alt	3p	+	19	3	2	0	1
incisor	chr10_GL383545v1_alt	3p	+	20	2	1	0	3
incisor	chr10_GL383545v1_alt	3p	+	21	3	2	1	0
incisor	chr10_GL383545v1_alt	3p	+	22	3	1	2	0
incisor	chr10_GL383545v1_alt	3p	+	23	2	1	0	3
incisor	chr10_GL383545v1_alt	3p	+	24	0	2	1	3
incisor	chr10_GL383545v1_alt	3p	+	25	2	2	1	1
incisor	chr10_GL383545v1_alt	3p	+	26	1	0	1	4
incisor	chr10_GL383545v1_alt	3p	+	27	2	0	1	3
incisor	chr10_GL383545v1_alt	3p	+	28	2	1	1	2
incisor	chr10_GL383545v1_alt	3p	+	29	3	2	0	1
incisor	chr10_GL383545v1_alt	3p	+	30	4	0	2	0
incisor	chr10_GL383545v1_alt	3p	+	31	3	0	1	2
incisor	chr10_GL383545v1_alt	3p	+	32	1	2	2	1
incisor	chr10_GL383545v1_alt	3p	+	33	1	1	2	2
incisor	chr10_GL383545v1_alt	3p	+	34	0	4	0	2
incisor	chr10_GL383545v1_alt	3p	+	35	4	0	1	1
incisor	chr10_GL383545v1_alt	3p	+	36	2	0	1	3
incisor	chr10_GL383545v1_alt	3p	+	37	1	1	3	1
incisor	chr10_GL383545v1_alt	3p	+	38	2	1	2	1
incisor	chr10_GL383545v1_alt	3p	+	39	2	1	1	1
incisor	chr10_GL383545v1_alt	3p	+	40	1	3	0	1
incisor	chr10_GL383545v1_alt	3p	+	41	2	2	0	1
incisor	chr10_GL383545v1_alt	3p	+	42	0	0	3	2
incisor	chr10_GL383545v1_alt	3p	+	43	2	0	1	2
incisor	chr10_GL383545v1_alt	3p	+	44	5	0	0	0
incisor	chr10_GL383545v1_alt	3p	+	45	3	0	1	1
incisor	chr10_GL383545v1_alt	3p	+	46	2	0	1	2
incisor	chr10_GL383545v1_alt	3p	+	47	2	0	0	2
incisor	chr10_GL383545v1_alt	3p	+	48	0	2	1	1
incisor	chr10_GL383545v1_alt	3p	+	49	3	0	1	0
incisor	chr10_GL383545v1_alt	3p	+	50	4	0	0	0
incisor	chr10_GL383545v1_alt	3p	+	51	2	0	0	2
incisor	chr10_GL383545v1_alt	3p	+	52	1	2	1	0
incisor	chr10_GL383545v1_alt	3p	+	53	3	0	1	0
incisor	chr10_GL383545v1_alt	3p	+	54	1	1	0	2
incisor	chr10_GL383545v1_alt	3p	+	55	0	2	2	0
incisor	chr10_GL383545v1_alt	3p	+	56	0	1	0	2
incisor	chr10_GL383545v1_alt	3p	+	57	0	1	0	1
incisor	chr10_GL383545v1_alt	3p	+	58	0	0	1	1
incisor	chr10_GL383545v1_alt	3p	+	59	0	0	1	1
incisor	chr10_GL383545v1_alt	3p	+	60	2	0	0	0
incisor	chr10_GL383545v1_alt	3p	+	61	0	0	0	2
incisor	chr10_GL383545v1_alt	3p	+	62	1	1	0	0
incisor	chr10_GL383545v1_alt	3p	+	63	1	0	0	0
incisor	chr10_GL383545v1_alt	3p	+	64	0	1	0	0
incisor	chr10_GL383545v1_alt	3p	+	65	1	0	0	0
incisor	chr10_GL383545v1_alt	3p	+	66	0	0	0	0
incisor	chr10_GL383545v1_alt	3p	+	67	0	0	0	0
incisor	chr10_GL383545v1_alt	3p	+	68	0	0	0	0
incisor	chr10_GL383545v1_alt	3p	+	69	0	0	0	0
incisor	chr10_GL383545v1_alt	3p	+	70	0	0	0	0
incisor	chr10_GL383545v1_alt	3p	-	1	0	0	0	2
incisor	chr10_GL383545v1_alt	3p	-	2	2	0	0	0
incisor	chr10_GL383545v1_alt	3p	-	3	1	1	0	0
incisor	chr10_GL383545v1_alt	3p	-	4	1	0	1	0
incisor	chr10_GL383545v1_alt	3p	-	5	1	0	1	0
incisor	chr10_GL383545v1_alt	3p	-	6	1	0	1	0
incisor	chr10_GL383545v1_alt	3p	-	7	1	1	0	0
incisor	chr10_GL383545v1_alt	3p	-	8	1	1	0	0
incisor	chr10_GL383545v1_alt	3p	-	9	0	0	0	2
incisor	chr10_GL383545v1_alt	3p	-	10	0	1	0	1
incisor	chr10_GL383545v1_alt	3p	-	11	0	1	1	0
incisor	chr10_GL383545v1_alt	3p	-	12	2	0	0	0
incisor	chr10_GL383545v1_alt	3p	-	13	2	0	0	0
incisor	chr10_GL383545v1_alt	3p	-	14	0	2	0	0
incisor	chr10_GL383545v1_alt	3p	-	15	0	0	1	1
incisor	chr10_GL383545v1_alt	3p	-	16	1	0	0	1
incisor	chr10_GL383545v1_alt	3p	-	17	0	0	0	2
incisor	chr10_GL383545v1_alt	3p	-	18	0	0	0	2
incisor	chr10_GL383545v1_alt	3p	-	19	1	0	0	1
incisor	chr10_GL383545v1_alt	3p	-	20	0	0	0	2
incisor	chr10_GL383545v1_alt	3p	-	21	1	1	0	0
incisor	chr10_GL383545v1_alt	3p	-	22	2	0	0	0
incisor	chr10_GL383545v1_alt	3p	-	23	1	1	0	0
incisor	chr10_GL383545v1_alt	3p	-	24	0	0	1	1
incisor	chr10_GL383545v1_alt	3p	-	25	1	0	1	0
incisor	chr10_GL383545v1_alt	3p	-	26	0	0	1	1
incisor	chr10_GL383545v1_alt	3p	-	27	1	0	0	1
incisor	chr10_GL383545v1_alt	3p	-	28	1	0	1	0
incisor	chr10_GL383545v1_alt	3p	-	29	1	0	1	0
incisor	chr10_GL383545v1_alt	3p	-	30	2	0	0	0
incisor	chr10_GL383545v1_alt	3p	-	31	0	1	1	0
incisor	chr10_GL383545v1_alt	3p	-	32	2	0	0	0
incisor	chr10_GL383545v1_alt	3p	-	33	0	0	0	2
incisor	chr10_GL383545v1_alt	3p	-	34	1	0	0	1
incisor	chr10_GL383545v1_alt	3p	-	35	1	0	0	1
incisor	chr10_GL383545v1_alt	3p	-	36	1	1	0	0
incisor	chr10_GL383545v1_alt	3p	-	37	2	0	0	0
incisor	chr10_GL383545v1_alt	3p	-	38	1	0	1	0
incisor	chr10_GL383545v1_alt	3p	-	39	1	0	1	0
incisor	chr10_GL383545v1_alt	3p	-	40	0	1	0	1
incisor	chr10_GL383545v1_alt	3p	-	41	0	2	0	0
incisor	chr10_GL383545v1_alt	3p	-	42	1	0	1	0
incisor	chr10_GL383545v1_alt	3p	-	43	0	0	0	2
incisor	chr10_GL383545v1_alt	3p	-	44	1	0	1	0
incisor	chr10_GL383545v1_alt	3p	-	45	0	0	0	2
incisor	chr10_GL383545v1_alt	3p	-	46	1	1	0	0
incisor	chr10_GL383545v1_alt	3p	-	47	1	0	0	1
incisor	chr10_GL383545v1_alt	3p	-	48	1	0	1	0
incisor	chr10_GL383545v1_alt	3p	-	49	0	0	1	1
incisor	chr10_GL383545v1_alt	3p	-	50	2	0	0	0
incisor	chr10_GL383545v1_alt	3p	-	51	0	2	0	0
incisor	chr10_GL383545v1_alt	3p	-	52	0	0	1	1
incisor	chr10_GL383545v1_alt	3p	-	53	0	0	0	2
incisor	chr10_GL383545v1_alt	3p	-	54	0	1	1	0
incisor	chr10_GL383545v1_alt	3p	-	55	0	1	1	0
incisor	chr10_GL383545v1_alt	3p	-	56	0	0	1	1
incisor	chr10_GL383545v1_alt	3p	-	57	1	0	0	1
incisor	chr10_GL383545v1_alt	3p	-	58	1	0	1	0
incisor	chr10_GL383545v1_alt	3p	-	59	1	0	0	1
incisor	chr10_GL383545v1_alt	3p	-	60	1	0	1	0
incisor	chr10_GL383545v1_alt	3p	-	61	1	0	0	1
incisor	chr10_GL383545v1_alt	3p	-	62	1	0	0	0
incisor	chr10_GL383545v1_alt	3p	-	63	0	0	1	0
incisor	chr10_GL383545v1_alt	3p	-	64	1	0	0	0
incisor	chr10_GL383545v1_alt	3p	-	65	0	0	0	1
incisor	chr10_GL383545v1_alt	3p	-	66	0	1	0	0
incisor	chr10_GL383545v1_alt	3p	-	67	0	1	0	0
incisor	chr10_GL383545v1_alt	3p	-	68	1	0	0	0
incisor	chr10_GL383545v1_alt	3p	-	69	0	1	0	0
incisor	chr10_GL383545v1_alt	3p	-	70	0	0	0	1
incisor	chr10_GL383545v1_alt	5p	+	1	4	1	1	0
incisor	chr10_GL383545v1_alt	5p	+	2	2	3	0	1
incisor	chr10_GL383545v1_alt	5p	+	3	4	0	1	1
incisor	chr10_GL383545v1_alt	5p	+	4	1	2	1	2
incisor	chr10_GL383545v1_alt	5p	+	5	1	0	0	5
incisor	chr10_GL383545v1_alt	5p	+	6	3	0	1	2
incisor	chr10_GL383545v1_alt	5p	+	7	2	1	2	1
incisor	chr10_GL383545v1_alt	5p	+	8	2	2	2	0
incisor	chr10_GL383545v1_alt	5p	+	9	0	1	2	3
incisor	chr10_GL383545v1_alt	5p	+	10	2	2	1	1
incisor	chr10_GL383545v1_alt	5p	+	11	1	1	1	3
incisor	chr10_GL383545v1_alt	5p	+	12	3	0	1	2
incisor	chr10_GL383545v1_alt	5p	+	13	3	1	1	1
incisor	chr10_GL383545v1_alt	5p	+	14	1	1	2	2
incisor	chr10_GL383545v1_alt	5p	+	15	1	2	3	0
incisor	chr10_GL383545v1_alt	5p	+	16	4	2	0	0
incisor	chr10_GL383545v1_alt	5p	+	17	3	0	1	2
incisor	chr10_GL383545v1_alt	5p	+	18	0	0	3	3
incisor	chr10_GL383545v1_alt	5p	+	19	1	0	2	3
incisor	chr10_GL383545v1_alt	5p	+	20	2	0	1	3
incisor	chr10_GL383545v1_alt	5p	+	21	2	0	2	2
incisor	chr10_GL383545v1_alt	5p	+	22	3	2	1	0
incisor	chr10_GL383545v1_alt	5p	+	23	1	4	0	1
incisor	chr10_GL383545v1_alt	5p	+	24	2	1	0	3
incisor	chr10_GL383545v1_alt	5p	+	25	2	1	1	2
incisor	chr10_GL383545v1_alt	5p	+	26	1	2	3	0
incisor	chr10_GL383545v1_alt	5p	+	27	5	1	0	0
incisor	chr10_GL383545v1_alt	5p	+	28	3	3	0	0
incisor	chr10_GL383545v1_alt	5p	+	29	3	0	2	1
incisor	chr10_GL383545v1_alt	5p	+	30	2	0	2	2
incisor	chr10_GL383545v1_alt	5p	+	31	1	2	2	1
incisor	chr10_GL383545v1_alt	5p	+	32	1	2	1	2
incisor	chr10_GL383545v1_alt	5p	+	33	3	2	0	1
incisor	chr10_GL383545v1_alt	5p	+	34	2	2	1	1
incisor	chr10_GL383545v1_alt	5p	+	35	4	1	1	0
incisor	chr10_GL383545v1_alt	5p	+	36	3	1	0	2
incisor	chr10_GL383545v1_alt	5p	+	37	1	2	1	2
incisor	chr10_GL383545v1_alt	5p	+	38	2	2	1	1
incisor	chr10_GL383545v1_alt	5p	+	39	1	1	0	3
incisor	chr10_GL383545v1_alt	5p	+	40	0	0	1	4
incisor	chr10_GL383545v1_alt	5p	+	41	0	2	0	3
incisor	chr10_GL383545v1_alt	5p	+	42	1	2	0	2
incisor	chr10_GL383545v1_alt	5p	+	43	1	3	1	0
incisor	chr10_GL383545v1_alt	5p	+	44	2	0	0	3
incisor	chr10_GL383545v1_alt	5p	+	45	2	2	1	0
incisor	chr10_GL383545v1_alt	5p	+	46	1	1	0	3
incisor	chr10_GL383545v1_alt	5p	+	47	1	1	1	1
incisor	chr10_GL383545v1_alt	5p	+	48	1	0	1	2
incisor	chr10_GL383545v1_alt	5p	+	49	1	1	1	1
incisor	chr10_GL383545v1_alt	5p	+	50	1	1	1	1
incisor	chr10_GL383545v1_alt	5p	+	51	0	2	2	0
incisor	chr10_GL383545v1_alt	5p	+	52	3	0	0	1
incisor	chr10_GL383545v1_alt	5p	+	53	1	0	2	1
incisor	chr10_GL383545v1_alt	5p	+	54	1	0	1	2
incisor	chr10_GL383545v1_alt	5p	+	55	3	0	0	1
incisor	chr10_GL383545v1_alt	5p	+	56	2	0	0	1
incisor	chr10_GL383545v1_alt	5p	+	57	1	0	0	1
incisor	chr10_GL383545v1_alt	5p	+	58	1	0	1	0
incisor	chr10_GL383545v1_alt	5p	+	59	1	1	0	0
incisor	chr10_GL383545v1_alt	5p	+	60	0	0	0	2
incisor	chr10_GL383545v1_alt	5p	+	61	1	0	1	0
incisor	chr10_GL383545v1_alt	5p	+	62	0	2	0	0
incisor	chr10_GL383545v1_alt	5p	+	63	0	0	0	1
incisor	chr10_GL383545v1_alt	5p	+	64	0	0	1	0
incisor	chr10_GL383545v1_alt	5p	+	65	0	0	0	1
incisor	chr10_GL383545v1_alt	5p	+	66	0	0	0	0
incisor	chr10_GL383545v1_alt	5p	+	67	0	0	0	0
incisor	chr10_GL383545v1_alt	5p	+	68	0	0	0	0
incisor	chr10_GL383545v1_alt	5p	+	69	0	0	0	0
incisor	chr10_GL383545v1_alt	5p	+	70	0	0	0	0
incisor	chr10_GL383545v1_alt	5p	-	1	1	0	0	1
incisor	chr10_GL383545v1_alt	5p	-	2	1	1	0	0
incisor	chr10_GL383545v1_alt	5p	-	3	0	0	0	2
incisor	chr10_GL383545v1_alt	5p	-	4	0	1	1	0
incisor	chr10_GL383545v1_alt	5p	-	5	1	0	0	1
incisor	chr10_GL383545v1_alt	5p	-	6	0	1	0	1
incisor	chr10_GL383545v1_alt	5p	-	7	0	2	0	0
incisor	chr10_GL383545v1_alt	5p	-	8	0	1	0	1
incisor	chr10_GL383545v1_alt	5p	-	9	1	0	0	1
incisor	chr10_GL383545v1_alt	5p	-	10	0	0	1	1
incisor	chr10_GL383545v1_alt	5p	-	11	1	1	0	0
incisor	chr10_GL383545v1_alt	5p	-	12	1	0	0	1
incisor	chr10_GL383545v1_alt	5p	-	13	0	0	2	0
incisor	chr10_GL383545v1_alt	5p	-	14	2	0	0	0
incisor	chr10_GL383545v1_alt	5p	-	15	1	0	0	1
incisor	chr10_GL383545v1_alt	5p	-	16	1	1	0	0
incisor	chr10_GL383545v1_alt	5p	-	17	0	0	1	1
incisor	chr10_GL383545v1_alt	5p	-	18	1	0	1	0
incisor	chr10_GL383545v1_alt	5p	-	19	0	0	1	1
incisor	chr10_GL383545v1_alt	5p	-	20	1	0	0	1
incisor	chr10_GL383545v1_alt	5p	-	21	0	1	1	0
incisor	chr10_GL383545v1_alt	5p	-	22	0	1	0	1
incisor	chr10_GL383545v1_alt	5p	-	23	1	0	1	0
incisor	chr10_GL383545v1_alt	5p	-	24	0	0	1	1
incisor	chr10_GL383545v1_alt	5p	-	25	1	0	1	0
incisor	chr10_GL383545v1_alt	5p	-	26	1	1	0	0
incisor	chr10_GL383545v1_alt	5p	-	27	2	0	0	0
incisor	chr10_GL383545v1_alt	5p	-	28	1	0	0	1
incisor	chr10_GL383545v1_alt	5p	-	29	0	0	1	1
incisor	chr10_GL383545v1_alt	5p	-	30	1	0	0	1
incisor	chr10_GL383545v1_alt	5p	-	31	0	1	1	0
incisor	chr10_GL383545v1_alt	5p	-	32	1	1	0	0
incisor	chr10_GL383545v1_alt	5p	-	33	0	1	1	0
incisor	chr10_GL383545v1_alt	5p	-	34	2	0	0	0
incisor	chr10_GL383545v1_alt	5p	-	35	1	0	0	1
incisor	chr10_GL383545v1_alt	5p	-	36	1	0	0	1
incisor	chr10_GL383545v1_alt	5p	-	37	2	0	0	0
incisor	chr10_GL383545v1_alt	5p	-	38	0	0	0	2
incisor	chr10_GL383545v1_alt	5p	-	39	0	1	0	1
incisor	chr10_GL383545v1_alt	5p	-	40	1	0	0	1
incisor	chr10_GL383545v1_alt	5p	-	41	2	0	0	0
incisor	chr10_GL383545v1_alt	5p	-	42	0	0	1	1
incisor	chr10_GL383545v1_alt	5p	-	43	2	0	0	0
incisor	chr10_GL383545v1_alt	5p	-	44	1	0	0	1
incisor	chr10_GL383545v1_alt	5p	-	45	0	0	1	1
incisor	chr10_GL383545v1_alt	5p	-	46	1	0	0	1
incisor	chr10_GL383545v1_alt	5p	-	47	0	0	1	1
incisor	chr10_GL383545v1_alt	5p	-	48	0	1	1	0
incisor	chr10_GL383545v1_alt	5p	-	49	1	0	1	0
incisor	chr10_GL383545v1_alt	5p	-	50	2	0	0	0
incisor	chr10_GL383545v1_alt	5p	-	51	1	0	1	0
incisor	chr10_GL383545v1_alt	5p	-	52	0	1	0	1
incisor	chr10_GL383545v1_alt	5p	-	53	0	0	0	2
incisor	chr10_GL383545v1_alt	5p	-	54	0	1	0	1
incisor	chr10_GL383545v1_alt	5p	-	55	0	1	0	1
incisor	chr10_GL383545v1_alt	5p	-	56	1	0	0	1
incisor	chr10_GL383545v1_alt	5p	-	57	2	0	0	0
incisor	chr10_GL383545v1_alt	5p	-	58	0	0	2	0
incisor	chr10_GL383545v1_alt	5p	-	59	0	2	0	0
incisor	chr10_GL383545v1_alt	5p	-	60	2	0	0	0
incisor	chr10_GL383545v1_alt	5p	-	61	1	0	0	1
incisor	chr10_GL383545v1_alt	5p	-	62	0	1	0	0
incisor	chr10_GL383545v1_alt	5p	-	63	0	1	0	0
incisor	chr10_GL383545v1_alt	5p	-	64	0	0	0	1
incisor	chr10_GL383545v1_alt	5p	-	65	1	0	0	0
incisor	chr10_GL383545v1_alt	5p	-	66	1	0	0	0
incisor	chr10_GL383545v1_alt	5p	-	67	0	0	1	0
incisor	chr10_GL383545v1_alt	5p	-	68	0	0	1	0
incisor	chr10_GL383545v1_alt	5p	-	69	1	0	0	0
incisor	chr10_GL383545v1_alt	5p	-	70	1	0	0	0
incisor	chr10_GL383546v1_alt	3p	+	1	0	0	0	0
incisor	chr10_GL383546v1_alt	3p	+	2	0	0	0	0
incisor	chr10_GL383546v1_alt	3p	+	3	0	0	0	0
incisor	chr10_GL383546v1_alt	3p	+	4	0	0	0	0
incisor	chr10_GL383546v1_alt	3p	+	5	0	0	0	0
incisor	chr10_GL383546v1_alt	3p	+	6	0	0	0	0
incisor	chr10_GL383546v1_alt	3p	+	7	0	0	0	0
incisor	chr10_GL383546v1_alt	3p	+	8	0	0	0	0
incisor	chr10_GL383546v1_alt	3p	+	9	0	0	0	0
incisor	chr10_GL383546v1_alt	3p	+	10	0	0	0	0
incisor	chr10_GL383546v1_alt	3p	+	11	0	0	0	0
incisor	chr10_GL383546v1_alt	3p	+	12	0	0	0	0
incisor	chr10_GL383546v1_alt	3p	+	13	0	0	0	0
incisor	chr10_GL383546v1_alt	3p	+	14	0	0	0	0
incisor	chr10_GL383546v1_alt	3p	+	15	0	0	0	0
incisor	chr10_GL383546v1_alt	3p	+	16	0	0	0	0
incisor	chr10_GL383546v1_alt	3p	+	17	0	0	0	0
incisor	chr10_GL383546v1_alt	3p	+	18	0	0	0	0
incisor	chr10_GL383546v1_alt	3p	+	19	0	0	0	0
incisor	chr10_GL383546v1_alt	3p	+	20	0	0	0	0
incisor	chr10_GL383546v1_alt	3p	+	21	0	0	0	0
incisor	chr10_GL383546v1_alt	3p	+	22	0	0	0	0
incisor	chr10_GL383546v1_alt	3p	+	23	0	0	0	0
incisor	chr10_GL383546v1_alt	3p	+	24	0	0	0	0
incisor	chr10_GL383546v1_alt	3p	+	25	0	0	0	0
incisor	chr10_GL383546v1_alt	3p	+	26	0	0	0	0
incisor	chr10_GL383546v1_alt	3p	+	27	0	0	0	0
incisor	chr10_GL383546v1_alt	3p	+	28	0	0	0	0
incisor	chr10_GL383546v1_alt	3p	+	29	0	0	0	0
incisor	chr10_GL383546v1_alt	3p	+	30	0	0	0	0
incisor	chr10_GL383546v1_alt	3p	+	31	0	0	0	0
incisor	chr10_GL383546v1_alt	3p	+	32	0	0	0	0
incisor	chr10_GL383546v1_alt	3p	+	33	0	0	0	0
incisor	chr10_GL383546v1_alt	3p	+	34	0	0	0	0
incisor	chr10_GL383546v1_alt	3p	+	35	0	0	0	0
incisor	chr10_GL383546v1_alt	3p	+	36	0	0	0	0
incisor	chr10_GL383546v1_alt	3p	+	37	0	0	0	0
incisor	chr10_GL383546v1_alt	3p	+	38	0	0	0	0
incisor	chr10_GL383546v1_alt	3p	+	39	0	0	0	0
incisor	chr10_GL383546v1_alt	3p	+	40	0	0	0	0
incisor	chr10_GL383546v1_alt	3p	+	41	0	0	0	0
incisor	chr10_GL383546v1_alt	3p	+	42	0	0	0	0
incisor	chr10_GL383546v1_alt	3p	+	43	0	0	0	0
incisor	chr10_GL383546v1_alt	3p	+	44	0	0	0	0
incisor	chr10_GL383546v1_alt	3p	+	45	0	0	0	0
incisor	chr10_GL383546v1_alt	3p	+	46	0	0	0	0
incisor	chr10_GL383546v1_alt	3p	+	47	0	0	0	0
incisor	chr10_GL383546v1_alt	3p	+	48	0	0	0	0
incisor	chr10_GL383546v1_alt	3p	+	49	0	0	0	0
incisor	chr10_GL383546v1_alt	3p	+	50	0	0	0	0
incisor	chr10_GL383546v1_alt	3p	+	51	0	0	0	0
incisor	chr10_GL383546v1_alt	3p	+	52	0	0	0	0
incisor	chr10_GL383546v1_alt	3p	+	53	0	0	0	0
incisor	chr10_GL383546v1_alt	3p	+	54	0	0	0	0
incisor	chr10_GL383546v1_alt	3p	+	55	0	0	0	0
incisor	chr10_GL383546v1_alt	3p	+	56	0	0	0	0
incisor	chr10_GL383546v1_alt	3p	+	57	0	0	0	0
incisor	chr10_GL383546v1_alt	3p	+	58	0	0	0	0
incisor	chr10_GL383546v1_alt	3p	+	59	0	0	0	0
incisor	chr10_GL383546v1_alt	3p	+	60	0	0	0	0
incisor	chr10_GL383546v1_alt	3p	+	61	0	0	0	0
incisor	chr10_GL383546v1_alt	3p	+	62	0	0	0	0
incisor	chr10_GL383546v1_alt	3p	+	63	0	0	0	0
incisor	chr10_GL383546v1_alt	3p	+	64	0	0	0	0
incisor	chr10_GL383546v1_alt	3p	+	65	0	0	0	0
incisor	chr10_GL383546v1_alt	3p	+	66	0	0	0	0
incisor	chr10_GL383546v1_alt	3p	+	67	0	0	0	0
incisor	chr10_GL383546v1_alt	3p	+	68	0	0	0	0
incisor	chr10_GL383546v1_alt	3p	+	69	0	0	0	0
incisor	chr10_GL383546v1_alt	3p	+	70	0	0	0	0
incisor	chr10_GL383546v1_alt	3p	-	1	0	0	0	0
incisor	chr10_GL383546v1_alt	3p	-	2	0	0	0	0
incisor	chr10_GL383546v1_alt	3p	-	3	0	0	0	0
incisor	chr10_GL383546v1_alt	3p	-	4	0	0	0	0
incisor	chr10_GL383546v1_alt	3p	-	5	0	0	0	0
incisor	chr10_GL383546v1_alt	3p	-	6	0	0	0	0
incisor	chr10_GL383546v1_alt	3p	-	7	0	0	0	0
incisor	chr10_GL383546v1_alt	3p	-	8	0	0	0	0
incisor	chr10_GL383546v1_alt	3p	-	9	0	0	0	0
incisor	chr10_GL383546v1_alt	3p	-	10	0	0	0	0
incisor	chr10_GL383546v1_alt	3p	-	11	0	0	0	0
incisor	chr10_GL383546v1_alt	3p	-	12	0	0	0	0
incisor	chr10_GL383546v1_alt	3p	-	13	0	0	0	0
incisor	chr10_GL383546v1_alt	3p	-	14	0	0	0	0
incisor	chr10_GL383546v1_alt	3p	-	15	0	0	0	0
incisor	chr10_GL383546v1_alt	3p	-	16	0	0	0	0
incisor	chr10_GL383546v1_alt	3p	-	17	0	0	0	0
incisor	chr10_GL383546v1_alt	3p	-	18	0	0	0	0
incisor	chr10_GL383546v1_alt	3p	-	19	0	0	0	0
incisor	chr10_GL383546v1_alt	3p	-	20	0	0	0	0
incisor	chr10_GL383546v1_alt	3p	-	21	0	0	0	0
incisor	chr10_GL383546v1_alt	3p	-	22	0	0	0	0
incisor	chr10_GL383546v1_alt	3p	-	23	0	0	0	0
incisor	chr10_GL383546v1_alt	3p	-	24	0	0	0	0
incisor	chr10_GL383546v1_alt	3p	-	25	0	0	0	0
incisor	chr10_GL383546v1_alt	3p	-	26	0	0	0	0
incisor	chr10_GL383546v1_alt	3p	-	27	0	0	0	0
incisor	chr10_GL383546v1_alt	3p	-	28	0	0	0	0
incisor	chr10_GL383546v1_alt	3p	-	29	0	0	0	0
incisor	chr10_GL383546v1_alt	3p	-	30	0	0	0	0
incisor	chr10_GL383546v1_alt	3p	-	31	0	0	0	0
incisor	chr10_GL383546v1_alt	3p	-	32	0	0	0	0
incisor	chr10_GL383546v1_alt	3p	-	33	0	0	0	0
incisor	chr10_GL383546v1_alt	3p	-	34	0	0	0	0
incisor	chr10_GL383546v1_alt	3p	-	35	0	0	0	0
incisor	chr10_GL383546v1_alt	3p	-	36	0	0	0	0
incisor	chr10_GL383546v1_alt	3p	-	37	0	0	0	0
incisor	chr10_GL383546v1_alt	3p	-	38	0	0	0	0
incisor	chr10_GL383546v1_alt	3p	-	39	0	0	0	0
incisor	chr10_GL383546v1_alt	3p	-	40	0	0	0	0
incisor	chr10_GL383546v1_alt	3p	-	41	0	0	0	0
incisor	chr10_GL383546v1_alt	3p	-	42	0	0	0	0
incisor	chr10_GL383546v1_alt	3p	-	43	0	0	0	0
incisor	chr10_GL383546v1_alt	3p	-	44	0	0	0	0
incisor	chr10_GL383546v1_alt	3p	-	45	0	0	0	0
incisor	chr10_GL383546v1_alt	3p	-	46	0	0	0	0
incisor	chr10_GL383546v1_alt	3p	-	47	0	0	0	0
incisor	chr10_GL383546v1_alt	3p	-	48	0	0	0	0
incisor	chr10_GL383546v1_alt	3p	-	49	0	0	0	0
incisor	chr10_GL383546v1_alt	3p	-	50	0	0	0	0
incisor	chr10_GL383546v1_alt	3p	-	51	0	0	0	0
incisor	chr10_GL383546v1_alt	3p	-	52	0	0	0	0
incisor	chr10_GL383546v1_alt	3p	-	53	0	0	0	0
incisor	chr10_GL383546v1_alt	3p	-	54	0	0	0	0
incisor	chr10_GL383546v1_alt	3p	-	55	0	0	0	0
incisor	chr10_GL383546v1_alt	3p	-	56	0	0	0	0
incisor	chr10_GL383546v1_alt	3p	-	57	0	0	0	0
incisor	chr10_GL383546v1_alt	3p	-	58	0	0	0	0
incisor	chr10_GL383546v1_alt	3p	-	59	0	0	0	0
incisor	chr10_GL383546v1_alt	3p	-	60	0	0	0	0
incisor	chr10_GL383546v1_alt	3p	-	61	0	0	0	0
incisor	chr10_GL383546v1_alt	3p	-	62	0	0	0	0
incisor	chr10_GL383546v1_alt	3p	-	63	0	0	0	0
incisor	chr10_GL383546v1_alt	3p	-	64	0	0	0	0
incisor	chr10_GL383546v1_alt	3p	-	65	0	0	0	0
incisor	chr10_GL383546v1_alt	3p	-	66	0	0	0	0
incisor	chr10_GL383546v1_alt	3p	-	67	0	0	0	0
incisor	chr10_GL383546v1_alt	3p	-	68	0	0	0	0
incisor	chr10_GL383546v1_alt	3p	-	69	0	0	0	0
incisor	chr10_GL383546v1_alt	3p	-	70	0	0	0	0
incisor	chr10_GL383546v1_alt	5p	+	1	0	0	0	0
incisor	chr10_GL383546v1_alt	5p	+	2	0	0	0	0
incisor	chr10_GL383546v1_alt	5p	+	3	0	0	0	0
incisor	chr10_GL383546v1_alt	5p	+	4	0	0	0	0
incisor	chr10_GL383546v1_alt	5p	+	5	0	0	0	0
incisor	chr10_GL383546v1_alt	5p	+	6	0	0	0	0
incisor	chr10_GL383546v1_alt	5p	+	7	0	0	0	0
incisor	chr10_GL383546v1_alt	5p	+	8	0	0	0	0
incisor	chr10_GL383546v1_alt	5p	+	9	0	0	0	0
incisor	chr10_GL383546v1_alt	5p	+	10	0	0	0	0
incisor	chr10_GL383546v1_alt	5p	+	11	0	0	0	0
incisor	chr10_GL383546v1_alt	5p	+	12	0	0	0	0
incisor	chr10_GL383546v1_alt	5p	+	13	0	0	0	0
incisor	chr10_GL383546v1_alt	5p	+	14	0	0	0	0
incisor	chr10_GL383546v1_alt	5p	+	15	0	0	0	0
incisor	chr10_GL383546v1_alt	5p	+	16	0	0	0	0
incisor	chr10_GL383546v1_alt	5p	+	17	0	0	0	0
incisor	chr10_GL383546v1_alt	5p	+	18	0	0	0	0
incisor	chr10_GL383546v1_alt	5p	+	19	0	0	0	0
incisor	chr10_GL383546v1_alt	5p	+	20	0	0	0	0
incisor	chr10_GL383546v1_alt	5p	+	21	0	0	0	0
incisor	chr10_GL383546v1_alt	5p	+	22	0	0	0	0
incisor	chr10_GL383546v1_alt	5p	+	23	0	0	0	0
incisor	chr10_GL383546v1_alt	5p	+	24	0	0	0	0
incisor	chr10_GL383546v1_alt	5p	+	25	0	0	0	0
incisor	chr10_GL383546v1_alt	5p	+	26	0	0	0	0
incisor	chr10_GL383546v1_alt	5p	+	27	0	0	0	0
incisor	chr10_GL383546v1_alt	5p	+	28	0	0	0	0
incisor	chr10_GL383546v1_alt	5p	+	29	0	0	0	0
incisor	chr10_GL383546v1_alt	5p	+	30	0	0	0	0
incisor	chr10_GL383546v1_alt	5p	+	31	0	0	0	0
incisor	chr10_GL383546v1_alt	5p	+	32	0	0	0	0
incisor	chr10_GL383546v1_alt	5p	+	33	0	0	0	0
incisor	chr10_GL383546v1_alt	5p	+	34	0	0	0	0
incisor	chr10_GL383546v1_alt	5p	+	35	0	0	0	0
incisor	chr10_GL383546v1_alt	5p	+	36	0	0	0	0
incisor	chr10_GL383546v1_alt	5p	+	37	0	0	0	0
incisor	chr10_GL383546v1_alt	5p	+	38	0	0	0	0
incisor	chr10_GL383546v1_alt	5p	+	39	0	0	0	0
incisor	chr10_GL383546v1_alt	5p	+	40	0	0	0	0
incisor	chr10_GL383546v1_alt	5p	+	41	0	0	0	0
incisor	chr10_GL383546v1_alt	5p	+	42	0	0	0	0
incisor	chr10_GL383546v1_alt	5p	+	43	0	0	0	0
incisor	chr10_GL383546v1_alt	5p	+	44	0	0	0	0
incisor	chr10_GL383546v1_alt	5p	+	45	0	0	0	0
incisor	chr10_GL383546v1_alt	5p	+	46	0	0	0	0
incisor	chr10_GL383546v1_alt	5p	+	47	0	0	0	0
incisor	chr10_GL383546v1_alt	5p	+	48	0	0	0	0
incisor	chr10_GL383546v1_alt	5p	+	49	0	0	0	0
incisor	chr10_GL383546v1_alt	5p	+	50	0	0	0	0
incisor	chr10_GL383546v1_alt	5p	+	51	0	0	0	0
incisor	chr10_GL383546v1_alt	5p	+	52	0	0	0	0
incisor	chr10_GL383546v1_alt	5p	+	53	0	0	0	0
incisor	chr10_GL383546v1_alt	5p	+	54	0	0	0	0
incisor	chr10_GL383546v1_alt	5p	+	55	0	0	0	0
incisor	chr10_GL383546v1_alt	5p	+	56	0	0	0	0
incisor	chr10_GL383546v1_alt	5p	+	57	0	0	0	0
incisor	chr10_GL383546v1_alt	5p	+	58	0	0	0	0
incisor	chr10_GL383546v1_alt	5p	+	59	0	0	0	0
incisor	chr10_GL383546v1_alt	5p	+	60	0	0	0	0
incisor	chr10_GL383546v1_alt	5p	+	61	0	0	0	0
incisor	chr10_GL383546v1_alt	5p	+	62	0	0	0	0
incisor	chr10_GL383546v1_alt	5p	+	63	0	0	0	0
incisor	chr10_GL383546v1_alt	5p	+	64	0	0	0	0
incisor	chr10_GL383546v1_alt	5p	+	65	0	0	0	0
incisor	chr10_GL383546v1_alt	5p	+	66	0	0	0	0
incisor	chr10_GL383546v1_alt	5p	+	67	0	0	0	0
incisor	chr10_GL383546v1_alt	5p	+	68	0	0	0	0
incisor	chr10_GL383546v1_alt	5p	+	69	0	0	0	0
incisor	chr10_GL383546v1_alt	5p	+	70	0	0	0	0
incisor	chr10_GL383546v1_alt	5p	-	1	0	0	0	0
incisor	chr10_GL383546v1_alt	5p	-	2	0	0	0	0
incisor	chr10_GL383546v1_alt	5p	-	3	0	0	0	0
incisor	chr10_GL383546v1_alt	5p	-	4	0	0	0	0
incisor	chr10_GL383546v1_alt	5p	-	5	0	0	0	0
incisor	chr10_GL383546v1_alt	5p	-	6	0	0	0	0
incisor	chr10_GL383546v1_alt	5p	-	7	0	0	0	0
incisor	chr10_GL383546v1_alt	5p	-	8	0	0	0	0
incisor	chr10_GL383546v1_alt	5p	-	9	0	0	0	0
incisor	chr10_GL383546v1_alt	5p	-	10	0	0	0	0
incisor	chr10_GL383546v1_alt	5p	-	11	0	0	0	0
incisor	chr10_GL383546v1_alt	5p	-	12	0	0	0	0
incisor	chr10_GL383546v1_alt	5p	-	13	0	0	0	0
incisor	chr10_GL383546v1_alt	5p	-	14	0	0	0	0
incisor	chr10_GL383546v1_alt	5p	-	15	0	0	0	0
incisor	chr10_GL383546v1_alt	5p	-	16	0	0	0	0
incisor	chr10_GL383546v1_alt	5p	-	17	0	0	0	0
incisor	chr10_GL383546v1_alt	5p	-	18	0	0	0	0
incisor	chr10_GL383546v1_alt	5p	-	19	0	0	0	0
incisor	chr10_GL383546v1_alt	5p	-	20	0	0	0	0
incisor	chr10_GL383546v1_alt	5p	-	21	0	0	0	0
incisor	chr10_GL383546v1_alt	5p	-	22	0	0	0	0
incisor	chr10_GL383546v1_alt	5p	-	23	0	0	0	0
incisor	chr10_GL383546v1_alt	5p	-	24	0	0	0	0
incisor	chr10_GL383546v1_alt	5p	-	25	0	0	0	0
incisor	chr10_GL383546v1_alt	5p	-	26	0	0	0	0
incisor	chr10_GL383546v1_alt	5p	-	27	0	0	0	0
incisor	chr10_GL383546v1_alt	5p	-	28	0	0	0	0
incisor	chr10_GL383546v1_alt	5p	-	29	0	0	0	0
incisor	chr10_GL383546v1_alt	5p	-	30	0	0	0	0
incisor	chr10_GL383546v1_alt	5p	-	31	0	0	0	0
incisor	chr10_GL383546v1_alt	5p	-	32	0	0	0	0
incisor	chr10_GL383546v1_alt	5p	-	33	0	0	0	0
incisor	chr10_GL383546v1_alt	5p	-	34	0	0	0	0
incisor	chr10_GL383546v1_alt	5p	-	35	0	0	0	0
incisor	chr10_GL383546v1_alt	5p	-	36	0	0	0	0
incisor	chr10_GL383546v1_alt	5p	-	37	0	0	0	0
incisor	chr10_GL383546v1_alt	5p	-	38	0	0	0	0
incisor	chr10_GL383546v1_alt	5p	-	39	0	0	0	0
incisor	chr10_GL383546v1_alt	5p	-	40	0	0	0	0
incisor	chr10_GL383546v1_alt	5p	-	41	0	0	0	0
incisor	chr10_GL383546v1_alt	5p	-	42	0	0	0	0
incisor	chr10_GL383546v1_alt	5p	-	43	0	0	0	0
incisor	chr10_GL383546v1_alt	5p	-	44	0	0	0	0
incisor	chr10_GL383546v1_alt	5p	-	45	0	0	0	0
incisor	chr10_GL383546v1_alt	5p	-	46	0	0	0	0
incisor	chr10_GL383546v1_alt	5p	-	47	0	0	0	0
incisor	chr10_GL383546v1_alt	5p	-	48	0	0	0	0
incisor	chr10_GL383546v1_alt	5p	-	49	0	0	0	0
incisor	chr10_GL383546v1_alt	5p	-	50	0	0	0	0
incisor	chr10_GL383546v1_alt	5p	-	51	0	0	0	0
incisor	chr10_GL383546v1_alt	5p	-	52	0	0	0	0
incisor	chr10_GL383546v1_alt	5p	-	53	0	0	0	0
incisor	chr10_GL383546v1_alt	5p	-	54	0	0	0	0
incisor	chr10_GL383546v1_alt	5p	-	55	0	0	0	0
incisor	chr10_GL383546v1_alt	5p	-	56	0	0	0	0
incisor	chr10_GL383546v1_alt	5p	-	57	0	0	0	0
incisor	chr10_GL383546v1_alt	5p	-	58	0	0	0	0
incisor	chr10_GL383546v1_alt	5p	-	59	0	0	0	0
incisor	chr10_GL383546v1_alt	5p	-	60	0	0	0	0
incisor	chr10_GL383546v1_alt	5p	-	61	0	0	0	0
incisor	chr10_GL383546v1_alt	5p	-	62	0	0	0	0
incisor	chr10_GL383546v1_alt	5p	-	63	0	0	0	0
incisor	chr10_GL383546v1_alt	5p	-	64	0	0	0	0
incisor	chr10_GL383546v1_alt	5p	-	65	0	0	0	0
incisor	chr10_GL383546v1_alt	5p	-	66	0	0	0	0
incisor	chr10_GL383546v1_alt	5p	-	67	0	0	0	0
incisor	chr10_GL383546v1_alt	5p	-	68	0	0	0	0
incisor	chr10_GL383546v1_alt	5p	-	69	0	0	0	0
incisor	chr10_GL383546v1_alt	5p	-	70	0	0	0	0
incisor	chr10_KI270824v1_alt	3p	+	1	0	0	0	1
incisor	chr10_KI270824v1_alt	3p	+	2	0	0	0	1
incisor	chr10_KI270824v1_alt	3p	+	3	0	0	1	0
incisor	chr10_KI270824v1_alt	3p	+	4	0	0	0	1
incisor	chr10_KI270824v1_alt	3p	+	5	0	0	0	1
incisor	chr10_KI270824v1_alt	3p	+	6	0	0	1	0
incisor	chr10_KI270824v1_alt	3p	+	7	1	0	0	0
incisor	chr10_KI270824v1_alt	3p	+	8	0	0	1	0
incisor	chr10_KI270824v1_alt	3p	+	9	0	1	0	0
incisor	chr10_KI270824v1_alt	3p	+	10	0	0	1	0
incisor	chr10_KI270824v1_alt	3p	+	11	0	1	0	0
incisor	chr10_KI270824v1_alt	3p	+	12	0	1	0	0
incisor	chr10_KI270824v1_alt	3p	+	13	0	0	1	0
incisor	chr10_KI270824v1_alt	3p	+	14	0	1	0	0
incisor	chr10_KI270824v1_alt	3p	+	15	0	1	0	0
incisor	chr10_KI270824v1_alt	3p	+	16	0	0	1	0
incisor	chr10_KI270824v1_alt	3p	+	17	0	0	1	0
incisor	chr10_KI270824v1_alt	3p	+	18	0	1	0	0
incisor	chr10_KI270824v1_alt	3p	+	19	0	1	0	0
incisor	chr10_KI270824v1_alt	3p	+	20	0	1	0	0
incisor	chr10_KI270824v1_alt	3p	+	21	0	1	0	0
incisor	chr10_KI270824v1_alt	3p	+	22	0	1	0	0
incisor	chr10_KI270824v1_alt	3p	+	23	0	0	0	1
incisor	chr10_KI270824v1_alt	3p	+	24	0	0	1	0
incisor	chr10_KI270824v1_alt	3p	+	25	0	0	0	1
incisor	chr10_KI270824v1_alt	3p	+	26	0	0	0	1
incisor	chr10_KI270824v1_alt	3p	+	27	0	0	0	1
incisor	chr10_KI270824v1_alt	3p	+	28	0	0	1	0
incisor	chr10_KI270824v1_alt	3p	+	29	0	0	0	1
incisor	chr10_KI270824v1_alt	3p	+	30	0	1	0	0
incisor	chr10_KI270824v1_alt	3p	+	31	0	0	1	0
incisor	chr10_KI270824v1_alt	3p	+	32	0	0	1	0
incisor	chr10_KI270824v1_alt	3p	+	33	0	1	0	0
incisor	chr10_KI270824v1_alt	3p	+	34	0	1	0	0
incisor	chr10_KI270824v1_alt	3p	+	35	0	1	0	0
incisor	chr10_KI270824v1_alt	3p	+	36	0	1	0	0
incisor	chr10_KI270824v1_alt	3p	+	37	0	0	1	0
incisor	chr10_KI270824v1_alt	3p	+	38	0	1	0	0
incisor	chr10_KI270824v1_alt	3p	+	39	0	1	0	0
incisor	chr10_KI270824v1_alt	3p	+	40	0	1	0	0
incisor	chr10_KI270824v1_alt	3p	+	41	0	0	1	0
incisor	chr10_KI270824v1_alt	3p	+	42	0	0	0	1
incisor	chr10_KI270824v1_alt	3p	+	43	0	0	0	1
incisor	chr10_KI270824v1_alt	3p	+	44	0	0	0	1
incisor	chr10_KI270824v1_alt	3p	+	45	0	0	0	1
incisor	chr10_KI270824v1_alt	3p	+	46	0	0	0	1
incisor	chr10_KI270824v1_alt	3p	+	47	0	1	0	0
incisor	chr10_KI270824v1_alt	3p	+	48	0	0	1	0
incisor	chr10_KI270824v1_alt	3p	+	49	0	0	1	0
incisor	chr10_KI270824v1_alt	3p	+	50	0	1	0	0
incisor	chr10_KI270824v1_alt	3p	+	51	0	0	1	0
incisor	chr10_KI270824v1_alt	3p	+	52	0	0	0	1
incisor	chr10_KI270824v1_alt	3p	+	53	0	0	0	1
incisor	chr10_KI270824v1_alt	3p	+	54	1	0	0	0
incisor	chr10_KI270824v1_alt	3p	+	55	0	1	0	0
incisor	chr10_KI270824v1_alt	3p	+	56	0	0	1	0
incisor	chr10_KI270824v1_alt	3p	+	57	0	0	1	0
incisor	chr10_KI270824v1_alt	3p	+	58	0	0	0	1
incisor	chr10_KI270824v1_alt	3p	+	59	0	1	0	0
incisor	chr10_KI270824v1_alt	3p	+	60	0	1	0	0
incisor	chr10_KI270824v1_alt	3p	+	61	0	1	0	0
incisor	chr10_KI270824v1_alt	3p	+	62	1	0	0	0
incisor	chr10_KI270824v1_alt	3p	+	63	0	1	0	0
incisor	chr10_KI270824v1_alt	3p	+	64	1	0	0	0
incisor	chr10_KI270824v1_alt	3p	+	65	0	0	1	0
incisor	chr10_KI270824v1_alt	3p	+	66	0	0	0	1
incisor	chr10_KI270824v1_alt	3p	+	67	0	0	0	1
incisor	chr10_KI270824v1_alt	3p	+	68	0	0	0	1
incisor	chr10_KI270824v1_alt	3p	+	69	0	0	0	1
incisor	chr10_KI270824v1_alt	3p	+	70	0	0	0	1
incisor	chr10_KI270824v1_alt	3p	-	1	0	0	0	0
incisor	chr10_KI270824v1_alt	3p	-	2	0	0	0	0
incisor	chr10_KI270824v1_alt	3p	-	3	0	0	0	0
incisor	chr10_KI270824v1_alt	3p	-	4	0	0	0	0
incisor	chr10_KI270824v1_alt	3p	-	5	0	0	0	0
incisor	chr10_KI270824v1_alt	3p	-	6	0	0	0	0
incisor	chr10_KI270824v1_alt	3p	-	7	0	0	0	0
incisor	chr10_KI270824v1_alt	3p	-	8	0	0	0	0
incisor	chr10_KI270824v1_alt	3p	-	9	0	0	0	0
incisor	chr10_KI270824v1_alt	3p	-	10	0	0	0	0
incisor	chr10_KI270824v1_alt	3p	-	11	0	0	0	0
incisor	chr10_KI270824v1_alt	3p	-	12	0	0	0	0
incisor	chr10_KI270824v1_alt	3p	-	13	0	0	0	0
incisor	chr10_KI270824v1_alt	3p	-	14	0	0	0	0
incisor	chr10_KI270824v1_alt	3p	-	15	0	0	0	0
incisor	chr10_KI270824v1_alt	3p	-	16	0	0	0	0
incisor	chr10_KI270824v1_alt	3p	-	17	0	0	0	0
incisor	chr10_KI270824v1_alt	3p	-	18	0	0	0	0
incisor	chr10_KI270824v1_alt	3p	-	19	0	0	0	0
incisor	chr10_KI270824v1_alt	3p	-	20	0	0	0	0
incisor	chr10_KI270824v1_alt	3p	-	21	0	0	0	0
incisor	chr10_KI270824v1_alt	3p	-	22	0	0	0	0
incisor	chr10_KI270824v1_alt	3p	-	23	0	0	0	0
incisor	chr10_KI270824v1_alt	3p	-	24	0	0	0	0
incisor	chr10_KI270824v1_alt	3p	-	25	0	0	0	0
incisor	chr10_KI270824v1_alt	3p	-	26	0	0	0	0
incisor	chr10_KI270824v1_alt	3p	-	27	0	0	0	0
incisor	chr10_KI270824v1_alt	3p	-	28	0	0	0	0
incisor	chr10_KI270824v1_alt	3p	-	29	0	0	0	0
incisor	chr10_KI270824v1_alt	3p	-	30	0	0	0	0
incisor	chr10_KI270824v1_alt	3p	-	31	0	0	0	0
incisor	chr10_KI270824v1_alt	3p	-	32	0	0	0	0
incisor	chr10_KI270824v1_alt	3p	-	33	0	0	0	0
incisor	chr10_KI270824v1_alt	3p	-	34	0	0	0	0
incisor	chr10_KI270824v1_alt	3p	-	35	0	0	0	0
incisor	chr10_KI270824v1_alt	3p	-	36	0	0	0	0
incisor	chr10_KI270824v1_alt	3p	-	37	0	0	0	0
incisor	chr10_KI270824v1_alt	3p	-	38	0	0	0	0
incisor	chr10_KI270824v1_alt	3p	-	39	0	0	0	0
incisor	chr10_KI270824v1_alt	3p	-	40	0	0	0	0
incisor	chr10_KI270824v1_alt	3p	-	41	0	0	0	0
incisor	chr10_KI270824v1_alt	3p	-	42	0	0	0	0
incisor	chr10_KI270824v1_alt	3p	-	43	0	0	0	0
incisor	chr10_KI270824v1_alt	3p	-	44	0	0	0	0
incisor	chr10_KI270824v1_alt	3p	-	45	0	0	0	0
incisor	chr10_KI270824v1_alt	3p	-	46	0	0	0	0
incisor	chr10_KI270824v1_alt	3p	-	47	0	0	0	0
incisor	chr10_KI270824v1_alt	3p	-	48	0	0	0	0
incisor	chr10_KI270824v1_alt	3p	-	49	0	0	0	0
incisor	chr10_KI270824v1_alt	3p	-	50	0	0	0	0
incisor	chr10_KI270824v1_alt	3p	-	51	0	0	0	0
incisor	chr10_KI270824v1_alt	3p	-	52	0	0	0	0
incisor	chr10_KI270824v1_alt	3p	-	53	0	0	0	0
incisor	chr10_KI270824v1_alt	3p	-	54	0	0	0	0
incisor	chr10_KI270824v1_alt	3p	-	55	0	0	0	0
incisor	chr10_KI270824v1_alt	3p	-	56	0	0	0	0
incisor	chr10_KI270824v1_alt	3p	-	57	0	0	0	0
incisor	chr10_KI270824v1_alt	3p	-	58	0	0	0	0
incisor	chr10_KI270824v1_alt	3p	-	59	0	0	0	0
incisor	chr10_KI270824v1_alt	3p	-	60	0	0	0	0
incisor	chr10_KI270824v1_alt	3p	-	61	0	0	0	0
incisor	chr10_KI270824v1_alt	3p	-	62	0	0	0	0
incisor	chr10_KI270824v1_alt	3p	-	63	0	0	0	0
incisor	chr10_KI270824v1_alt	3p	-	64	0	0	0	0
incisor	chr10_KI270824v1_alt	3p	-	65	0	0	0	0
incisor	chr10_KI270824v1_alt	3p	-	66	0	0	0	0
incisor	chr10_KI270824v1_alt	3p	-	67	0	0	0	0
incisor	chr10_KI270824v1_alt	3p	-	68	0	0	0	0
incisor	chr10_KI270824v1_alt	3p	-	69	0	0	0	0
incisor	chr10_KI270824v1_alt	3p	-	70	0	0	0	0
incisor	chr10_KI270824v1_alt	5p	+	1	0	0	1	0
incisor	chr10_KI270824v1_alt	5p	+	2	1	0	0	0
incisor	chr10_KI270824v1_alt	5p	+	3	0	1	0	0
incisor	chr10_KI270824v1_alt	5p	+	4	0	0	0	1
incisor	chr10_KI270824v1_alt	5p	+	5	0	0	0	1
incisor	chr10_KI270824v1_alt	5p	+	6	0	0	0	1
incisor	chr10_KI270824v1_alt	5p	+	7	0	0	0	1
incisor	chr10_KI270824v1_alt	5p	+	8	0	0	0	1
incisor	chr10_KI270824v1_alt	5p	+	9	0	0	1	0
incisor	chr10_KI270824v1_alt	5p	+	10	1	0	0	0
incisor	chr10_KI270824v1_alt	5p	+	11	0	1	0	0
incisor	chr10_KI270824v1_alt	5p	+	12	1	0	0	0
incisor	chr10_KI270824v1_alt	5p	+	13	0	1	0	0
incisor	chr10_KI270824v1_alt	5p	+	14	0	1	0	0
incisor	chr10_KI270824v1_alt	5p	+	15	0	1	0	0
incisor	chr10_KI270824v1_alt	5p	+	16	0	0	0	1
incisor	chr10_KI270824v1_alt	5p	+	17	0	0	1	0
incisor	chr10_KI270824v1_alt	5p	+	18	0	0	1	0
incisor	chr10_KI270824v1_alt	5p	+	19	0	1	0	0
incisor	chr10_KI270824v1_alt	5p	+	20	1	0	0	0
incisor	chr10_KI270824v1_alt	5p	+	21	0	0	0	1
incisor	chr10_KI270824v1_alt	5p	+	22	0	0	0	1
incisor	chr10_KI270824v1_alt	5p	+	23	0	0	1	0
incisor	chr10_KI270824v1_alt	5p	+	24	0	1	0	0
incisor	chr10_KI270824v1_alt	5p	+	25	0	0	1	0
incisor	chr10_KI270824v1_alt	5p	+	26	0	0	1	0
incisor	chr10_KI270824v1_alt	5p	+	27	0	1	0	0
incisor	chr10_KI270824v1_alt	5p	+	28	0	0	0	1
incisor	chr10_KI270824v1_alt	5p	+	29	0	0	0	1
incisor	chr10_KI270824v1_alt	5p	+	30	0	0	0	1
incisor	chr10_KI270824v1_alt	5p	+	31	0	0	0	1
incisor	chr10_KI270824v1_alt	5p	+	32	0	0	0	1
incisor	chr10_KI270824v1_alt	5p	+	33	0	0	1	0
incisor	chr10_KI270824v1_alt	5p	+	34	0	1	0	0
incisor	chr10_KI270824v1_alt	5p	+	35	0	1	0	0
incisor	chr10_KI270824v1_alt	5p	+	36	0	1	0	0
incisor	chr10_KI270824v1_alt	5p	+	37	0	0	1	0
incisor	chr10_KI270824v1_alt	5p	+	38	0	1	0	0
incisor	chr10_KI270824v1_alt	5p	+	39	0	1	0	0
incisor	chr10_KI270824v1_alt	5p	+	40	0	1	0	0
incisor	chr10_KI270824v1_alt	5p	+	41	0	1	0	0
incisor	chr10_KI270824v1_alt	5p	+	42	0	0	1	0
incisor	chr10_KI270824v1_alt	5p	+	43	0	0	1	0
incisor	chr10_KI270824v1_alt	5p	+	44	0	1	0	0
incisor	chr10_KI270824v1_alt	5p	+	45	0	0	0	1
incisor	chr10_KI270824v1_alt	5p	+	46	0	0	1	0
incisor	chr10_KI270824v1_alt	5p	+	47	0	0	0	1
incisor	chr10_KI270824v1_alt	5p	+	48	0	0	0	1
incisor	chr10_KI270824v1_alt	5p	+	49	0	0	0	1
incisor	chr10_KI270824v1_alt	5p	+	50	0	0	1	0
incisor	chr10_KI270824v1_alt	5p	+	51	0	0	0	1
incisor	chr10_KI270824v1_alt	5p	+	52	0	1	0	0
incisor	chr10_KI270824v1_alt	5p	+	53	0	1	0	0
incisor	chr10_KI270824v1_alt	5p	+	54	0	1	0	0
incisor	chr10_KI270824v1_alt	5p	+	55	0	1	0	0
incisor	chr10_KI270824v1_alt	5p	+	56	0	1	0	0
incisor	chr10_KI270824v1_alt	5p	+	57	0	0	1	0
incisor	chr10_KI270824v1_alt	5p	+	58	0	0	1	0
incisor	chr10_KI270824v1_alt	5p	+	59	0	1	0	0
incisor	chr10_KI270824v1_alt	5p	+	60	0	1	0	0
incisor	chr10_KI270824v1_alt	5p	+	61	0	0	1	0
incisor	chr10_KI270824v1_alt	5p	+	62	0	1	0	0
incisor	chr10_KI270824v1_alt	5p	+	63	0	1	0	0
incisor	chr10_KI270824v1_alt	5p	+	64	0	0	1	0
incisor	chr10_KI270824v1_alt	5p	+	65	0	1	0	0
incisor	chr10_KI270824v1_alt	5p	+	66	0	0	1	0
incisor	chr10_KI270824v1_alt	5p	+	67	1	0	0	0
incisor	chr10_KI270824v1_alt	5p	+	68	0	0	1	0
incisor	chr10_KI270824v1_alt	5p	+	69	0	0	0	1
incisor	chr10_KI270824v1_alt	5p	+	70	0	0	0	1
incisor	chr10_KI270824v1_alt	5p	-	1	0	0	0	0
incisor	chr10_KI270824v1_alt	5p	-	2	0	0	0	0
incisor	chr10_KI270824v1_alt	5p	-	3	0	0	0	0
incisor	chr10_KI270824v1_alt	5p	-	4	0	0	0	0
incisor	chr10_KI270824v1_alt	5p	-	5	0	0	0	0
incisor	chr10_KI270824v1_alt	5p	-	6	0	0	0	0
incisor	chr10_KI270824v1_alt	5p	-	7	0	0	0	0
incisor	chr10_KI270824v1_alt	5p	-	8	0	0	0	0
incisor	chr10_KI270824v1_alt	5p	-	9	0	0	0	0
incisor	chr10_KI270824v1_alt	5p	-	10	0	0	0	0
incisor	chr10_KI270824v1_alt	5p	-	11	0	0	0	0
incisor	chr10_KI270824v1_alt	5p	-	12	0	0	0	0
incisor	chr10_KI270824v1_alt	5p	-	13	0	0	0	0
incisor	chr10_KI270824v1_alt	5p	-	14	0	0	0	0
incisor	chr10_KI270824v1_alt	5p	-	15	0	0	0	0
incisor	chr10_KI270824v1_alt	5p	-	16	0	0	0	0
incisor	chr10_KI270824v1_alt	5p	-	17	0	0	0	0
incisor	chr10_KI270824v1_alt	5p	-	18	0	0	0	0
incisor	chr10_KI270824v1_alt	5p	-	19	0	0	0	0
incisor	chr10_KI270824v1_alt	5p	-	20	0	0	0	0
incisor	chr10_KI270824v1_alt	5p	-	21	0	0	0	0
incisor	chr10_KI270824v1_alt	5p	-	22	0	0	0	0
incisor	chr10_KI270824v1_alt	5p	-	23	0	0	0	0
incisor	chr10_KI270824v1_alt	5p	-	24	0	0	0	0
incisor	chr10_KI270824v1_alt	5p	-	25	0	0	0	0
incisor	chr10_KI270824v1_alt	5p	-	26	0	0	0	0
incisor	chr10_KI270824v1_alt	5p	-	27	0	0	0	0
incisor	chr10_KI270824v1_alt	5p	-	28	0	0	0	0
incisor	chr10_KI270824v1_alt	5p	-	29	0	0	0	0
incisor	chr10_KI270824v1_alt	5p	-	30	0	0	0	0
incisor	chr10_KI270824v1_alt	5p	-	31	0	0	0	0
incisor	chr10_KI270824v1_alt	5p	-	32	0	0	0	0
incisor	chr10_KI270824v1_alt	5p	-	33	0	0	0	0
incisor	chr10_KI270824v1_alt	5p	-	34	0	0	0	0
incisor	chr10_KI270824v1_alt	5p	-	35	0	0	0	0
incisor	chr10_KI270824v1_alt	5p	-	36	0	0	0	0
incisor	chr10_KI270824v1_alt	5p	-	37	0	0	0	0
incisor	chr10_KI270824v1_alt	5p	-	38	0	0	0	0
incisor	chr10_KI270824v1_alt	5p	-	39	0	0	0	0
incisor	chr10_KI270824v1_alt	5p	-	40	0	0	0	0
incisor	chr10_KI270824v1_alt	5p	-	41	0	0	0	0
incisor	chr10_KI270824v1_alt	5p	-	42	0	0	0	0
incisor	chr10_KI270824v1_alt	5p	-	43	0	0	0	0
incisor	chr10_KI270824v1_alt	5p	-	44	0	0	0	0
incisor	chr10_KI270824v1_alt	5p	-	45	0	0	0	0
incisor	chr10_KI270824v1_alt	5p	-	46	0	0	0	0
incisor	chr10_KI270824v1_alt	5p	-	47	0	0	0	0
incisor	chr10_KI270824v1_alt	5p	-	48	0	0	0	0
incisor	chr10_KI270824v1_alt	5p	-	49	0	0	0	0
incisor	chr10_KI270824v1_alt	5p	-	50	0	0	0	0
incisor	chr10_KI270824v1_alt	5p	-	51	0	0	0	0
incisor	chr10_KI270824v1_alt	5p	-	52	0	0	0	0
incisor	chr10_KI270824v1_alt	5p	-	53	0	0	0	0
incisor	chr10_KI270824v1_alt	5p	-	54	0	0	0	0
incisor	chr10_KI270824v1_alt	5p	-	55	0	0	0	0
incisor	chr10_KI270824v1_alt	5p	-	56	0	0	0	0
incisor	chr10_KI270824v1_alt	5p	-	57	0	0	0	0
incisor	chr10_KI270824v1_alt	5p	-	58	0	0	0	0
incisor	chr10_KI270824v1_alt	5p	-	59	0	0	0	0
incisor	chr10_KI270824v1_alt	5p	-	60	0	0	0	0
incisor	chr10_KI270824v1_alt	5p	-	61	0	0	0	0
incisor	chr10_KI270824v1_alt	5p	-	62	0	0	0	0
incisor	chr10_KI270824v1_alt	5p	-	63	0	0	0	0
incisor	chr10_KI270824v1_alt	5p	-	64	0	0	0	0
incisor	chr10_KI270824v1_alt	5p	-	65	0	0	0	0
incisor	chr10_KI270824v1_alt	5p	-	66	0	0	0	0
incisor	chr10_KI270824v1_alt	5p	-	67	0	0	0	0
incisor	chr10_KI270824v1_alt	5p	-	68	0	0	0	0
incisor	chr10_KI270824v1_alt	5p	-	69	0	0	0	0
incisor	chr10_KI270824v1_alt	5p	-	70	0	0	0	0
incisor	chr10_KI270825v1_alt	3p	+	1	0	0	0	0
incisor	chr10_KI270825v1_alt	3p	+	2	0	0	0	0
incisor	chr10_KI270825v1_alt	3p	+	3	0	0	0	0
incisor	chr10_KI270825v1_alt	3p	+	4	0	0	0	0
incisor	chr10_KI270825v1_alt	3p	+	5	0	0	0	0
incisor	chr10_KI270825v1_alt	3p	+	6	0	0	0	0
incisor	chr10_KI270825v1_alt	3p	+	7	0	0	0	0
incisor	chr10_KI270825v1_alt	3p	+	8	0	0	0	0
incisor	chr10_KI270825v1_alt	3p	+	9	0	0	0	0
incisor	chr10_KI270825v1_alt	3p	+	10	0	0	0	0
incisor	chr10_KI270825v1_alt	3p	+	11	0	0	0	0
incisor	chr10_KI270825v1_alt	3p	+	12	0	0	0	0
incisor	chr10_KI270825v1_alt	3p	+	13	0	0	0	0
incisor	chr10_KI270825v1_alt	3p	+	14	0	0	0	0
incisor	chr10_KI270825v1_alt	3p	+	15	0	0	0	0
incisor	chr10_KI270825v1_alt	3p	+	16	0	0	0	0
incisor	chr10_KI270825v1_alt	3p	+	17	0	0	0	0
incisor	chr10_KI270825v1_alt	3p	+	18	0	0	0	0
incisor	chr10_KI270825v1_alt	3p	+	19	0	0	0	0
incisor	chr10_KI270825v1_alt	3p	+	20	0	0	0	0
incisor	chr10_KI270825v1_alt	3p	+	21	0	0	0	0
incisor	chr10_KI270825v1_alt	3p	+	22	0	0	0	0
incisor	chr10_KI270825v1_alt	3p	+	23	0	0	0	0
incisor	chr10_KI270825v1_alt	3p	+	24	0	0	0	0
incisor	chr10_KI270825v1_alt	3p	+	25	0	0	0	0
incisor	chr10_KI270825v1_alt	3p	+	26	0	0	0	0
incisor	chr10_KI270825v1_alt	3p	+	27	0	0	0	0
incisor	chr10_KI270825v1_alt	3p	+	28	0	0	0	0
incisor	chr10_KI270825v1_alt	3p	+	29	0	0	0	0
incisor	chr10_KI270825v1_alt	3p	+	30	0	0	0	0
incisor	chr10_KI270825v1_alt	3p	+	31	0	0	0	0
incisor	chr10_KI270825v1_alt	3p	+	32	0	0	0	0
incisor	chr10_KI270825v1_alt	3p	+	33	0	0	0	0
incisor	chr10_KI270825v1_alt	3p	+	34	0	0	0	0
incisor	chr10_KI270825v1_alt	3p	+	35	0	0	0	0
incisor	chr10_KI270825v1_alt	3p	+	36	0	0	0	0
incisor	chr10_KI270825v1_alt	3p	+	37	0	0	0	0
incisor	chr10_KI270825v1_alt	3p	+	38	0	0	0	0
incisor	chr10_KI270825v1_alt	3p	+	39	0	0	0	0
incisor	chr10_KI270825v1_alt	3p	+	40	0	0	0	0
incisor	chr10_KI270825v1_alt	3p	+	41	0	0	0	0
incisor	chr10_KI270825v1_alt	3p	+	42	0	0	0	0
incisor	chr10_KI270825v1_alt	3p	+	43	0	0	0	0
incisor	chr10_KI270825v1_alt	3p	+	44	0	0	0	0
incisor	chr10_KI270825v1_alt	3p	+	45	0	0	0	0
incisor	chr10_KI270825v1_alt	3p	+	46	0	0	0	0
incisor	chr10_KI270825v1_alt	3p	+	47	0	0	0	0
incisor	chr10_KI270825v1_alt	3p	+	48	0	0	0	0
incisor	chr10_KI270825v1_alt	3p	+	49	0	0	0	0
incisor	chr10_KI270825v1_alt	3p	+	50	0	0	0	0
incisor	chr10_KI270825v1_alt	3p	+	51	0	0	0	0
incisor	chr10_KI270825v1_alt	3p	+	52	0	0	0	0
incisor	chr10_KI270825v1_alt	3p	+	53	0	0	0	0
incisor	chr10_KI270825v1_alt	3p	+	54	0	0	0	0
incisor	chr10_KI270825v1_alt	3p	+	55	0	0	0	0
incisor	chr10_KI270825v1_alt	3p	+	56	0	0	0	0
incisor	chr10_KI270825v1_alt	3p	+	57	0	0	0	0
incisor	chr10_KI270825v1_alt	3p	+	58	0	0	0	0
incisor	chr10_KI270825v1_alt	3p	+	59	0	0	0	0
incisor	chr10_KI270825v1_alt	3p	+	60	0	0	0	0
incisor	chr10_KI270825v1_alt	3p	+	61	0	0	0	0
incisor	chr10_KI270825v1_alt	3p	+	62	0	0	0	0
incisor	chr10_KI270825v1_alt	3p	+	63	0	0	0	0
incisor	chr10_KI270825v1_alt	3p	+	64	0	0	0	0
incisor	chr10_KI270825v1_alt	3p	+	65	0	0	0	0
incisor	chr10_KI270825v1_alt	3p	+	66	0	0	0	0
incisor	chr10_KI270825v1_alt	3p	+	67	0	0	0	0
incisor	chr10_KI270825v1_alt	3p	+	68	0	0	0	0
incisor	chr10_KI270825v1_alt	3p	+	69	0	0	0	0
incisor	chr10_KI270825v1_alt	3p	+	70	0	0	0	0
incisor	chr10_KI270825v1_alt	3p	-	1	0	0	0	0
incisor	chr10_KI270825v1_alt	3p	-	2	0	0	0	0
incisor	chr10_KI270825v1_alt	3p	-	3	0	0	0	0
incisor	chr10_KI270825v1_alt	3p	-	4	0	0	0	0
incisor	chr10_KI270825v1_alt	3p	-	5	0	0	0	0
incisor	chr10_KI270825v1_alt	3p	-	6	0	0	0	0
incisor	chr10_KI270825v1_alt	3p	-	7	0	0	0	0
incisor	chr10_KI270825v1_alt	3p	-	8	0	0	0	0
incisor	chr10_KI270825v1_alt	3p	-	9	0	0	0	0
incisor	chr10_KI270825v1_alt	3p	-	10	0	0	0	0
incisor	chr10_KI270825v1_alt	3p	-	11	0	0	0	0
incisor	chr10_KI270825v1_alt	3p	-	12	0	0	0	0
incisor	chr10_KI270825v1_alt	3p	-	13	0	0	0	0
incisor	chr10_KI270825v1_alt	3p	-	14	0	0	0	0
incisor	chr10_KI270825v1_alt	3p	-	15	0	0	0	0
incisor	chr10_KI270825v1_alt	3p	-	16	0	0	0	0
incisor	chr10_KI270825v1_alt	3p	-	17	0	0	0	0
incisor	chr10_KI270825v1_alt	3p	-	18	0	0	0	0
incisor	chr10_KI270825v1_alt	3p	-	19	0	0	0	0
incisor	chr10_KI270825v1_alt	3p	-	20	0	0	0	0
incisor	chr10_KI270825v1_alt	3p	-	21	0	0	0	0
incisor	chr10_KI270825v1_alt	3p	-	22	0	0	0	0
incisor	chr10_KI270825v1_alt	3p	-	23	0	0	0	0
incisor	chr10_KI270825v1_alt	3p	-	24	0	0	0	0
incisor	chr10_KI270825v1_alt	3p	-	25	0	0	0	0
incisor	chr10_KI270825v1_alt	3p	-	26	0	0	0	0
incisor	chr10_KI270825v1_alt	3p	-	27	0	0	0	0
incisor	chr10_KI270825v1_alt	3p	-	28	0	0	0	0
incisor	chr10_KI270825v1_alt	3p	-	29	0	0	0	0
incisor	chr10_KI270825v1_alt	3p	-	30	0	0	0	0
incisor	chr10_KI270825v1_alt	3p	-	31	0	0	0	0
incisor	chr10_KI270825v1_alt	3p	-	32	0	0	0	0
incisor	chr10_KI270825v1_alt	3p	-	33	0	0	0	0
incisor	chr10_KI270825v1_alt	3p	-	34	0	0	0	0
incisor	chr10_KI270825v1_alt	3p	-	35	0	0	0	0
incisor	chr10_KI270825v1_alt	3p	-	36	0	0	0	0
incisor	chr10_KI270825v1_alt	3p	-	37	0	0	0	0
incisor	chr10_KI270825v1_alt	3p	-	38	0	0	0	0
incisor	chr10_KI270825v1_alt	3p	-	39	0	0	0	0
incisor	chr10_KI270825v1_alt	3p	-	40	0	0	0	0
incisor	chr10_KI270825v1_alt	3p	-	41	0	0	0	0
incisor	chr10_KI270825v1_alt	3p	-	42	0	0	0	0
incisor	chr10_KI270825v1_alt	3p	-	43	0	0	0	0
incisor	chr10_KI270825v1_alt	3p	-	44	0	0	0	0
incisor	chr10_KI270825v1_alt	3p	-	45	0	0	0	0
incisor	chr10_KI270825v1_alt	3p	-	46	0	0	0	0
incisor	chr10_KI270825v1_alt	3p	-	47	0	0	0	0
incisor	chr10_KI270825v1_alt	3p	-	48	0	0	0	0
incisor	chr10_KI270825v1_alt	3p	-	49	0	0	0	0
incisor	chr10_KI270825v1_alt	3p	-	50	0	0	0	0
incisor	chr10_KI270825v1_alt	3p	-	51	0	0	0	0
incisor	chr10_KI270825v1_alt	3p	-	52	0	0	0	0
incisor	chr10_KI270825v1_alt	3p	-	53	0	0	0	0
incisor	chr10_KI270825v1_alt	3p	-	54	0	0	0	0
incisor	chr10_KI270825v1_alt	3p	-	55	0	0	0	0
incisor	chr10_KI270825v1_alt	3p	-	56	0	0	0	0
incisor	chr10_KI270825v1_alt	3p	-	57	0	0	0	0
incisor	chr10_KI270825v1_alt	3p	-	58	0	0	0	0
incisor	chr10_KI270825v1_alt	3p	-	59	0	0	0	0
incisor	chr10_KI270825v1_alt	3p	-	60	0	0	0	0
incisor	chr10_KI270825v1_alt	3p	-	61	0	0	0	0
incisor	chr10_KI270825v1_alt	3p	-	62	0	0	0	0
incisor	chr10_KI270825v1_alt	3p	-	63	0	0	0	0
incisor	chr10_KI270825v1_alt	3p	-	64	0	0	0	0
incisor	chr10_KI270825v1_alt	3p	-	65	0	0	0	0
incisor	chr10_KI270825v1_alt	3p	-	66	0	0	0	0
incisor	chr10_KI270825v1_alt	3p	-	67	0	0	0	0
incisor	chr10_KI270825v1_alt	3p	-	68	0	0	0	0
incisor	chr10_KI270825v1_alt	3p	-	69	0	0	0	0
incisor	chr10_KI270825v1_alt	3p	-	70	0	0	0	0
incisor	chr10_KI270825v1_alt	5p	+	1	0	0	0	0
incisor	chr10_KI270825v1_alt	5p	+	2	0	0	0	0
incisor	chr10_KI270825v1_alt	5p	+	3	0	0	0	0
incisor	chr10_KI270825v1_alt	5p	+	4	0	0	0	0
incisor	chr10_KI270825v1_alt	5p	+	5	0	0	0	0
incisor	chr10_KI270825v1_alt	5p	+	6	0	0	0	0
incisor	chr10_KI270825v1_alt	5p	+	7	0	0	0	0
incisor	chr10_KI270825v1_alt	5p	+	8	0	0	0	0
incisor	chr10_KI270825v1_alt	5p	+	9	0	0	0	0
incisor	chr10_KI270825v1_alt	5p	+	10	0	0	0	0
incisor	chr10_KI270825v1_alt	5p	+	11	0	0	0	0
incisor	chr10_KI270825v1_alt	5p	+	12	0	0	0	0
incisor	chr10_KI270825v1_alt	5p	+	13	0	0	0	0
incisor	chr10_KI270825v1_alt	5p	+	14	0	0	0	0
incisor	chr10_KI270825v1_alt	5p	+	15	0	0	0	0
incisor	chr10_KI270825v1_alt	5p	+	16	0	0	0	0
incisor	chr10_KI270825v1_alt	5p	+	17	0	0	0	0
incisor	chr10_KI270825v1_alt	5p	+	18	0	0	0	0
incisor	chr10_KI270825v1_alt	5p	+	19	0	0	0	0
incisor	chr10_KI270825v1_alt	5p	+	20	0	0	0	0
incisor	chr10_KI270825v1_alt	5p	+	21	0	0	0	0
incisor	chr10_KI270825v1_alt	5p	+	22	0	0	0	0
incisor	chr10_KI270825v1_alt	5p	+	23	0	0	0	0
incisor	chr10_KI270825v1_alt	5p	+	24	0	0	0	0
incisor	chr10_KI270825v1_alt	5p	+	25	0	0	0	0
incisor	chr10_KI270825v1_alt	5p	+	26	0	0	0	0
incisor	chr10_KI270825v1_alt	5p	+	27	0	0	0	0
incisor	chr10_KI270825v1_alt	5p	+	28	0	0	0	0
incisor	chr10_KI270825v1_alt	5p	+	29	0	0	0	0
incisor	chr10_KI270825v1_alt	5p	+	30	0	0	0	0
incisor	chr10_KI270825v1_alt	5p	+	31	0	0	0	0
incisor	chr10_KI270825v1_alt	5p	+	32	0	0	0	0
incisor	chr10_KI270825v1_alt	5p	+	33	0	0	0	0
incisor	chr10_KI270825v1_alt	5p	+	34	0	0	0	0
incisor	chr10_KI270825v1_alt	5p	+	35	0	0	0	0
incisor	chr10_KI270825v1_alt	5p	+	36	0	0	0	0
incisor	chr10_KI270825v1_alt	5p	+	37	0	0	0	0
incisor	chr10_KI270825v1_alt	5p	+	38	0	0	0	0
incisor	chr10_KI270825v1_alt	5p	+	39	0	0	0	0
incisor	chr10_KI270825v1_alt	5p	+	40	0	0	0	0
incisor	chr10_KI270825v1_alt	5p	+	41	0	0	0	0
incisor	chr10_KI270825v1_alt	5p	+	42	0	0	0	0
incisor	chr10_KI270825v1_alt	5p	+	43	0	0	0	0
incisor	chr10_KI270825v1_alt	5p	+	44	0	0	0	0
incisor	chr10_KI270825v1_alt	5p	+	45	0	0	0	0
incisor	chr10_KI270825v1_alt	5p	+	46	0	0	0	0
incisor	chr10_KI270825v1_alt	5p	+	47	0	0	0	0
incisor	chr10_KI270825v1_alt	5p	+	48	0	0	0	0
incisor	chr10_KI270825v1_alt	5p	+	49	0	0	0	0
incisor	chr10_KI270825v1_alt	5p	+	50	0	0	0	0
incisor	chr10_KI270825v1_alt	5p	+	51	0	0	0	0
incisor	chr10_KI270825v1_alt	5p	+	52	0	0	0	0
incisor	chr10_KI270825v1_alt	5p	+	53	0	0	0	0
incisor	chr10_KI270825v1_alt	5p	+	54	0	0	0	0
incisor	chr10_KI270825v1_alt	5p	+	55	0	0	0	0
incisor	chr10_KI270825v1_alt	5p	+	56	0	0	0	0
incisor	chr10_KI270825v1_alt	5p	+	57	0	0	0	0
incisor	chr10_KI270825v1_alt	5p	+	58	0	0	0	0
incisor	chr10_KI270825v1_alt	5p	+	59	0	0	0	0
incisor	chr10_KI270825v1_alt	5p	+	60	0	0	0	0
incisor	chr10_KI270825v1_alt	5p	+	61	0	0	0	0
incisor	chr10_KI270825v1_alt	5p	+	62	0	0	0	0
incisor	chr10_KI270825v1_alt	5p	+	63	0	0	0	0
incisor	chr10_KI270825v1_alt	5p	+	64	0	0	0	0
incisor	chr10_KI270825v1_alt	5p	+	65	0	0	0	0
incisor	chr10_KI270825v1_alt	5p	+	66	0	0	0	0
incisor	chr10_KI270825v1_alt	5p	+	67	0	0	0	0
incisor	chr10_KI270825v1_alt	5p	+	68	0	0	0	0
incisor	chr10_KI270825v1_alt	5p	+	69	0	0	0	0
incisor	chr10_KI270825v1_alt	5p	+	70	0	0	0	0
incisor	chr10_KI270825v1_alt	5p	-	1	0	0	0	0
incisor	chr10_KI270825v1_alt	5p	-	2	0	0	0	0
incisor	chr10_KI270825v1_alt	5p	-	3	0	0	0	0
incisor	chr10_KI270825v1_alt	5p	-	4	0	0	0	0
incisor	chr10_KI270825v1_alt	5p	-	5	0	0	0	0
incisor	chr10_KI270825v1_alt	5p	-	6	0	0	0	0
incisor	chr10_KI270825v1_alt	5p	-	7	0	0	0	0
incisor	chr10_KI270825v1_alt	5p	-	8	0	0	0	0
incisor	chr10_KI270825v1_alt	5p	-	9	0	0	0	0
incisor	chr10_KI270825v1_alt	5p	-	10	0	0	0	0
incisor	chr10_KI270825v1_alt	5p	-	11	0	0	0	0
incisor	chr10_KI270825v1_alt	5p	-	12	0	0	0	0
incisor	chr10_KI270825v1_alt	5p	-	13	0	0	0	0
incisor	chr10_KI270825v1_alt	5p	-	14	0	0	0	0
incisor	chr10_KI270825v1_alt	5p	-	15	0	0	0	0
incisor	chr10_KI270825v1_alt	5p	-	16	0	0	0	0
incisor	chr10_KI270825v1_alt	5p	-	17	0	0	0	0
incisor	chr10_KI270825v1_alt	5p	-	18	0	0	0	0
incisor	chr10_KI270825v1_alt	5p	-	19	0	0	0	0
incisor	chr10_KI270825v1_alt	5p	-	20	0	0	0	0
incisor	chr10_KI270825v1_alt	5p	-	21	0	0	0	0
incisor	chr10_KI270825v1_alt	5p	-	22	0	0	0	0
incisor	chr10_KI270825v1_alt	5p	-	23	0	0	0	0
incisor	chr10_KI270825v1_alt	5p	-	24	0	0	0	0
incisor	chr10_KI270825v1_alt	5p	-	25	0	0	0	0
incisor	chr10_KI270825v1_alt	5p	-	26	0	0	0	0
incisor	chr10_KI270825v1_alt	5p	-	27	0	0	0	0
incisor	chr10_KI270825v1_alt	5p	-	28	0	0	0	0
incisor	chr10_KI270825v1_alt	5p	-	29	0	0	0	0
incisor	chr10_KI270825v1_alt	5p	-	30	0	0	0	0
incisor	chr10_KI270825v1_alt	5p	-	31	0	0	0	0
incisor	chr10_KI270825v1_alt	5p	-	32	0	0	0	0
incisor	chr10_KI270825v1_alt	5p	-	33	0	0	0	0
incisor	chr10_KI270825v1_alt	5p	-	34	0	0	0	0
incisor	chr10_KI270825v1_alt	5p	-	35	0	0	0	0
incisor	chr10_KI270825v1_alt	5p	-	36	0	0	0	0
incisor	chr10_KI270825v1_alt	5p	-	37	0	0	0	0
incisor	chr10_KI270825v1_alt	5p	-	38	0	0	0	0
incisor	chr10_KI270825v1_alt	5p	-	39	0	0	0	0
incisor	chr10_KI270825v1_alt	5p	-	40	0	0	0	0
incisor	chr10_KI270825v1_alt	5p	-	41	0	0	0	0
incisor	chr10_KI270825v1_alt	5p	-	42	0	0	0	0
incisor	chr10_KI270825v1_alt	5p	-	43	0	0	0	0
incisor	chr10_KI270825v1_alt	5p	-	44	0	0	0	0
incisor	chr10_KI270825v1_alt	5p	-	45	0	0	0	0
incisor	chr10_KI270825v1_alt	5p	-	46	0	0	0	0
incisor	chr10_KI270825v1_alt	5p	-	47	0	0	0	0
incisor	chr10_KI270825v1_alt	5p	-	48	0	0	0	0
incisor	chr10_KI270825v1_alt	5p	-	49	0	0	0	0
incisor	chr10_KI270825v1_alt	5p	-	50	0	0	0	0
incisor	chr10_KI270825v1_alt	5p	-	51	0	0	0	0
incisor	chr10_KI270825v1_alt	5p	-	52	0	0	0	0
incisor	chr10_KI270825v1_alt	5p	-	53	0	0	0	0
incisor	chr10_KI270825v1_alt	5p	-	54	0	0	0	0
incisor	chr10_KI270825v1_alt	5p	-	55	0	0	0	0
incisor	chr10_KI270825v1_alt	5p	-	56	0	0	0	0
incisor	chr10_KI270825v1_alt	5p	-	57	0	0	0	0
incisor	chr10_KI270825v1_alt	5p	-	58	0	0	0	0
incisor	chr10_KI270825v1_alt	5p	-	59	0	0	0	0
incisor	chr10_KI270825v1_alt	5p	-	60	0	0	0	0
incisor	chr10_KI270825v1_alt	5p	-	61	0	0	0	0
incisor	chr10_KI270825v1_alt	5p	-	62	0	0	0	0
incisor	chr10_KI270825v1_alt	5p	-	63	0	0	0	0
incisor	chr10_KI270825v1_alt	5p	-	64	0	0	0	0
incisor	chr10_KI270825v1_alt	5p	-	65	0	0	0	0
incisor	chr10_KI270825v1_alt	5p	-	66	0	0	0	0
incisor	chr10_KI270825v1_alt	5p	-	67	0	0	0	0
incisor	chr10_KI270825v1_alt	5p	-	68	0	0	0	0
incisor	chr10_KI270825v1_alt	5p	-	69	0	0	0	0
incisor	chr10_KI270825v1_alt	5p	-	70	0	0	0	0
incisor	chr11	3p	+	1	3807	2516	1692	6474
incisor	chr11	3p	+	2	4514	2451	3010	4512
incisor	chr11	3p	+	3	5239	2527	2390	4331
incisor	chr11	3p	+	4	5112	2639	2666	4072
incisor	chr11	3p	+	5	5194	2751	2590	3952
incisor	chr11	3p	+	6	5054	2614	2698	4123
incisor	chr11	3p	+	7	5174	2632	2586	4096
incisor	chr11	3p	+	8	5020	2646	2811	4011
incisor	chr11	3p	+	9	5212	2546	2645	4085
incisor	chr11	3p	+	10	5064	2722	2642	4057
incisor	chr11	3p	+	11	5042	2703	2767	3976
incisor	chr11	3p	+	12	5116	2619	2750	4004
incisor	chr11	3p	+	13	5111	2668	2692	4018
incisor	chr11	3p	+	14	5103	2655	2666	4063
incisor	chr11	3p	+	15	5173	2656	2726	3933
incisor	chr11	3p	+	16	5107	2682	2710	3989
incisor	chr11	3p	+	17	5182	2586	2695	4026
incisor	chr11	3p	+	18	5049	2652	2745	4042
incisor	chr11	3p	+	19	5203	2627	2656	4000
incisor	chr11	3p	+	20	5114	2768	2662	3943
incisor	chr11	3p	+	21	5128	2672	2709	3980
incisor	chr11	3p	+	22	5169	2584	2744	3991
incisor	chr11	3p	+	23	5241	2597	2695	3955
incisor	chr11	3p	+	24	5224	2611	2693	3958
incisor	chr11	3p	+	25	5201	2689	2691	3908
incisor	chr11	3p	+	26	5180	2689	2603	4015
incisor	chr11	3p	+	27	5111	2716	2661	4000
incisor	chr11	3p	+	28	5171	2681	2664	3972
incisor	chr11	3p	+	29	5334	2624	2647	3881
incisor	chr11	3p	+	30	5243	2675	2611	3957
incisor	chr11	3p	+	31	5145	2645	2687	3995
incisor	chr11	3p	+	32	5219	2659	2672	3895
incisor	chr11	3p	+	33	5284	2672	2568	3889
incisor	chr11	3p	+	34	5150	2666	2718	3802
incisor	chr11	3p	+	35	5097	2600	2660	3861
incisor	chr11	3p	+	36	4656	2561	2451	3649
incisor	chr11	3p	+	37	4220	2472	2330	3471
incisor	chr11	3p	+	38	3971	2311	2139	3279
incisor	chr11	3p	+	39	3648	2185	2071	3077
incisor	chr11	3p	+	40	3352	2066	1925	2967
incisor	chr11	3p	+	41	3264	1940	1838	2680
incisor	chr11	3p	+	42	2907	1875	1746	2597
incisor	chr11	3p	+	43	2836	1707	1660	2355
incisor	chr11	3p	+	44	2625	1642	1500	2314
incisor	chr11	3p	+	45	2370	1586	1570	2079
incisor	chr11	3p	+	46	2305	1448	1445	1970
incisor	chr11	3p	+	47	2231	1369	1320	1864
incisor	chr11	3p	+	48	2054	1331	1286	1777
incisor	chr11	3p	+	49	1945	1283	1236	1659
incisor	chr11	3p	+	50	1791	1168	1183	1683
incisor	chr11	3p	+	51	1743	1144	1138	1464
incisor	chr11	3p	+	52	1579	1076	1095	1476
incisor	chr11	3p	+	53	1522	1030	1039	1367
incisor	chr11	3p	+	54	1422	959	1018	1317
incisor	chr11	3p	+	55	1327	935	932	1283
incisor	chr11	3p	+	56	1273	906	858	1200
incisor	chr11	3p	+	57	1226	819	833	1144
incisor	chr11	3p	+	58	1171	774	764	1075
incisor	chr11	3p	+	59	1112	773	745	965
incisor	chr11	3p	+	60	1031	732	689	977
incisor	chr11	3p	+	61	1004	634	690	917
incisor	chr11	3p	+	62	928	659	611	884
incisor	chr11	3p	+	63	914	611	595	810
incisor	chr11	3p	+	64	827	595	572	796
incisor	chr11	3p	+	65	819	536	561	727
incisor	chr11	3p	+	66	734	559	502	713
incisor	chr11	3p	+	67	732	466	519	659
incisor	chr11	3p	+	68	644	457	477	677
incisor	chr11	3p	+	69	637	425	466	610
incisor	chr11	3p	+	70	608	421	419	575
incisor	chr11	3p	-	1	3935	2525	1704	6329
incisor	chr11	3p	-	2	4551	2396	3059	4486
incisor	chr11	3p	-	3	5290	2447	2379	4373
incisor	chr11	3p	-	4	5192	2654	2653	3994
incisor	chr11	3p	-	5	5258	2804	2645	3785
incisor	chr11	3p	-	6	5014	2603	2754	4120
incisor	chr11	3p	-	7	5252	2734	2555	3952
incisor	chr11	3p	-	8	5073	2697	2769	3952
incisor	chr11	3p	-	9	5292	2552	2588	4058
incisor	chr11	3p	-	10	5063	2650	2783	3997
incisor	chr11	3p	-	11	5184	2669	2704	3933
incisor	chr11	3p	-	12	5221	2705	2687	3877
incisor	chr11	3p	-	13	5149	2711	2629	4003
incisor	chr11	3p	-	14	5228	2551	2688	4023
incisor	chr11	3p	-	15	5220	2635	2742	3894
incisor	chr11	3p	-	16	5187	2653	2626	4026
incisor	chr11	3p	-	17	5063	2698	2765	3965
incisor	chr11	3p	-	18	5167	2670	2626	4025
incisor	chr11	3p	-	19	5162	2692	2726	3910
incisor	chr11	3p	-	20	5272	2610	2722	3887
incisor	chr11	3p	-	21	5165	2646	2640	4040
incisor	chr11	3p	-	22	5287	2612	2608	3986
incisor	chr11	3p	-	23	5215	2689	2645	3941
incisor	chr11	3p	-	24	5263	2629	2697	3900
incisor	chr11	3p	-	25	5258	2739	2628	3868
incisor	chr11	3p	-	26	5216	2626	2691	3958
incisor	chr11	3p	-	27	5235	2671	2693	3890
incisor	chr11	3p	-	28	5240	2658	2646	3946
incisor	chr11	3p	-	29	5231	2697	2667	3896
incisor	chr11	3p	-	30	5279	2664	2651	3897
incisor	chr11	3p	-	31	5146	2727	2688	3920
incisor	chr11	3p	-	32	5105	2701	2695	3968
incisor	chr11	3p	-	33	5253	2625	2660	3898
incisor	chr11	3p	-	34	5164	2696	2629	3890
incisor	chr11	3p	-	35	5132	2637	2546	3950
incisor	chr11	3p	-	36	4738	2479	2429	3713
incisor	chr11	3p	-	37	4335	2388	2346	3435
incisor	chr11	3p	-	38	4069	2245	2174	3238
incisor	chr11	3p	-	39	3680	2115	2110	3068
incisor	chr11	3p	-	40	3416	2028	2009	2882
incisor	chr11	3p	-	41	3130	1965	1909	2702
incisor	chr11	3p	-	42	2939	1782	1872	2545
incisor	chr11	3p	-	43	2688	1733	1677	2486
incisor	chr11	3p	-	44	2607	1564	1622	2251
incisor	chr11	3p	-	45	2509	1491	1507	2057
incisor	chr11	3p	-	46	2286	1383	1463	2015
incisor	chr11	3p	-	47	2229	1301	1347	1882
incisor	chr11	3p	-	48	2058	1314	1297	1755
incisor	chr11	3p	-	49	1919	1255	1206	1706
incisor	chr11	3p	-	50	1809	1195	1188	1581
incisor	chr11	3p	-	51	1687	1161	1088	1531
incisor	chr11	3p	-	52	1550	1082	1076	1474
incisor	chr11	3p	-	53	1575	1004	1038	1318
incisor	chr11	3p	-	54	1477	949	957	1294
incisor	chr11	3p	-	55	1357	888	902	1259
incisor	chr11	3p	-	56	1222	893	853	1195
incisor	chr11	3p	-	57	1225	846	782	1091
incisor	chr11	3p	-	58	1138	784	781	1028
incisor	chr11	3p	-	59	1075	761	749	967
incisor	chr11	3p	-	60	1091	692	706	887
incisor	chr11	3p	-	61	998	661	658	882
incisor	chr11	3p	-	62	915	621	661	847
incisor	chr11	3p	-	63	899	597	624	798
incisor	chr11	3p	-	64	838	518	581	825
incisor	chr11	3p	-	65	824	522	539	726
incisor	chr11	3p	-	66	787	490	518	689
incisor	chr11	3p	-	67	749	466	503	635
incisor	chr11	3p	-	68	672	484	454	633
incisor	chr11	3p	-	69	628	459	436	604
incisor	chr11	3p	-	70	628	410	404	578
incisor	chr11	5p	+	1	5502	2627	2476	3884
incisor	chr11	5p	+	2	5229	2719	2587	3898
incisor	chr11	5p	+	3	5290	2713	2665	3818
incisor	chr11	5p	+	4	5371	2766	2574	3774
incisor	chr11	5p	+	5	5221	2771	2617	3874
incisor	chr11	5p	+	6	5135	2705	2612	4033
incisor	chr11	5p	+	7	5284	2696	2658	3846
incisor	chr11	5p	+	8	5299	2701	2625	3862
incisor	chr11	5p	+	9	5301	2711	2604	3870
incisor	chr11	5p	+	10	5186	2676	2669	3955
incisor	chr11	5p	+	11	5258	2619	2645	3965
incisor	chr11	5p	+	12	5164	2691	2688	3942
incisor	chr11	5p	+	13	5167	2707	2623	3987
incisor	chr11	5p	+	14	5212	2628	2677	3970
incisor	chr11	5p	+	15	5101	2722	2749	3916
incisor	chr11	5p	+	16	5116	2643	2764	3964
incisor	chr11	5p	+	17	5177	2694	2720	3898
incisor	chr11	5p	+	18	5085	2716	2675	4011
incisor	chr11	5p	+	19	5137	2620	2757	3973
incisor	chr11	5p	+	20	5115	2700	2752	3920
incisor	chr11	5p	+	21	5199	2678	2698	3912
incisor	chr11	5p	+	22	5180	2704	2615	3989
incisor	chr11	5p	+	23	5159	2647	2712	3970
incisor	chr11	5p	+	24	5198	2670	2737	3880
incisor	chr11	5p	+	25	5105	2653	2790	3940
incisor	chr11	5p	+	26	5155	2621	2682	4029
incisor	chr11	5p	+	27	5107	2631	2746	4001
incisor	chr11	5p	+	28	5150	2572	2745	4022
incisor	chr11	5p	+	29	5084	2787	2716	3901
incisor	chr11	5p	+	30	5163	2712	2667	3946
incisor	chr11	5p	+	31	5103	2689	2673	4010
incisor	chr11	5p	+	32	5094	2725	2668	3957
incisor	chr11	5p	+	33	5087	2628	2639	4057
incisor	chr11	5p	+	34	4970	2614	2653	4100
incisor	chr11	5p	+	35	4818	2662	2616	4124
incisor	chr11	5p	+	36	4567	2415	2467	3872
incisor	chr11	5p	+	37	4171	2319	2355	3651
incisor	chr11	5p	+	38	3858	2264	2178	3403
incisor	chr11	5p	+	39	3547	2117	1993	3324
incisor	chr11	5p	+	40	3322	1964	1941	3081
incisor	chr11	5p	+	41	3060	1962	1861	2842
incisor	chr11	5p	+	42	2859	1793	1716	2760
incisor	chr11	5p	+	43	2708	1624	1656	2571
incisor	chr11	5p	+	44	2490	1603	1594	2395
incisor	chr11	5p	+	45	2243	1524	1542	2297
incisor	chr11	5p	+	46	2210	1484	1359	2116
incisor	chr11	5p	+	47	2062	1369	1321	2033
incisor	chr11	5p	+	48	1954	1366	1253	1875
incisor	chr11	5p	+	49	1834	1234	1180	1876
incisor	chr11	5p	+	50	1722	1173	1208	1721
incisor	chr11	5p	+	51	1636	1076	1062	1718
incisor	chr11	5p	+	52	1594	1034	1077	1525
incisor	chr11	5p	+	53	1439	1001	1008	1511
incisor	chr11	5p	+	54	1390	939	982	1408
incisor	chr11	5p	+	55	1321	862	938	1357
incisor	chr11	5p	+	56	1220	858	870	1290
incisor	chr11	5p	+	57	1202	804	787	1230
incisor	chr11	5p	+	58	1072	772	790	1152
incisor	chr11	5p	+	59	1070	737	744	1048
incisor	chr11	5p	+	60	967	697	750	1017
incisor	chr11	5p	+	61	934	682	622	1012
incisor	chr11	5p	+	62	951	597	637	901
incisor	chr11	5p	+	63	840	606	612	874
incisor	chr11	5p	+	64	844	547	556	847
incisor	chr11	5p	+	65	817	552	544	732
incisor	chr11	5p	+	66	757	493	483	782
incisor	chr11	5p	+	67	692	498	454	733
incisor	chr11	5p	+	68	641	498	426	689
incisor	chr11	5p	+	69	633	402	464	641
incisor	chr11	5p	+	70	562	413	430	622
incisor	chr11	5p	-	1	5413	2616	2445	4019
incisor	chr11	5p	-	2	5174	2763	2603	3909
incisor	chr11	5p	-	3	5421	2709	2593	3769
incisor	chr11	5p	-	4	5397	2757	2572	3762
incisor	chr11	5p	-	5	5189	2743	2709	3850
incisor	chr11	5p	-	6	5369	2694	2619	3809
incisor	chr11	5p	-	7	5287	2727	2570	3908
incisor	chr11	5p	-	8	5231	2774	2638	3848
incisor	chr11	5p	-	9	5226	2841	2603	3820
incisor	chr11	5p	-	10	5188	2655	2625	4024
incisor	chr11	5p	-	11	5327	2649	2694	3823
incisor	chr11	5p	-	12	5121	2749	2637	3984
incisor	chr11	5p	-	13	5228	2698	2643	3923
incisor	chr11	5p	-	14	5252	2652	2725	3863
incisor	chr11	5p	-	15	5268	2673	2668	3880
incisor	chr11	5p	-	16	5266	2639	2708	3876
incisor	chr11	5p	-	17	5271	2596	2666	3957
incisor	chr11	5p	-	18	5180	2663	2703	3946
incisor	chr11	5p	-	19	5095	2692	2668	4037
incisor	chr11	5p	-	20	5203	2697	2714	3875
incisor	chr11	5p	-	21	5331	2656	2675	3830
incisor	chr11	5p	-	22	5216	2651	2647	3976
incisor	chr11	5p	-	23	5119	2669	2705	3996
incisor	chr11	5p	-	24	5268	2573	2696	3954
incisor	chr11	5p	-	25	5224	2571	2778	3920
incisor	chr11	5p	-	26	5172	2655	2749	3916
incisor	chr11	5p	-	27	5169	2630	2741	3949
incisor	chr11	5p	-	28	5162	2692	2704	3932
incisor	chr11	5p	-	29	5203	2559	2712	4017
incisor	chr11	5p	-	30	5114	2671	2726	3979
incisor	chr11	5p	-	31	5103	2630	2756	3991
incisor	chr11	5p	-	32	5141	2670	2667	3990
incisor	chr11	5p	-	33	5080	2592	2716	4048
incisor	chr11	5p	-	34	5147	2610	2574	4050
incisor	chr11	5p	-	35	4945	2614	2569	4137
incisor	chr11	5p	-	36	4544	2431	2451	3930
incisor	chr11	5p	-	37	4153	2352	2284	3713
incisor	chr11	5p	-	38	3822	2257	2263	3384
incisor	chr11	5p	-	39	3563	2110	2041	3257
incisor	chr11	5p	-	40	3333	1936	1964	3103
incisor	chr11	5p	-	41	3043	1890	1909	2864
incisor	chr11	5p	-	42	2898	1748	1738	2754
incisor	chr11	5p	-	43	2686	1660	1671	2569
incisor	chr11	5p	-	44	2491	1582	1544	2428
incisor	chr11	5p	-	45	2351	1461	1519	2235
incisor	chr11	5p	-	46	2192	1382	1435	2137
incisor	chr11	5p	-	47	2088	1349	1339	1981
incisor	chr11	5p	-	48	1973	1264	1318	1869
incisor	chr11	5p	-	49	1865	1227	1202	1792
incisor	chr11	5p	-	50	1728	1190	1182	1674
incisor	chr11	5p	-	51	1688	1095	1102	1585
incisor	chr11	5p	-	52	1523	1061	1070	1530
incisor	chr11	5p	-	53	1493	977	993	1472
incisor	chr11	5p	-	54	1378	937	962	1401
incisor	chr11	5p	-	55	1354	837	889	1327
incisor	chr11	5p	-	56	1196	861	896	1213
incisor	chr11	5p	-	57	1228	799	812	1105
incisor	chr11	5p	-	58	1095	736	780	1122
incisor	chr11	5p	-	59	1062	722	725	1044
incisor	chr11	5p	-	60	1038	705	705	930
incisor	chr11	5p	-	61	905	646	678	972
incisor	chr11	5p	-	62	893	631	641	879
incisor	chr11	5p	-	63	861	565	611	885
incisor	chr11	5p	-	64	840	559	555	812
incisor	chr11	5p	-	65	806	518	535	752
incisor	chr11	5p	-	66	713	524	522	725
incisor	chr11	5p	-	67	719	470	486	678
incisor	chr11	5p	-	68	703	436	467	639
incisor	chr11	5p	-	69	648	440	441	600
incisor	chr11	5p	-	70	569	431	415	606
incisor	chr11_GL383547v1_alt	3p	+	1	0	0	0	0
incisor	chr11_GL383547v1_alt	3p	+	2	0	0	0	0
incisor	chr11_GL383547v1_alt	3p	+	3	0	0	0	0
incisor	chr11_GL383547v1_alt	3p	+	4	0	0	0	0
incisor	chr11_GL383547v1_alt	3p	+	5	0	0	0	0
incisor	chr11_GL383547v1_alt	3p	+	6	0	0	0	0
incisor	chr11_GL383547v1_alt	3p	+	7	0	0	0	0
incisor	chr11_GL383547v1_alt	3p	+	8	0	0	0	0
incisor	chr11_GL383547v1_alt	3p	+	9	0	0	0	0
incisor	chr11_GL383547v1_alt	3p	+	10	0	0	0	0
incisor	chr11_GL383547v1_alt	3p	+	11	0	0	0	0
incisor	chr11_GL383547v1_alt	3p	+	12	0	0	0	0
incisor	chr11_GL383547v1_alt	3p	+	13	0	0	0	0
incisor	chr11_GL383547v1_alt	3p	+	14	0	0	0	0
incisor	chr11_GL383547v1_alt	3p	+	15	0	0	0	0
incisor	chr11_GL383547v1_alt	3p	+	16	0	0	0	0
incisor	chr11_GL383547v1_alt	3p	+	17	0	0	0	0
incisor	chr11_GL383547v1_alt	3p	+	18	0	0	0	0
incisor	chr11_GL383547v1_alt	3p	+	19	0	0	0	0
incisor	chr11_GL383547v1_alt	3p	+	20	0	0	0	0
incisor	chr11_GL383547v1_alt	3p	+	21	0	0	0	0
incisor	chr11_GL383547v1_alt	3p	+	22	0	0	0	0
incisor	chr11_GL383547v1_alt	3p	+	23	0	0	0	0
incisor	chr11_GL383547v1_alt	3p	+	24	0	0	0	0
incisor	chr11_GL383547v1_alt	3p	+	25	0	0	0	0
incisor	chr11_GL383547v1_alt	3p	+	26	0	0	0	0
incisor	chr11_GL383547v1_alt	3p	+	27	0	0	0	0
incisor	chr11_GL383547v1_alt	3p	+	28	0	0	0	0
incisor	chr11_GL383547v1_alt	3p	+	29	0	0	0	0
incisor	chr11_GL383547v1_alt	3p	+	30	0	0	0	0
incisor	chr11_GL383547v1_alt	3p	+	31	0	0	0	0
incisor	chr11_GL383547v1_alt	3p	+	32	0	0	0	0
incisor	chr11_GL383547v1_alt	3p	+	33	0	0	0	0
incisor	chr11_GL383547v1_alt	3p	+	34	0	0	0	0
incisor	chr11_GL383547v1_alt	3p	+	35	0	0	0	0
incisor	chr11_GL383547v1_alt	3p	+	36	0	0	0	0
incisor	chr11_GL383547v1_alt	3p	+	37	0	0	0	0
incisor	chr11_GL383547v1_alt	3p	+	38	0	0	0	0
incisor	chr11_GL383547v1_alt	3p	+	39	0	0	0	0
incisor	chr11_GL383547v1_alt	3p	+	40	0	0	0	0
incisor	chr11_GL383547v1_alt	3p	+	41	0	0	0	0
incisor	chr11_GL383547v1_alt	3p	+	42	0	0	0	0
incisor	chr11_GL383547v1_alt	3p	+	43	0	0	0	0
incisor	chr11_GL383547v1_alt	3p	+	44	0	0	0	0
incisor	chr11_GL383547v1_alt	3p	+	45	0	0	0	0
incisor	chr11_GL383547v1_alt	3p	+	46	0	0	0	0
incisor	chr11_GL383547v1_alt	3p	+	47	0	0	0	0
incisor	chr11_GL383547v1_alt	3p	+	48	0	0	0	0
incisor	chr11_GL383547v1_alt	3p	+	49	0	0	0	0
incisor	chr11_GL383547v1_alt	3p	+	50	0	0	0	0
incisor	chr11_GL383547v1_alt	3p	+	51	0	0	0	0
incisor	chr11_GL383547v1_alt	3p	+	52	0	0	0	0
incisor	chr11_GL383547v1_alt	3p	+	53	0	0	0	0
incisor	chr11_GL383547v1_alt	3p	+	54	0	0	0	0
incisor	chr11_GL383547v1_alt	3p	+	55	0	0	0	0
incisor	chr11_GL383547v1_alt	3p	+	56	0	0	0	0
incisor	chr11_GL383547v1_alt	3p	+	57	0	0	0	0
incisor	chr11_GL383547v1_alt	3p	+	58	0	0	0	0
incisor	chr11_GL383547v1_alt	3p	+	59	0	0	0	0
incisor	chr11_GL383547v1_alt	3p	+	60	0	0	0	0
incisor	chr11_GL383547v1_alt	3p	+	61	0	0	0	0
incisor	chr11_GL383547v1_alt	3p	+	62	0	0	0	0
incisor	chr11_GL383547v1_alt	3p	+	63	0	0	0	0
incisor	chr11_GL383547v1_alt	3p	+	64	0	0	0	0
incisor	chr11_GL383547v1_alt	3p	+	65	0	0	0	0
incisor	chr11_GL383547v1_alt	3p	+	66	0	0	0	0
incisor	chr11_GL383547v1_alt	3p	+	67	0	0	0	0
incisor	chr11_GL383547v1_alt	3p	+	68	0	0	0	0
incisor	chr11_GL383547v1_alt	3p	+	69	0	0	0	0
incisor	chr11_GL383547v1_alt	3p	+	70	0	0	0	0
incisor	chr11_GL383547v1_alt	3p	-	1	0	0	0	0
incisor	chr11_GL383547v1_alt	3p	-	2	0	0	0	0
incisor	chr11_GL383547v1_alt	3p	-	3	0	0	0	0
incisor	chr11_GL383547v1_alt	3p	-	4	0	0	0	0
incisor	chr11_GL383547v1_alt	3p	-	5	0	0	0	0
incisor	chr11_GL383547v1_alt	3p	-	6	0	0	0	0
incisor	chr11_GL383547v1_alt	3p	-	7	0	0	0	0
incisor	chr11_GL383547v1_alt	3p	-	8	0	0	0	0
incisor	chr11_GL383547v1_alt	3p	-	9	0	0	0	0
incisor	chr11_GL383547v1_alt	3p	-	10	0	0	0	0
incisor	chr11_GL383547v1_alt	3p	-	11	0	0	0	0
incisor	chr11_GL383547v1_alt	3p	-	12	0	0	0	0
incisor	chr11_GL383547v1_alt	3p	-	13	0	0	0	0
incisor	chr11_GL383547v1_alt	3p	-	14	0	0	0	0
incisor	chr11_GL383547v1_alt	3p	-	15	0	0	0	0
incisor	chr11_GL383547v1_alt	3p	-	16	0	0	0	0
incisor	chr11_GL383547v1_alt	3p	-	17	0	0	0	0
incisor	chr11_GL383547v1_alt	3p	-	18	0	0	0	0
incisor	chr11_GL383547v1_alt	3p	-	19	0	0	0	0
incisor	chr11_GL383547v1_alt	3p	-	20	0	0	0	0
incisor	chr11_GL383547v1_alt	3p	-	21	0	0	0	0
incisor	chr11_GL383547v1_alt	3p	-	22	0	0	0	0
incisor	chr11_GL383547v1_alt	3p	-	23	0	0	0	0
incisor	chr11_GL383547v1_alt	3p	-	24	0	0	0	0
incisor	chr11_GL383547v1_alt	3p	-	25	0	0	0	0
incisor	chr11_GL383547v1_alt	3p	-	26	0	0	0	0
incisor	chr11_GL383547v1_alt	3p	-	27	0	0	0	0
incisor	chr11_GL383547v1_alt	3p	-	28	0	0	0	0
incisor	chr11_GL383547v1_alt	3p	-	29	0	0	0	0
incisor	chr11_GL383547v1_alt	3p	-	30	0	0	0	0
incisor	chr11_GL383547v1_alt	3p	-	31	0	0	0	0
incisor	chr11_GL383547v1_alt	3p	-	32	0	0	0	0
incisor	chr11_GL383547v1_alt	3p	-	33	0	0	0	0
incisor	chr11_GL383547v1_alt	3p	-	34	0	0	0	0
incisor	chr11_GL383547v1_alt	3p	-	35	0	0	0	0
incisor	chr11_GL383547v1_alt	3p	-	36	0	0	0	0
incisor	chr11_GL383547v1_alt	3p	-	37	0	0	0	0
incisor	chr11_GL383547v1_alt	3p	-	38	0	0	0	0
incisor	chr11_GL383547v1_alt	3p	-	39	0	0	0	0
incisor	chr11_GL383547v1_alt	3p	-	40	0	0	0	0
incisor	chr11_GL383547v1_alt	3p	-	41	0	0	0	0
incisor	chr11_GL383547v1_alt	3p	-	42	0	0	0	0
incisor	chr11_GL383547v1_alt	3p	-	43	0	0	0	0
incisor	chr11_GL383547v1_alt	3p	-	44	0	0	0	0
incisor	chr11_GL383547v1_alt	3p	-	45	0	0	0	0
incisor	chr11_GL383547v1_alt	3p	-	46	0	0	0	0
incisor	chr11_GL383547v1_alt	3p	-	47	0	0	0	0
incisor	chr11_GL383547v1_alt	3p	-	48	0	0	0	0
incisor	chr11_GL383547v1_alt	3p	-	49	0	0	0	0
incisor	chr11_GL383547v1_alt	3p	-	50	0	0	0	0
incisor	chr11_GL383547v1_alt	3p	-	51	0	0	0	0
incisor	chr11_GL383547v1_alt	3p	-	52	0	0	0	0
incisor	chr11_GL383547v1_alt	3p	-	53	0	0	0	0
incisor	chr11_GL383547v1_alt	3p	-	54	0	0	0	0
incisor	chr11_GL383547v1_alt	3p	-	55	0	0	0	0
incisor	chr11_GL383547v1_alt	3p	-	56	0	0	0	0
incisor	chr11_GL383547v1_alt	3p	-	57	0	0	0	0
incisor	chr11_GL383547v1_alt	3p	-	58	0	0	0	0
incisor	chr11_GL383547v1_alt	3p	-	59	0	0	0	0
incisor	chr11_GL383547v1_alt	3p	-	60	0	0	0	0
incisor	chr11_GL383547v1_alt	3p	-	61	0	0	0	0
incisor	chr11_GL383547v1_alt	3p	-	62	0	0	0	0
incisor	chr11_GL383547v1_alt	3p	-	63	0	0	0	0
incisor	chr11_GL383547v1_alt	3p	-	64	0	0	0	0
incisor	chr11_GL383547v1_alt	3p	-	65	0	0	0	0
incisor	chr11_GL383547v1_alt	3p	-	66	0	0	0	0
incisor	chr11_GL383547v1_alt	3p	-	67	0	0	0	0
incisor	chr11_GL383547v1_alt	3p	-	68	0	0	0	0
incisor	chr11_GL383547v1_alt	3p	-	69	0	0	0	0
incisor	chr11_GL383547v1_alt	3p	-	70	0	0	0	0
incisor	chr11_GL383547v1_alt	5p	+	1	0	0	0	0
incisor	chr11_GL383547v1_alt	5p	+	2	0	0	0	0
incisor	chr11_GL383547v1_alt	5p	+	3	0	0	0	0
incisor	chr11_GL383547v1_alt	5p	+	4	0	0	0	0
incisor	chr11_GL383547v1_alt	5p	+	5	0	0	0	0
incisor	chr11_GL383547v1_alt	5p	+	6	0	0	0	0
incisor	chr11_GL383547v1_alt	5p	+	7	0	0	0	0
incisor	chr11_GL383547v1_alt	5p	+	8	0	0	0	0
incisor	chr11_GL383547v1_alt	5p	+	9	0	0	0	0
incisor	chr11_GL383547v1_alt	5p	+	10	0	0	0	0
incisor	chr11_GL383547v1_alt	5p	+	11	0	0	0	0
incisor	chr11_GL383547v1_alt	5p	+	12	0	0	0	0
incisor	chr11_GL383547v1_alt	5p	+	13	0	0	0	0
incisor	chr11_GL383547v1_alt	5p	+	14	0	0	0	0
incisor	chr11_GL383547v1_alt	5p	+	15	0	0	0	0
incisor	chr11_GL383547v1_alt	5p	+	16	0	0	0	0
incisor	chr11_GL383547v1_alt	5p	+	17	0	0	0	0
incisor	chr11_GL383547v1_alt	5p	+	18	0	0	0	0
incisor	chr11_GL383547v1_alt	5p	+	19	0	0	0	0
incisor	chr11_GL383547v1_alt	5p	+	20	0	0	0	0
incisor	chr11_GL383547v1_alt	5p	+	21	0	0	0	0
incisor	chr11_GL383547v1_alt	5p	+	22	0	0	0	0
incisor	chr11_GL383547v1_alt	5p	+	23	0	0	0	0
incisor	chr11_GL383547v1_alt	5p	+	24	0	0	0	0
incisor	chr11_GL383547v1_alt	5p	+	25	0	0	0	0
incisor	chr11_GL383547v1_alt	5p	+	26	0	0	0	0
incisor	chr11_GL383547v1_alt	5p	+	27	0	0	0	0
incisor	chr11_GL383547v1_alt	5p	+	28	0	0	0	0
incisor	chr11_GL383547v1_alt	5p	+	29	0	0	0	0
incisor	chr11_GL383547v1_alt	5p	+	30	0	0	0	0
incisor	chr11_GL383547v1_alt	5p	+	31	0	0	0	0
incisor	chr11_GL383547v1_alt	5p	+	32	0	0	0	0
incisor	chr11_GL383547v1_alt	5p	+	33	0	0	0	0
incisor	chr11_GL383547v1_alt	5p	+	34	0	0	0	0
incisor	chr11_GL383547v1_alt	5p	+	35	0	0	0	0
incisor	chr11_GL383547v1_alt	5p	+	36	0	0	0	0
incisor	chr11_GL383547v1_alt	5p	+	37	0	0	0	0
incisor	chr11_GL383547v1_alt	5p	+	38	0	0	0	0
incisor	chr11_GL383547v1_alt	5p	+	39	0	0	0	0
incisor	chr11_GL383547v1_alt	5p	+	40	0	0	0	0
incisor	chr11_GL383547v1_alt	5p	+	41	0	0	0	0
incisor	chr11_GL383547v1_alt	5p	+	42	0	0	0	0
incisor	chr11_GL383547v1_alt	5p	+	43	0	0	0	0
incisor	chr11_GL383547v1_alt	5p	+	44	0	0	0	0
incisor	chr11_GL383547v1_alt	5p	+	45	0	0	0	0
incisor	chr11_GL383547v1_alt	5p	+	46	0	0	0	0
incisor	chr11_GL383547v1_alt	5p	+	47	0	0	0	0
incisor	chr11_GL383547v1_alt	5p	+	48	0	0	0	0
incisor	chr11_GL383547v1_alt	5p	+	49	0	0	0	0
incisor	chr11_GL383547v1_alt	5p	+	50	0	0	0	0
incisor	chr11_GL383547v1_alt	5p	+	51	0	0	0	0
incisor	chr11_GL383547v1_alt	5p	+	52	0	0	0	0
incisor	chr11_GL383547v1_alt	5p	+	53	0	0	0	0
incisor	chr11_GL383547v1_alt	5p	+	54	0	0	0	0
incisor	chr11_GL383547v1_alt	5p	+	55	0	0	0	0
incisor	chr11_GL383547v1_alt	5p	+	56	0	0	0	0
incisor	chr11_GL383547v1_alt	5p	+	57	0	0	0	0
incisor	chr11_GL383547v1_alt	5p	+	58	0	0	0	0
incisor	chr11_GL383547v1_alt	5p	+	59	0	0	0	0
incisor	chr11_GL383547v1_alt	5p	+	60	0	0	0	0
incisor	chr11_GL383547v1_alt	5p	+	61	0	0	0	0
incisor	chr11_GL383547v1_alt	5p	+	62	0	0	0	0
incisor	chr11_GL383547v1_alt	5p	+	63	0	0	0	0
incisor	chr11_GL383547v1_alt	5p	+	64	0	0	0	0
incisor	chr11_GL383547v1_alt	5p	+	65	0	0	0	0
incisor	chr11_GL383547v1_alt	5p	+	66	0	0	0	0
incisor	chr11_GL383547v1_alt	5p	+	67	0	0	0	0
incisor	chr11_GL383547v1_alt	5p	+	68	0	0	0	0
incisor	chr11_GL383547v1_alt	5p	+	69	0	0	0	0
incisor	chr11_GL383547v1_alt	5p	+	70	0	0	0	0
incisor	chr11_GL383547v1_alt	5p	-	1	0	0	0	0
incisor	chr11_GL383547v1_alt	5p	-	2	0	0	0	0
incisor	chr11_GL383547v1_alt	5p	-	3	0	0	0	0
incisor	chr11_GL383547v1_alt	5p	-	4	0	0	0	0
incisor	chr11_GL383547v1_alt	5p	-	5	0	0	0	0
incisor	chr11_GL383547v1_alt	5p	-	6	0	0	0	0
incisor	chr11_GL383547v1_alt	5p	-	7	0	0	0	0
incisor	chr11_GL383547v1_alt	5p	-	8	0	0	0	0
incisor	chr11_GL383547v1_alt	5p	-	9	0	0	0	0
incisor	chr11_GL383547v1_alt	5p	-	10	0	0	0	0
incisor	chr11_GL383547v1_alt	5p	-	11	0	0	0	0
incisor	chr11_GL383547v1_alt	5p	-	12	0	0	0	0
incisor	chr11_GL383547v1_alt	5p	-	13	0	0	0	0
incisor	chr11_GL383547v1_alt	5p	-	14	0	0	0	0
incisor	chr11_GL383547v1_alt	5p	-	15	0	0	0	0
incisor	chr11_GL383547v1_alt	5p	-	16	0	0	0	0
incisor	chr11_GL383547v1_alt	5p	-	17	0	0	0	0
incisor	chr11_GL383547v1_alt	5p	-	18	0	0	0	0
incisor	chr11_GL383547v1_alt	5p	-	19	0	0	0	0
incisor	chr11_GL383547v1_alt	5p	-	20	0	0	0	0
incisor	chr11_GL383547v1_alt	5p	-	21	0	0	0	0
incisor	chr11_GL383547v1_alt	5p	-	22	0	0	0	0
incisor	chr11_GL383547v1_alt	5p	-	23	0	0	0	0
incisor	chr11_GL383547v1_alt	5p	-	24	0	0	0	0
incisor	chr11_GL383547v1_alt	5p	-	25	0	0	0	0
incisor	chr11_GL383547v1_alt	5p	-	26	0	0	0	0
incisor	chr11_GL383547v1_alt	5p	-	27	0	0	0	0
incisor	chr11_GL383547v1_alt	5p	-	28	0	0	0	0
incisor	chr11_GL383547v1_alt	5p	-	29	0	0	0	0
incisor	chr11_GL383547v1_alt	5p	-	30	0	0	0	0
incisor	chr11_GL383547v1_alt	5p	-	31	0	0	0	0
incisor	chr11_GL383547v1_alt	5p	-	32	0	0	0	0
incisor	chr11_GL383547v1_alt	5p	-	33	0	0	0	0
incisor	chr11_GL383547v1_alt	5p	-	34	0	0	0	0
incisor	chr11_GL383547v1_alt	5p	-	35	0	0	0	0
incisor	chr11_GL383547v1_alt	5p	-	36	0	0	0	0
incisor	chr11_GL383547v1_alt	5p	-	37	0	0	0	0
incisor	chr11_GL383547v1_alt	5p	-	38	0	0	0	0
incisor	chr11_GL383547v1_alt	5p	-	39	0	0	0	0
incisor	chr11_GL383547v1_alt	5p	-	40	0	0	0	0
incisor	chr11_GL383547v1_alt	5p	-	41	0	0	0	0
incisor	chr11_GL383547v1_alt	5p	-	42	0	0	0	0
incisor	chr11_GL383547v1_alt	5p	-	43	0	0	0	0
incisor	chr11_GL383547v1_alt	5p	-	44	0	0	0	0
incisor	chr11_GL383547v1_alt	5p	-	45	0	0	0	0
incisor	chr11_GL383547v1_alt	5p	-	46	0	0	0	0
incisor	chr11_GL383547v1_alt	5p	-	47	0	0	0	0
incisor	chr11_GL383547v1_alt	5p	-	48	0	0	0	0
incisor	chr11_GL383547v1_alt	5p	-	49	0	0	0	0
incisor	chr11_GL383547v1_alt	5p	-	50	0	0	0	0
incisor	chr11_GL383547v1_alt	5p	-	51	0	0	0	0
incisor	chr11_GL383547v1_alt	5p	-	52	0	0	0	0
incisor	chr11_GL383547v1_alt	5p	-	53	0	0	0	0
incisor	chr11_GL383547v1_alt	5p	-	54	0	0	0	0
incisor	chr11_GL383547v1_alt	5p	-	55	0	0	0	0
incisor	chr11_GL383547v1_alt	5p	-	56	0	0	0	0
incisor	chr11_GL383547v1_alt	5p	-	57	0	0	0	0
incisor	chr11_GL383547v1_alt	5p	-	58	0	0	0	0
incisor	chr11_GL383547v1_alt	5p	-	59	0	0	0	0
incisor	chr11_GL383547v1_alt	5p	-	60	0	0	0	0
incisor	chr11_GL383547v1_alt	5p	-	61	0	0	0	0
incisor	chr11_GL383547v1_alt	5p	-	62	0	0	0	0
incisor	chr11_GL383547v1_alt	5p	-	63	0	0	0	0
incisor	chr11_GL383547v1_alt	5p	-	64	0	0	0	0
incisor	chr11_GL383547v1_alt	5p	-	65	0	0	0	0
incisor	chr11_GL383547v1_alt	5p	-	66	0	0	0	0
incisor	chr11_GL383547v1_alt	5p	-	67	0	0	0	0
incisor	chr11_GL383547v1_alt	5p	-	68	0	0	0	0
incisor	chr11_GL383547v1_alt	5p	-	69	0	0	0	0
incisor	chr11_GL383547v1_alt	5p	-	70	0	0	0	0
incisor	chr11_JH159136v1_alt	3p	+	1	0	0	0	3
incisor	chr11_JH159136v1_alt	3p	+	2	3	0	0	0
incisor	chr11_JH159136v1_alt	3p	+	3	1	0	0	2
incisor	chr11_JH159136v1_alt	3p	+	4	1	0	1	1
incisor	chr11_JH159136v1_alt	3p	+	5	1	0	0	2
incisor	chr11_JH159136v1_alt	3p	+	6	1	0	0	2
incisor	chr11_JH159136v1_alt	3p	+	7	1	1	0	1
incisor	chr11_JH159136v1_alt	3p	+	8	0	3	0	0
incisor	chr11_JH159136v1_alt	3p	+	9	0	0	2	1
incisor	chr11_JH159136v1_alt	3p	+	10	1	1	0	1
incisor	chr11_JH159136v1_alt	3p	+	11	0	1	0	2
incisor	chr11_JH159136v1_alt	3p	+	12	0	0	1	2
incisor	chr11_JH159136v1_alt	3p	+	13	1	1	1	0
incisor	chr11_JH159136v1_alt	3p	+	14	1	0	0	2
incisor	chr11_JH159136v1_alt	3p	+	15	2	1	0	0
incisor	chr11_JH159136v1_alt	3p	+	16	1	0	1	1
incisor	chr11_JH159136v1_alt	3p	+	17	3	0	0	0
incisor	chr11_JH159136v1_alt	3p	+	18	2	1	0	0
incisor	chr11_JH159136v1_alt	3p	+	19	2	0	0	1
incisor	chr11_JH159136v1_alt	3p	+	20	2	0	0	1
incisor	chr11_JH159136v1_alt	3p	+	21	3	0	0	0
incisor	chr11_JH159136v1_alt	3p	+	22	1	0	1	1
incisor	chr11_JH159136v1_alt	3p	+	23	0	0	1	2
incisor	chr11_JH159136v1_alt	3p	+	24	0	0	0	3
incisor	chr11_JH159136v1_alt	3p	+	25	1	1	0	1
incisor	chr11_JH159136v1_alt	3p	+	26	1	0	1	1
incisor	chr11_JH159136v1_alt	3p	+	27	2	1	0	0
incisor	chr11_JH159136v1_alt	3p	+	28	1	0	1	1
incisor	chr11_JH159136v1_alt	3p	+	29	2	0	0	1
incisor	chr11_JH159136v1_alt	3p	+	30	2	0	0	1
incisor	chr11_JH159136v1_alt	3p	+	31	1	0	1	1
incisor	chr11_JH159136v1_alt	3p	+	32	2	0	0	1
incisor	chr11_JH159136v1_alt	3p	+	33	1	0	1	1
incisor	chr11_JH159136v1_alt	3p	+	34	3	0	0	0
incisor	chr11_JH159136v1_alt	3p	+	35	3	0	0	0
incisor	chr11_JH159136v1_alt	3p	+	36	1	2	0	0
incisor	chr11_JH159136v1_alt	3p	+	37	2	0	0	1
incisor	chr11_JH159136v1_alt	3p	+	38	0	1	0	1
incisor	chr11_JH159136v1_alt	3p	+	39	1	0	0	1
incisor	chr11_JH159136v1_alt	3p	+	40	1	0	0	1
incisor	chr11_JH159136v1_alt	3p	+	41	0	0	0	2
incisor	chr11_JH159136v1_alt	3p	+	42	1	1	0	0
incisor	chr11_JH159136v1_alt	3p	+	43	1	0	0	1
incisor	chr11_JH159136v1_alt	3p	+	44	1	0	1	0
incisor	chr11_JH159136v1_alt	3p	+	45	2	0	0	0
incisor	chr11_JH159136v1_alt	3p	+	46	1	1	0	0
incisor	chr11_JH159136v1_alt	3p	+	47	1	0	1	0
incisor	chr11_JH159136v1_alt	3p	+	48	1	0	0	1
incisor	chr11_JH159136v1_alt	3p	+	49	0	1	0	1
incisor	chr11_JH159136v1_alt	3p	+	50	1	0	0	1
incisor	chr11_JH159136v1_alt	3p	+	51	0	1	0	1
incisor	chr11_JH159136v1_alt	3p	+	52	1	0	0	0
incisor	chr11_JH159136v1_alt	3p	+	53	0	0	1	0
incisor	chr11_JH159136v1_alt	3p	+	54	0	0	1	0
incisor	chr11_JH159136v1_alt	3p	+	55	0	0	0	1
incisor	chr11_JH159136v1_alt	3p	+	56	1	0	0	0
incisor	chr11_JH159136v1_alt	3p	+	57	0	1	0	0
incisor	chr11_JH159136v1_alt	3p	+	58	0	0	0	0
incisor	chr11_JH159136v1_alt	3p	+	59	0	0	0	0
incisor	chr11_JH159136v1_alt	3p	+	60	0	0	0	0
incisor	chr11_JH159136v1_alt	3p	+	61	0	0	0	0
incisor	chr11_JH159136v1_alt	3p	+	62	0	0	0	0
incisor	chr11_JH159136v1_alt	3p	+	63	0	0	0	0
incisor	chr11_JH159136v1_alt	3p	+	64	0	0	0	0
incisor	chr11_JH159136v1_alt	3p	+	65	0	0	0	0
incisor	chr11_JH159136v1_alt	3p	+	66	0	0	0	0
incisor	chr11_JH159136v1_alt	3p	+	67	0	0	0	0
incisor	chr11_JH159136v1_alt	3p	+	68	0	0	0	0
incisor	chr11_JH159136v1_alt	3p	+	69	0	0	0	0
incisor	chr11_JH159136v1_alt	3p	+	70	0	0	0	0
incisor	chr11_JH159136v1_alt	3p	-	1	0	0	1	1
incisor	chr11_JH159136v1_alt	3p	-	2	0	0	1	1
incisor	chr11_JH159136v1_alt	3p	-	3	0	0	1	1
incisor	chr11_JH159136v1_alt	3p	-	4	1	0	0	1
incisor	chr11_JH159136v1_alt	3p	-	5	0	0	0	2
incisor	chr11_JH159136v1_alt	3p	-	6	0	0	1	1
incisor	chr11_JH159136v1_alt	3p	-	7	0	0	0	2
incisor	chr11_JH159136v1_alt	3p	-	8	1	0	0	1
incisor	chr11_JH159136v1_alt	3p	-	9	0	0	1	1
incisor	chr11_JH159136v1_alt	3p	-	10	0	0	2	0
incisor	chr11_JH159136v1_alt	3p	-	11	2	0	0	0
incisor	chr11_JH159136v1_alt	3p	-	12	0	0	1	1
incisor	chr11_JH159136v1_alt	3p	-	13	1	0	0	1
incisor	chr11_JH159136v1_alt	3p	-	14	0	1	0	1
incisor	chr11_JH159136v1_alt	3p	-	15	1	0	0	1
incisor	chr11_JH159136v1_alt	3p	-	16	0	0	0	2
incisor	chr11_JH159136v1_alt	3p	-	17	1	0	1	0
incisor	chr11_JH159136v1_alt	3p	-	18	1	1	0	0
incisor	chr11_JH159136v1_alt	3p	-	19	2	0	0	0
incisor	chr11_JH159136v1_alt	3p	-	20	0	0	0	2
incisor	chr11_JH159136v1_alt	3p	-	21	0	2	0	0
incisor	chr11_JH159136v1_alt	3p	-	22	0	0	0	2
incisor	chr11_JH159136v1_alt	3p	-	23	0	0	1	1
incisor	chr11_JH159136v1_alt	3p	-	24	1	1	0	0
incisor	chr11_JH159136v1_alt	3p	-	25	1	1	0	0
incisor	chr11_JH159136v1_alt	3p	-	26	0	1	1	0
incisor	chr11_JH159136v1_alt	3p	-	27	0	1	0	1
incisor	chr11_JH159136v1_alt	3p	-	28	1	1	0	0
incisor	chr11_JH159136v1_alt	3p	-	29	0	1	1	0
incisor	chr11_JH159136v1_alt	3p	-	30	0	1	0	1
incisor	chr11_JH159136v1_alt	3p	-	31	1	0	1	0
incisor	chr11_JH159136v1_alt	3p	-	32	0	0	1	1
incisor	chr11_JH159136v1_alt	3p	-	33	1	0	0	1
incisor	chr11_JH159136v1_alt	3p	-	34	1	0	0	1
incisor	chr11_JH159136v1_alt	3p	-	35	0	0	1	1
incisor	chr11_JH159136v1_alt	3p	-	36	0	1	0	1
incisor	chr11_JH159136v1_alt	3p	-	37	1	0	1	0
incisor	chr11_JH159136v1_alt	3p	-	38	1	1	0	0
incisor	chr11_JH159136v1_alt	3p	-	39	1	0	0	1
incisor	chr11_JH159136v1_alt	3p	-	40	1	0	1	0
incisor	chr11_JH159136v1_alt	3p	-	41	1	0	0	1
incisor	chr11_JH159136v1_alt	3p	-	42	0	1	0	1
incisor	chr11_JH159136v1_alt	3p	-	43	0	0	0	2
incisor	chr11_JH159136v1_alt	3p	-	44	0	0	0	2
incisor	chr11_JH159136v1_alt	3p	-	45	0	0	0	2
incisor	chr11_JH159136v1_alt	3p	-	46	2	0	0	0
incisor	chr11_JH159136v1_alt	3p	-	47	2	0	0	0
incisor	chr11_JH159136v1_alt	3p	-	48	1	0	1	0
incisor	chr11_JH159136v1_alt	3p	-	49	0	0	0	2
incisor	chr11_JH159136v1_alt	3p	-	50	2	0	0	0
incisor	chr11_JH159136v1_alt	3p	-	51	2	0	0	0
incisor	chr11_JH159136v1_alt	3p	-	52	1	1	0	0
incisor	chr11_JH159136v1_alt	3p	-	53	1	0	0	1
incisor	chr11_JH159136v1_alt	3p	-	54	0	0	1	0
incisor	chr11_JH159136v1_alt	3p	-	55	0	0	0	1
incisor	chr11_JH159136v1_alt	3p	-	56	0	1	0	0
incisor	chr11_JH159136v1_alt	3p	-	57	0	0	0	0
incisor	chr11_JH159136v1_alt	3p	-	58	0	0	0	0
incisor	chr11_JH159136v1_alt	3p	-	59	0	0	0	0
incisor	chr11_JH159136v1_alt	3p	-	60	0	0	0	0
incisor	chr11_JH159136v1_alt	3p	-	61	0	0	0	0
incisor	chr11_JH159136v1_alt	3p	-	62	0	0	0	0
incisor	chr11_JH159136v1_alt	3p	-	63	0	0	0	0
incisor	chr11_JH159136v1_alt	3p	-	64	0	0	0	0
incisor	chr11_JH159136v1_alt	3p	-	65	0	0	0	0
incisor	chr11_JH159136v1_alt	3p	-	66	0	0	0	0
incisor	chr11_JH159136v1_alt	3p	-	67	0	0	0	0
incisor	chr11_JH159136v1_alt	3p	-	68	0	0	0	0
incisor	chr11_JH159136v1_alt	3p	-	69	0	0	0	0
incisor	chr11_JH159136v1_alt	3p	-	70	0	0	0	0
incisor	chr11_JH159136v1_alt	5p	+	1	0	1	0	2
incisor	chr11_JH159136v1_alt	5p	+	2	2	1	0	0
incisor	chr11_JH159136v1_alt	5p	+	3	1	0	0	2
incisor	chr11_JH159136v1_alt	5p	+	4	1	0	1	1
incisor	chr11_JH159136v1_alt	5p	+	5	1	0	2	0
incisor	chr11_JH159136v1_alt	5p	+	6	3	0	0	0
incisor	chr11_JH159136v1_alt	5p	+	7	1	1	0	1
incisor	chr11_JH159136v1_alt	5p	+	8	2	0	0	1
incisor	chr11_JH159136v1_alt	5p	+	9	2	1	0	0
incisor	chr11_JH159136v1_alt	5p	+	10	2	0	1	0
incisor	chr11_JH159136v1_alt	5p	+	11	0	1	1	1
incisor	chr11_JH159136v1_alt	5p	+	12	1	1	0	1
incisor	chr11_JH159136v1_alt	5p	+	13	2	0	0	1
incisor	chr11_JH159136v1_alt	5p	+	14	0	0	1	2
incisor	chr11_JH159136v1_alt	5p	+	15	1	0	0	2
incisor	chr11_JH159136v1_alt	5p	+	16	0	2	0	1
incisor	chr11_JH159136v1_alt	5p	+	17	2	0	0	1
incisor	chr11_JH159136v1_alt	5p	+	18	3	0	0	0
incisor	chr11_JH159136v1_alt	5p	+	19	2	0	0	1
incisor	chr11_JH159136v1_alt	5p	+	20	1	1	0	1
incisor	chr11_JH159136v1_alt	5p	+	21	2	0	1	0
incisor	chr11_JH159136v1_alt	5p	+	22	1	0	0	2
incisor	chr11_JH159136v1_alt	5p	+	23	2	0	0	1
incisor	chr11_JH159136v1_alt	5p	+	24	3	0	0	0
incisor	chr11_JH159136v1_alt	5p	+	25	2	0	0	1
incisor	chr11_JH159136v1_alt	5p	+	26	1	0	2	0
incisor	chr11_JH159136v1_alt	5p	+	27	1	1	0	1
incisor	chr11_JH159136v1_alt	5p	+	28	2	0	0	1
incisor	chr11_JH159136v1_alt	5p	+	29	1	0	1	1
incisor	chr11_JH159136v1_alt	5p	+	30	0	1	1	1
incisor	chr11_JH159136v1_alt	5p	+	31	3	0	0	0
incisor	chr11_JH159136v1_alt	5p	+	32	0	0	0	3
incisor	chr11_JH159136v1_alt	5p	+	33	2	0	0	1
incisor	chr11_JH159136v1_alt	5p	+	34	1	0	1	1
incisor	chr11_JH159136v1_alt	5p	+	35	2	0	1	0
incisor	chr11_JH159136v1_alt	5p	+	36	3	0	0	0
incisor	chr11_JH159136v1_alt	5p	+	37	1	1	0	1
incisor	chr11_JH159136v1_alt	5p	+	38	1	0	0	1
incisor	chr11_JH159136v1_alt	5p	+	39	1	1	0	0
incisor	chr11_JH159136v1_alt	5p	+	40	0	1	0	1
incisor	chr11_JH159136v1_alt	5p	+	41	1	1	0	0
incisor	chr11_JH159136v1_alt	5p	+	42	0	1	1	0
incisor	chr11_JH159136v1_alt	5p	+	43	1	0	0	1
incisor	chr11_JH159136v1_alt	5p	+	44	0	1	0	1
incisor	chr11_JH159136v1_alt	5p	+	45	0	0	1	1
incisor	chr11_JH159136v1_alt	5p	+	46	0	0	0	2
incisor	chr11_JH159136v1_alt	5p	+	47	0	0	0	2
incisor	chr11_JH159136v1_alt	5p	+	48	0	0	0	2
incisor	chr11_JH159136v1_alt	5p	+	49	0	0	1	1
incisor	chr11_JH159136v1_alt	5p	+	50	1	1	0	0
incisor	chr11_JH159136v1_alt	5p	+	51	0	1	0	1
incisor	chr11_JH159136v1_alt	5p	+	52	1	0	0	0
incisor	chr11_JH159136v1_alt	5p	+	53	0	0	0	1
incisor	chr11_JH159136v1_alt	5p	+	54	1	0	0	0
incisor	chr11_JH159136v1_alt	5p	+	55	0	0	0	1
incisor	chr11_JH159136v1_alt	5p	+	56	1	0	0	0
incisor	chr11_JH159136v1_alt	5p	+	57	0	0	0	1
incisor	chr11_JH159136v1_alt	5p	+	58	0	0	0	0
incisor	chr11_JH159136v1_alt	5p	+	59	0	0	0	0
incisor	chr11_JH159136v1_alt	5p	+	60	0	0	0	0
incisor	chr11_JH159136v1_alt	5p	+	61	0	0	0	0
incisor	chr11_JH159136v1_alt	5p	+	62	0	0	0	0
incisor	chr11_JH159136v1_alt	5p	+	63	0	0	0	0
incisor	chr11_JH159136v1_alt	5p	+	64	0	0	0	0
incisor	chr11_JH159136v1_alt	5p	+	65	0	0	0	0
incisor	chr11_JH159136v1_alt	5p	+	66	0	0	0	0
incisor	chr11_JH159136v1_alt	5p	+	67	0	0	0	0
incisor	chr11_JH159136v1_alt	5p	+	68	0	0	0	0
incisor	chr11_JH159136v1_alt	5p	+	69	0	0	0	0
incisor	chr11_JH159136v1_alt	5p	+	70	0	0	0	0
incisor	chr11_JH159136v1_alt	5p	-	1	1	1	0	0
incisor	chr11_JH159136v1_alt	5p	-	2	1	0	0	1
incisor	chr11_JH159136v1_alt	5p	-	3	1	0	1	0
incisor	chr11_JH159136v1_alt	5p	-	4	1	0	0	1
incisor	chr11_JH159136v1_alt	5p	-	5	0	1	0	1
incisor	chr11_JH159136v1_alt	5p	-	6	2	0	0	0
incisor	chr11_JH159136v1_alt	5p	-	7	2	0	0	0
incisor	chr11_JH159136v1_alt	5p	-	8	1	0	0	1
incisor	chr11_JH159136v1_alt	5p	-	9	0	0	1	1
incisor	chr11_JH159136v1_alt	5p	-	10	1	0	0	1
incisor	chr11_JH159136v1_alt	5p	-	11	1	0	0	1
incisor	chr11_JH159136v1_alt	5p	-	12	0	1	0	1
incisor	chr11_JH159136v1_alt	5p	-	13	0	0	0	2
incisor	chr11_JH159136v1_alt	5p	-	14	0	0	1	1
incisor	chr11_JH159136v1_alt	5p	-	15	0	0	0	2
incisor	chr11_JH159136v1_alt	5p	-	16	1	1	0	0
incisor	chr11_JH159136v1_alt	5p	-	17	2	0	0	0
incisor	chr11_JH159136v1_alt	5p	-	18	1	1	0	0
incisor	chr11_JH159136v1_alt	5p	-	19	1	0	0	1
incisor	chr11_JH159136v1_alt	5p	-	20	0	0	1	1
incisor	chr11_JH159136v1_alt	5p	-	21	1	0	0	1
incisor	chr11_JH159136v1_alt	5p	-	22	0	0	2	0
incisor	chr11_JH159136v1_alt	5p	-	23	1	0	1	0
incisor	chr11_JH159136v1_alt	5p	-	24	0	1	0	1
incisor	chr11_JH159136v1_alt	5p	-	25	0	1	0	1
incisor	chr11_JH159136v1_alt	5p	-	26	2	0	0	0
incisor	chr11_JH159136v1_alt	5p	-	27	0	1	0	1
incisor	chr11_JH159136v1_alt	5p	-	28	0	1	1	0
incisor	chr11_JH159136v1_alt	5p	-	29	0	2	0	0
incisor	chr11_JH159136v1_alt	5p	-	30	1	0	0	1
incisor	chr11_JH159136v1_alt	5p	-	31	0	0	2	0
incisor	chr11_JH159136v1_alt	5p	-	32	1	0	0	1
incisor	chr11_JH159136v1_alt	5p	-	33	0	2	0	0
incisor	chr11_JH159136v1_alt	5p	-	34	0	0	0	2
incisor	chr11_JH159136v1_alt	5p	-	35	1	0	0	1
incisor	chr11_JH159136v1_alt	5p	-	36	1	1	0	0
incisor	chr11_JH159136v1_alt	5p	-	37	0	0	1	1
incisor	chr11_JH159136v1_alt	5p	-	38	1	0	0	1
incisor	chr11_JH159136v1_alt	5p	-	39	0	1	0	1
incisor	chr11_JH159136v1_alt	5p	-	40	1	0	0	1
incisor	chr11_JH159136v1_alt	5p	-	41	0	0	0	2
incisor	chr11_JH159136v1_alt	5p	-	42	1	0	1	0
incisor	chr11_JH159136v1_alt	5p	-	43	1	1	0	0
incisor	chr11_JH159136v1_alt	5p	-	44	1	0	1	0
incisor	chr11_JH159136v1_alt	5p	-	45	0	0	1	1
incisor	chr11_JH159136v1_alt	5p	-	46	1	0	0	1
incisor	chr11_JH159136v1_alt	5p	-	47	0	0	1	1
incisor	chr11_JH159136v1_alt	5p	-	48	0	0	0	2
incisor	chr11_JH159136v1_alt	5p	-	49	1	0	0	1
incisor	chr11_JH159136v1_alt	5p	-	50	0	0	0	2
incisor	chr11_JH159136v1_alt	5p	-	51	0	0	2	0
incisor	chr11_JH159136v1_alt	5p	-	52	0	0	0	2
incisor	chr11_JH159136v1_alt	5p	-	53	1	0	0	1
incisor	chr11_JH159136v1_alt	5p	-	54	0	0	0	1
incisor	chr11_JH159136v1_alt	5p	-	55	0	0	1	0
incisor	chr11_JH159136v1_alt	5p	-	56	0	0	1	0
incisor	chr11_JH159136v1_alt	5p	-	57	0	0	0	0
incisor	chr11_JH159136v1_alt	5p	-	58	0	0	0	0
incisor	chr11_JH159136v1_alt	5p	-	59	0	0	0	0
incisor	chr11_JH159136v1_alt	5p	-	60	0	0	0	0
incisor	chr11_JH159136v1_alt	5p	-	61	0	0	0	0
incisor	chr11_JH159136v1_alt	5p	-	62	0	0	0	0
incisor	chr11_JH159136v1_alt	5p	-	63	0	0	0	0
incisor	chr11_JH159136v1_alt	5p	-	64	0	0	0	0
incisor	chr11_JH159136v1_alt	5p	-	65	0	0	0	0
incisor	chr11_JH159136v1_alt	5p	-	66	0	0	0	0
incisor	chr11_JH159136v1_alt	5p	-	67	0	0	0	0
incisor	chr11_JH159136v1_alt	5p	-	68	0	0	0	0
incisor	chr11_JH159136v1_alt	5p	-	69	0	0	0	0
incisor	chr11_JH159136v1_alt	5p	-	70	0	0	0	0
incisor	chr11_JH159137v1_alt	3p	+	1	0	0	0	1
incisor	chr11_JH159137v1_alt	3p	+	2	0	1	0	0
incisor	chr11_JH159137v1_alt	3p	+	3	0	0	0	1
incisor	chr11_JH159137v1_alt	3p	+	4	0	1	0	0
incisor	chr11_JH159137v1_alt	3p	+	5	0	1	0	0
incisor	chr11_JH159137v1_alt	3p	+	6	0	1	0	0
incisor	chr11_JH159137v1_alt	3p	+	7	0	0	0	1
incisor	chr11_JH159137v1_alt	3p	+	8	0	0	0	1
incisor	chr11_JH159137v1_alt	3p	+	9	1	0	0	0
incisor	chr11_JH159137v1_alt	3p	+	10	1	0	0	0
incisor	chr11_JH159137v1_alt	3p	+	11	0	0	1	0
incisor	chr11_JH159137v1_alt	3p	+	12	1	0	0	0
incisor	chr11_JH159137v1_alt	3p	+	13	0	0	1	0
incisor	chr11_JH159137v1_alt	3p	+	14	1	0	0	0
incisor	chr11_JH159137v1_alt	3p	+	15	0	1	0	0
incisor	chr11_JH159137v1_alt	3p	+	16	0	1	0	0
incisor	chr11_JH159137v1_alt	3p	+	17	0	0	1	0
incisor	chr11_JH159137v1_alt	3p	+	18	0	0	0	1
incisor	chr11_JH159137v1_alt	3p	+	19	0	0	1	0
incisor	chr11_JH159137v1_alt	3p	+	20	1	0	0	0
incisor	chr11_JH159137v1_alt	3p	+	21	0	0	1	0
incisor	chr11_JH159137v1_alt	3p	+	22	1	0	0	0
incisor	chr11_JH159137v1_alt	3p	+	23	0	1	0	0
incisor	chr11_JH159137v1_alt	3p	+	24	0	0	1	0
incisor	chr11_JH159137v1_alt	3p	+	25	1	0	0	0
incisor	chr11_JH159137v1_alt	3p	+	26	0	0	1	0
incisor	chr11_JH159137v1_alt	3p	+	27	0	0	1	0
incisor	chr11_JH159137v1_alt	3p	+	28	1	0	0	0
incisor	chr11_JH159137v1_alt	3p	+	29	0	1	0	0
incisor	chr11_JH159137v1_alt	3p	+	30	0	1	0	0
incisor	chr11_JH159137v1_alt	3p	+	31	0	0	0	1
incisor	chr11_JH159137v1_alt	3p	+	32	1	0	0	0
incisor	chr11_JH159137v1_alt	3p	+	33	1	0	0	0
incisor	chr11_JH159137v1_alt	3p	+	34	1	0	0	0
incisor	chr11_JH159137v1_alt	3p	+	35	0	0	0	1
incisor	chr11_JH159137v1_alt	3p	+	36	0	0	0	0
incisor	chr11_JH159137v1_alt	3p	+	37	0	0	0	0
incisor	chr11_JH159137v1_alt	3p	+	38	0	0	0	0
incisor	chr11_JH159137v1_alt	3p	+	39	0	0	0	0
incisor	chr11_JH159137v1_alt	3p	+	40	0	0	0	0
incisor	chr11_JH159137v1_alt	3p	+	41	0	0	0	0
incisor	chr11_JH159137v1_alt	3p	+	42	0	0	0	0
incisor	chr11_JH159137v1_alt	3p	+	43	0	0	0	0
incisor	chr11_JH159137v1_alt	3p	+	44	0	0	0	0
incisor	chr11_JH159137v1_alt	3p	+	45	0	0	0	0
incisor	chr11_JH159137v1_alt	3p	+	46	0	0	0	0
incisor	chr11_JH159137v1_alt	3p	+	47	0	0	0	0
incisor	chr11_JH159137v1_alt	3p	+	48	0	0	0	0
incisor	chr11_JH159137v1_alt	3p	+	49	0	0	0	0
incisor	chr11_JH159137v1_alt	3p	+	50	0	0	0	0
incisor	chr11_JH159137v1_alt	3p	+	51	0	0	0	0
incisor	chr11_JH159137v1_alt	3p	+	52	0	0	0	0
incisor	chr11_JH159137v1_alt	3p	+	53	0	0	0	0
incisor	chr11_JH159137v1_alt	3p	+	54	0	0	0	0
incisor	chr11_JH159137v1_alt	3p	+	55	0	0	0	0
incisor	chr11_JH159137v1_alt	3p	+	56	0	0	0	0
incisor	chr11_JH159137v1_alt	3p	+	57	0	0	0	0
incisor	chr11_JH159137v1_alt	3p	+	58	0	0	0	0
incisor	chr11_JH159137v1_alt	3p	+	59	0	0	0	0
incisor	chr11_JH159137v1_alt	3p	+	60	0	0	0	0
incisor	chr11_JH159137v1_alt	3p	+	61	0	0	0	0
incisor	chr11_JH159137v1_alt	3p	+	62	0	0	0	0
incisor	chr11_JH159137v1_alt	3p	+	63	0	0	0	0
incisor	chr11_JH159137v1_alt	3p	+	64	0	0	0	0
incisor	chr11_JH159137v1_alt	3p	+	65	0	0	0	0
incisor	chr11_JH159137v1_alt	3p	+	66	0	0	0	0
incisor	chr11_JH159137v1_alt	3p	+	67	0	0	0	0
incisor	chr11_JH159137v1_alt	3p	+	68	0	0	0	0
incisor	chr11_JH159137v1_alt	3p	+	69	0	0	0	0
incisor	chr11_JH159137v1_alt	3p	+	70	0	0	0	0
incisor	chr11_JH159137v1_alt	3p	-	1	0	0	1	0
incisor	chr11_JH159137v1_alt	3p	-	2	0	0	0	1
incisor	chr11_JH159137v1_alt	3p	-	3	0	0	0	1
incisor	chr11_JH159137v1_alt	3p	-	4	0	0	1	0
incisor	chr11_JH159137v1_alt	3p	-	5	0	0	0	1
incisor	chr11_JH159137v1_alt	3p	-	6	1	0	0	0
incisor	chr11_JH159137v1_alt	3p	-	7	0	0	0	1
incisor	chr11_JH159137v1_alt	3p	-	8	0	0	1	0
incisor	chr11_JH159137v1_alt	3p	-	9	1	0	0	0
incisor	chr11_JH159137v1_alt	3p	-	10	0	1	0	0
incisor	chr11_JH159137v1_alt	3p	-	11	0	0	0	1
incisor	chr11_JH159137v1_alt	3p	-	12	1	0	0	0
incisor	chr11_JH159137v1_alt	3p	-	13	1	0	0	0
incisor	chr11_JH159137v1_alt	3p	-	14	1	0	0	0
incisor	chr11_JH159137v1_alt	3p	-	15	0	0	1	0
incisor	chr11_JH159137v1_alt	3p	-	16	0	0	0	1
incisor	chr11_JH159137v1_alt	3p	-	17	0	0	0	1
incisor	chr11_JH159137v1_alt	3p	-	18	1	0	0	0
incisor	chr11_JH159137v1_alt	3p	-	19	1	0	0	0
incisor	chr11_JH159137v1_alt	3p	-	20	0	0	1	0
incisor	chr11_JH159137v1_alt	3p	-	21	0	0	1	0
incisor	chr11_JH159137v1_alt	3p	-	22	1	0	0	0
incisor	chr11_JH159137v1_alt	3p	-	23	1	0	0	0
incisor	chr11_JH159137v1_alt	3p	-	24	1	0	0	0
incisor	chr11_JH159137v1_alt	3p	-	25	0	0	0	1
incisor	chr11_JH159137v1_alt	3p	-	26	1	0	0	0
incisor	chr11_JH159137v1_alt	3p	-	27	0	0	0	1
incisor	chr11_JH159137v1_alt	3p	-	28	0	0	0	1
incisor	chr11_JH159137v1_alt	3p	-	29	0	1	0	0
incisor	chr11_JH159137v1_alt	3p	-	30	0	0	1	0
incisor	chr11_JH159137v1_alt	3p	-	31	0	0	0	1
incisor	chr11_JH159137v1_alt	3p	-	32	1	0	0	0
incisor	chr11_JH159137v1_alt	3p	-	33	0	0	1	0
incisor	chr11_JH159137v1_alt	3p	-	34	1	0	0	0
incisor	chr11_JH159137v1_alt	3p	-	35	0	0	0	1
incisor	chr11_JH159137v1_alt	3p	-	36	0	0	1	0
incisor	chr11_JH159137v1_alt	3p	-	37	0	0	1	0
incisor	chr11_JH159137v1_alt	3p	-	38	0	0	1	0
incisor	chr11_JH159137v1_alt	3p	-	39	0	0	0	1
incisor	chr11_JH159137v1_alt	3p	-	40	0	1	0	0
incisor	chr11_JH159137v1_alt	3p	-	41	0	0	0	1
incisor	chr11_JH159137v1_alt	3p	-	42	0	1	0	0
incisor	chr11_JH159137v1_alt	3p	-	43	0	1	0	0
incisor	chr11_JH159137v1_alt	3p	-	44	1	0	0	0
incisor	chr11_JH159137v1_alt	3p	-	45	0	1	0	0
incisor	chr11_JH159137v1_alt	3p	-	46	0	0	0	0
incisor	chr11_JH159137v1_alt	3p	-	47	0	0	0	0
incisor	chr11_JH159137v1_alt	3p	-	48	0	0	0	0
incisor	chr11_JH159137v1_alt	3p	-	49	0	0	0	0
incisor	chr11_JH159137v1_alt	3p	-	50	0	0	0	0
incisor	chr11_JH159137v1_alt	3p	-	51	0	0	0	0
incisor	chr11_JH159137v1_alt	3p	-	52	0	0	0	0
incisor	chr11_JH159137v1_alt	3p	-	53	0	0	0	0
incisor	chr11_JH159137v1_alt	3p	-	54	0	0	0	0
incisor	chr11_JH159137v1_alt	3p	-	55	0	0	0	0
incisor	chr11_JH159137v1_alt	3p	-	56	0	0	0	0
incisor	chr11_JH159137v1_alt	3p	-	57	0	0	0	0
incisor	chr11_JH159137v1_alt	3p	-	58	0	0	0	0
incisor	chr11_JH159137v1_alt	3p	-	59	0	0	0	0
incisor	chr11_JH159137v1_alt	3p	-	60	0	0	0	0
incisor	chr11_JH159137v1_alt	3p	-	61	0	0	0	0
incisor	chr11_JH159137v1_alt	3p	-	62	0	0	0	0
incisor	chr11_JH159137v1_alt	3p	-	63	0	0	0	0
incisor	chr11_JH159137v1_alt	3p	-	64	0	0	0	0
incisor	chr11_JH159137v1_alt	3p	-	65	0	0	0	0
incisor	chr11_JH159137v1_alt	3p	-	66	0	0	0	0
incisor	chr11_JH159137v1_alt	3p	-	67	0	0	0	0
incisor	chr11_JH159137v1_alt	3p	-	68	0	0	0	0
incisor	chr11_JH159137v1_alt	3p	-	69	0	0	0	0
incisor	chr11_JH159137v1_alt	3p	-	70	0	0	0	0
incisor	chr11_JH159137v1_alt	5p	+	1	0	0	0	1
incisor	chr11_JH159137v1_alt	5p	+	2	1	0	0	0
incisor	chr11_JH159137v1_alt	5p	+	3	1	0	0	0
incisor	chr11_JH159137v1_alt	5p	+	4	1	0	0	0
incisor	chr11_JH159137v1_alt	5p	+	5	0	0	0	1
incisor	chr11_JH159137v1_alt	5p	+	6	0	1	0	0
incisor	chr11_JH159137v1_alt	5p	+	7	0	1	0	0
incisor	chr11_JH159137v1_alt	5p	+	8	1	0	0	0
incisor	chr11_JH159137v1_alt	5p	+	9	0	0	1	0
incisor	chr11_JH159137v1_alt	5p	+	10	0	0	1	0
incisor	chr11_JH159137v1_alt	5p	+	11	1	0	0	0
incisor	chr11_JH159137v1_alt	5p	+	12	0	0	1	0
incisor	chr11_JH159137v1_alt	5p	+	13	0	1	0	0
incisor	chr11_JH159137v1_alt	5p	+	14	1	0	0	0
incisor	chr11_JH159137v1_alt	5p	+	15	0	0	1	0
incisor	chr11_JH159137v1_alt	5p	+	16	1	0	0	0
incisor	chr11_JH159137v1_alt	5p	+	17	0	0	1	0
incisor	chr11_JH159137v1_alt	5p	+	18	0	0	0	1
incisor	chr11_JH159137v1_alt	5p	+	19	0	0	1	0
incisor	chr11_JH159137v1_alt	5p	+	20	0	1	0	0
incisor	chr11_JH159137v1_alt	5p	+	21	0	1	0	0
incisor	chr11_JH159137v1_alt	5p	+	22	1	0	0	0
incisor	chr11_JH159137v1_alt	5p	+	23	0	0	1	0
incisor	chr11_JH159137v1_alt	5p	+	24	1	0	0	0
incisor	chr11_JH159137v1_alt	5p	+	25	0	0	1	0
incisor	chr11_JH159137v1_alt	5p	+	26	1	0	0	0
incisor	chr11_JH159137v1_alt	5p	+	27	1	0	0	0
incisor	chr11_JH159137v1_alt	5p	+	28	0	0	0	1
incisor	chr11_JH159137v1_alt	5p	+	29	0	0	0	1
incisor	chr11_JH159137v1_alt	5p	+	30	0	1	0	0
incisor	chr11_JH159137v1_alt	5p	+	31	0	1	0	0
incisor	chr11_JH159137v1_alt	5p	+	32	0	1	0	0
incisor	chr11_JH159137v1_alt	5p	+	33	0	0	0	1
incisor	chr11_JH159137v1_alt	5p	+	34	0	1	0	0
incisor	chr11_JH159137v1_alt	5p	+	35	0	0	0	1
incisor	chr11_JH159137v1_alt	5p	+	36	0	0	0	0
incisor	chr11_JH159137v1_alt	5p	+	37	0	0	0	0
incisor	chr11_JH159137v1_alt	5p	+	38	0	0	0	0
incisor	chr11_JH159137v1_alt	5p	+	39	0	0	0	0
incisor	chr11_JH159137v1_alt	5p	+	40	0	0	0	0
incisor	chr11_JH159137v1_alt	5p	+	41	0	0	0	0
incisor	chr11_JH159137v1_alt	5p	+	42	0	0	0	0
incisor	chr11_JH159137v1_alt	5p	+	43	0	0	0	0
incisor	chr11_JH159137v1_alt	5p	+	44	0	0	0	0
incisor	chr11_JH159137v1_alt	5p	+	45	0	0	0	0
incisor	chr11_JH159137v1_alt	5p	+	46	0	0	0	0
incisor	chr11_JH159137v1_alt	5p	+	47	0	0	0	0
incisor	chr11_JH159137v1_alt	5p	+	48	0	0	0	0
incisor	chr11_JH159137v1_alt	5p	+	49	0	0	0	0
incisor	chr11_JH159137v1_alt	5p	+	50	0	0	0	0
incisor	chr11_JH159137v1_alt	5p	+	51	0	0	0	0
incisor	chr11_JH159137v1_alt	5p	+	52	0	0	0	0
incisor	chr11_JH159137v1_alt	5p	+	53	0	0	0	0
incisor	chr11_JH159137v1_alt	5p	+	54	0	0	0	0
incisor	chr11_JH159137v1_alt	5p	+	55	0	0	0	0
incisor	chr11_JH159137v1_alt	5p	+	56	0	0	0	0
incisor	chr11_JH159137v1_alt	5p	+	57	0	0	0	0
incisor	chr11_JH159137v1_alt	5p	+	58	0	0	0	0
incisor	chr11_JH159137v1_alt	5p	+	59	0	0	0	0
incisor	chr11_JH159137v1_alt	5p	+	60	0	0	0	0
incisor	chr11_JH159137v1_alt	5p	+	61	0	0	0	0
incisor	chr11_JH159137v1_alt	5p	+	62	0	0	0	0
incisor	chr11_JH159137v1_alt	5p	+	63	0	0	0	0
incisor	chr11_JH159137v1_alt	5p	+	64	0	0	0	0
incisor	chr11_JH159137v1_alt	5p	+	65	0	0	0	0
incisor	chr11_JH159137v1_alt	5p	+	66	0	0	0	0
incisor	chr11_JH159137v1_alt	5p	+	67	0	0	0	0
incisor	chr11_JH159137v1_alt	5p	+	68	0	0	0	0
incisor	chr11_JH159137v1_alt	5p	+	69	0	0	0	0
incisor	chr11_JH159137v1_alt	5p	+	70	0	0	0	0
incisor	chr11_JH159137v1_alt	5p	-	1	0	1	0	0
incisor	chr11_JH159137v1_alt	5p	-	2	1	0	0	0
incisor	chr11_JH159137v1_alt	5p	-	3	0	1	0	0
incisor	chr11_JH159137v1_alt	5p	-	4	0	1	0	0
incisor	chr11_JH159137v1_alt	5p	-	5	0	0	0	1
incisor	chr11_JH159137v1_alt	5p	-	6	0	1	0	0
incisor	chr11_JH159137v1_alt	5p	-	7	0	0	0	1
incisor	chr11_JH159137v1_alt	5p	-	8	0	0	1	0
incisor	chr11_JH159137v1_alt	5p	-	9	0	0	1	0
incisor	chr11_JH159137v1_alt	5p	-	10	0	0	1	0
incisor	chr11_JH159137v1_alt	5p	-	11	0	0	0	1
incisor	chr11_JH159137v1_alt	5p	-	12	1	0	0	0
incisor	chr11_JH159137v1_alt	5p	-	13	0	0	1	0
incisor	chr11_JH159137v1_alt	5p	-	14	1	0	0	0
incisor	chr11_JH159137v1_alt	5p	-	15	0	0	0	1
incisor	chr11_JH159137v1_alt	5p	-	16	0	0	1	0
incisor	chr11_JH159137v1_alt	5p	-	17	0	1	0	0
incisor	chr11_JH159137v1_alt	5p	-	18	0	0	0	1
incisor	chr11_JH159137v1_alt	5p	-	19	0	0	0	1
incisor	chr11_JH159137v1_alt	5p	-	20	1	0	0	0
incisor	chr11_JH159137v1_alt	5p	-	21	0	0	0	1
incisor	chr11_JH159137v1_alt	5p	-	22	1	0	0	0
incisor	chr11_JH159137v1_alt	5p	-	23	1	0	0	0
incisor	chr11_JH159137v1_alt	5p	-	24	1	0	0	0
incisor	chr11_JH159137v1_alt	5p	-	25	0	0	1	0
incisor	chr11_JH159137v1_alt	5p	-	26	0	0	1	0
incisor	chr11_JH159137v1_alt	5p	-	27	1	0	0	0
incisor	chr11_JH159137v1_alt	5p	-	28	1	0	0	0
incisor	chr11_JH159137v1_alt	5p	-	29	0	0	0	1
incisor	chr11_JH159137v1_alt	5p	-	30	0	0	0	1
incisor	chr11_JH159137v1_alt	5p	-	31	0	0	1	0
incisor	chr11_JH159137v1_alt	5p	-	32	1	0	0	0
incisor	chr11_JH159137v1_alt	5p	-	33	1	0	0	0
incisor	chr11_JH159137v1_alt	5p	-	34	1	0	0	0
incisor	chr11_JH159137v1_alt	5p	-	35	0	0	0	1
incisor	chr11_JH159137v1_alt	5p	-	36	0	1	0	0
incisor	chr11_JH159137v1_alt	5p	-	37	1	0	0	0
incisor	chr11_JH159137v1_alt	5p	-	38	0	0	1	0
incisor	chr11_JH159137v1_alt	5p	-	39	0	0	0	1
incisor	chr11_JH159137v1_alt	5p	-	40	1	0	0	0
incisor	chr11_JH159137v1_alt	5p	-	41	0	0	0	1
incisor	chr11_JH159137v1_alt	5p	-	42	0	0	1	0
incisor	chr11_JH159137v1_alt	5p	-	43	0	0	0	1
incisor	chr11_JH159137v1_alt	5p	-	44	0	0	0	1
incisor	chr11_JH159137v1_alt	5p	-	45	0	0	1	0
incisor	chr11_JH159137v1_alt	5p	-	46	0	0	0	0
incisor	chr11_JH159137v1_alt	5p	-	47	0	0	0	0
incisor	chr11_JH159137v1_alt	5p	-	48	0	0	0	0
incisor	chr11_JH159137v1_alt	5p	-	49	0	0	0	0
incisor	chr11_JH159137v1_alt	5p	-	50	0	0	0	0
incisor	chr11_JH159137v1_alt	5p	-	51	0	0	0	0
incisor	chr11_JH159137v1_alt	5p	-	52	0	0	0	0
incisor	chr11_JH159137v1_alt	5p	-	53	0	0	0	0
incisor	chr11_JH159137v1_alt	5p	-	54	0	0	0	0
incisor	chr11_JH159137v1_alt	5p	-	55	0	0	0	0
incisor	chr11_JH159137v1_alt	5p	-	56	0	0	0	0
incisor	chr11_JH159137v1_alt	5p	-	57	0	0	0	0
incisor	chr11_JH159137v1_alt	5p	-	58	0	0	0	0
incisor	chr11_JH159137v1_alt	5p	-	59	0	0	0	0
incisor	chr11_JH159137v1_alt	5p	-	60	0	0	0	0
incisor	chr11_JH159137v1_alt	5p	-	61	0	0	0	0
incisor	chr11_JH159137v1_alt	5p	-	62	0	0	0	0
incisor	chr11_JH159137v1_alt	5p	-	63	0	0	0	0
incisor	chr11_JH159137v1_alt	5p	-	64	0	0	0	0
incisor	chr11_JH159137v1_alt	5p	-	65	0	0	0	0
incisor	chr11_JH159137v1_alt	5p	-	66	0	0	0	0
incisor	chr11_JH159137v1_alt	5p	-	67	0	0	0	0
incisor	chr11_JH159137v1_alt	5p	-	68	0	0	0	0
incisor	chr11_JH159137v1_alt	5p	-	69	0	0	0	0
incisor	chr11_JH159137v1_alt	5p	-	70	0	0	0	0
incisor	chr11_KI270721v1_random	3p	+	1	0	0	0	0
incisor	chr11_KI270721v1_random	3p	+	2	0	0	0	0
incisor	chr11_KI270721v1_random	3p	+	3	0	0	0	0
incisor	chr11_KI270721v1_random	3p	+	4	0	0	0	0
incisor	chr11_KI270721v1_random	3p	+	5	0	0	0	0
incisor	chr11_KI270721v1_random	3p	+	6	0	0	0	0
incisor	chr11_KI270721v1_random	3p	+	7	0	0	0	0
incisor	chr11_KI270721v1_random	3p	+	8	0	0	0	0
incisor	chr11_KI270721v1_random	3p	+	9	0	0	0	0
incisor	chr11_KI270721v1_random	3p	+	10	0	0	0	0
incisor	chr11_KI270721v1_random	3p	+	11	0	0	0	0
incisor	chr11_KI270721v1_random	3p	+	12	0	0	0	0
incisor	chr11_KI270721v1_random	3p	+	13	0	0	0	0
incisor	chr11_KI270721v1_random	3p	+	14	0	0	0	0
incisor	chr11_KI270721v1_random	3p	+	15	0	0	0	0
incisor	chr11_KI270721v1_random	3p	+	16	0	0	0	0
incisor	chr11_KI270721v1_random	3p	+	17	0	0	0	0
incisor	chr11_KI270721v1_random	3p	+	18	0	0	0	0
incisor	chr11_KI270721v1_random	3p	+	19	0	0	0	0
incisor	chr11_KI270721v1_random	3p	+	20	0	0	0	0
incisor	chr11_KI270721v1_random	3p	+	21	0	0	0	0
incisor	chr11_KI270721v1_random	3p	+	22	0	0	0	0
incisor	chr11_KI270721v1_random	3p	+	23	0	0	0	0
incisor	chr11_KI270721v1_random	3p	+	24	0	0	0	0
incisor	chr11_KI270721v1_random	3p	+	25	0	0	0	0
incisor	chr11_KI270721v1_random	3p	+	26	0	0	0	0
incisor	chr11_KI270721v1_random	3p	+	27	0	0	0	0
incisor	chr11_KI270721v1_random	3p	+	28	0	0	0	0
incisor	chr11_KI270721v1_random	3p	+	29	0	0	0	0
incisor	chr11_KI270721v1_random	3p	+	30	0	0	0	0
incisor	chr11_KI270721v1_random	3p	+	31	0	0	0	0
incisor	chr11_KI270721v1_random	3p	+	32	0	0	0	0
incisor	chr11_KI270721v1_random	3p	+	33	0	0	0	0
incisor	chr11_KI270721v1_random	3p	+	34	0	0	0	0
incisor	chr11_KI270721v1_random	3p	+	35	0	0	0	0
incisor	chr11_KI270721v1_random	3p	+	36	0	0	0	0
incisor	chr11_KI270721v1_random	3p	+	37	0	0	0	0
incisor	chr11_KI270721v1_random	3p	+	38	0	0	0	0
incisor	chr11_KI270721v1_random	3p	+	39	0	0	0	0
incisor	chr11_KI270721v1_random	3p	+	40	0	0	0	0
incisor	chr11_KI270721v1_random	3p	+	41	0	0	0	0
incisor	chr11_KI270721v1_random	3p	+	42	0	0	0	0
incisor	chr11_KI270721v1_random	3p	+	43	0	0	0	0
incisor	chr11_KI270721v1_random	3p	+	44	0	0	0	0
incisor	chr11_KI270721v1_random	3p	+	45	0	0	0	0
incisor	chr11_KI270721v1_random	3p	+	46	0	0	0	0
incisor	chr11_KI270721v1_random	3p	+	47	0	0	0	0
incisor	chr11_KI270721v1_random	3p	+	48	0	0	0	0
incisor	chr11_KI270721v1_random	3p	+	49	0	0	0	0
incisor	chr11_KI270721v1_random	3p	+	50	0	0	0	0
incisor	chr11_KI270721v1_random	3p	+	51	0	0	0	0
incisor	chr11_KI270721v1_random	3p	+	52	0	0	0	0
incisor	chr11_KI270721v1_random	3p	+	53	0	0	0	0
incisor	chr11_KI270721v1_random	3p	+	54	0	0	0	0
incisor	chr11_KI270721v1_random	3p	+	55	0	0	0	0
incisor	chr11_KI270721v1_random	3p	+	56	0	0	0	0
incisor	chr11_KI270721v1_random	3p	+	57	0	0	0	0
incisor	chr11_KI270721v1_random	3p	+	58	0	0	0	0
incisor	chr11_KI270721v1_random	3p	+	59	0	0	0	0
incisor	chr11_KI270721v1_random	3p	+	60	0	0	0	0
incisor	chr11_KI270721v1_random	3p	+	61	0	0	0	0
incisor	chr11_KI270721v1_random	3p	+	62	0	0	0	0
incisor	chr11_KI270721v1_random	3p	+	63	0	0	0	0
incisor	chr11_KI270721v1_random	3p	+	64	0	0	0	0
incisor	chr11_KI270721v1_random	3p	+	65	0	0	0	0
incisor	chr11_KI270721v1_random	3p	+	66	0	0	0	0
incisor	chr11_KI270721v1_random	3p	+	67	0	0	0	0
incisor	chr11_KI270721v1_random	3p	+	68	0	0	0	0
incisor	chr11_KI270721v1_random	3p	+	69	0	0	0	0
incisor	chr11_KI270721v1_random	3p	+	70	0	0	0	0
incisor	chr11_KI270721v1_random	3p	-	1	0	0	0	0
incisor	chr11_KI270721v1_random	3p	-	2	0	0	0	0
incisor	chr11_KI270721v1_random	3p	-	3	0	0	0	0
incisor	chr11_KI270721v1_random	3p	-	4	0	0	0	0
incisor	chr11_KI270721v1_random	3p	-	5	0	0	0	0
incisor	chr11_KI270721v1_random	3p	-	6	0	0	0	0
incisor	chr11_KI270721v1_random	3p	-	7	0	0	0	0
incisor	chr11_KI270721v1_random	3p	-	8	0	0	0	0
incisor	chr11_KI270721v1_random	3p	-	9	0	0	0	0
incisor	chr11_KI270721v1_random	3p	-	10	0	0	0	0
incisor	chr11_KI270721v1_random	3p	-	11	0	0	0	0
incisor	chr11_KI270721v1_random	3p	-	12	0	0	0	0
incisor	chr11_KI270721v1_random	3p	-	13	0	0	0	0
incisor	chr11_KI270721v1_random	3p	-	14	0	0	0	0
incisor	chr11_KI270721v1_random	3p	-	15	0	0	0	0
incisor	chr11_KI270721v1_random	3p	-	16	0	0	0	0
incisor	chr11_KI270721v1_random	3p	-	17	0	0	0	0
incisor	chr11_KI270721v1_random	3p	-	18	0	0	0	0
incisor	chr11_KI270721v1_random	3p	-	19	0	0	0	0
incisor	chr11_KI270721v1_random	3p	-	20	0	0	0	0
incisor	chr11_KI270721v1_random	3p	-	21	0	0	0	0
incisor	chr11_KI270721v1_random	3p	-	22	0	0	0	0
incisor	chr11_KI270721v1_random	3p	-	23	0	0	0	0
incisor	chr11_KI270721v1_random	3p	-	24	0	0	0	0
incisor	chr11_KI270721v1_random	3p	-	25	0	0	0	0
incisor	chr11_KI270721v1_random	3p	-	26	0	0	0	0
incisor	chr11_KI270721v1_random	3p	-	27	0	0	0	0
incisor	chr11_KI270721v1_random	3p	-	28	0	0	0	0
incisor	chr11_KI270721v1_random	3p	-	29	0	0	0	0
incisor	chr11_KI270721v1_random	3p	-	30	0	0	0	0
incisor	chr11_KI270721v1_random	3p	-	31	0	0	0	0
incisor	chr11_KI270721v1_random	3p	-	32	0	0	0	0
incisor	chr11_KI270721v1_random	3p	-	33	0	0	0	0
incisor	chr11_KI270721v1_random	3p	-	34	0	0	0	0
incisor	chr11_KI270721v1_random	3p	-	35	0	0	0	0
incisor	chr11_KI270721v1_random	3p	-	36	0	0	0	0
incisor	chr11_KI270721v1_random	3p	-	37	0	0	0	0
incisor	chr11_KI270721v1_random	3p	-	38	0	0	0	0
incisor	chr11_KI270721v1_random	3p	-	39	0	0	0	0
incisor	chr11_KI270721v1_random	3p	-	40	0	0	0	0
incisor	chr11_KI270721v1_random	3p	-	41	0	0	0	0
incisor	chr11_KI270721v1_random	3p	-	42	0	0	0	0
incisor	chr11_KI270721v1_random	3p	-	43	0	0	0	0
incisor	chr11_KI270721v1_random	3p	-	44	0	0	0	0
incisor	chr11_KI270721v1_random	3p	-	45	0	0	0	0
incisor	chr11_KI270721v1_random	3p	-	46	0	0	0	0
incisor	chr11_KI270721v1_random	3p	-	47	0	0	0	0
incisor	chr11_KI270721v1_random	3p	-	48	0	0	0	0
incisor	chr11_KI270721v1_random	3p	-	49	0	0	0	0
incisor	chr11_KI270721v1_random	3p	-	50	0	0	0	0
incisor	chr11_KI270721v1_random	3p	-	51	0	0	0	0
incisor	chr11_KI270721v1_random	3p	-	52	0	0	0	0
incisor	chr11_KI270721v1_random	3p	-	53	0	0	0	0
incisor	chr11_KI270721v1_random	3p	-	54	0	0	0	0
incisor	chr11_KI270721v1_random	3p	-	55	0	0	0	0
incisor	chr11_KI270721v1_random	3p	-	56	0	0	0	0
incisor	chr11_KI270721v1_random	3p	-	57	0	0	0	0
incisor	chr11_KI270721v1_random	3p	-	58	0	0	0	0
incisor	chr11_KI270721v1_random	3p	-	59	0	0	0	0
incisor	chr11_KI270721v1_random	3p	-	60	0	0	0	0
incisor	chr11_KI270721v1_random	3p	-	61	0	0	0	0
incisor	chr11_KI270721v1_random	3p	-	62	0	0	0	0
incisor	chr11_KI270721v1_random	3p	-	63	0	0	0	0
incisor	chr11_KI270721v1_random	3p	-	64	0	0	0	0
incisor	chr11_KI270721v1_random	3p	-	65	0	0	0	0
incisor	chr11_KI270721v1_random	3p	-	66	0	0	0	0
incisor	chr11_KI270721v1_random	3p	-	67	0	0	0	0
incisor	chr11_KI270721v1_random	3p	-	68	0	0	0	0
incisor	chr11_KI270721v1_random	3p	-	69	0	0	0	0
incisor	chr11_KI270721v1_random	3p	-	70	0	0	0	0
incisor	chr11_KI270721v1_random	5p	+	1	0	0	0	0
incisor	chr11_KI270721v1_random	5p	+	2	0	0	0	0
incisor	chr11_KI270721v1_random	5p	+	3	0	0	0	0
incisor	chr11_KI270721v1_random	5p	+	4	0	0	0	0
incisor	chr11_KI270721v1_random	5p	+	5	0	0	0	0
incisor	chr11_KI270721v1_random	5p	+	6	0	0	0	0
incisor	chr11_KI270721v1_random	5p	+	7	0	0	0	0
incisor	chr11_KI270721v1_random	5p	+	8	0	0	0	0
incisor	chr11_KI270721v1_random	5p	+	9	0	0	0	0
incisor	chr11_KI270721v1_random	5p	+	10	0	0	0	0
incisor	chr11_KI270721v1_random	5p	+	11	0	0	0	0
incisor	chr11_KI270721v1_random	5p	+	12	0	0	0	0
incisor	chr11_KI270721v1_random	5p	+	13	0	0	0	0
incisor	chr11_KI270721v1_random	5p	+	14	0	0	0	0
incisor	chr11_KI270721v1_random	5p	+	15	0	0	0	0
incisor	chr11_KI270721v1_random	5p	+	16	0	0	0	0
incisor	chr11_KI270721v1_random	5p	+	17	0	0	0	0
incisor	chr11_KI270721v1_random	5p	+	18	0	0	0	0
incisor	chr11_KI270721v1_random	5p	+	19	0	0	0	0
incisor	chr11_KI270721v1_random	5p	+	20	0	0	0	0
incisor	chr11_KI270721v1_random	5p	+	21	0	0	0	0
incisor	chr11_KI270721v1_random	5p	+	22	0	0	0	0
incisor	chr11_KI270721v1_random	5p	+	23	0	0	0	0
incisor	chr11_KI270721v1_random	5p	+	24	0	0	0	0
incisor	chr11_KI270721v1_random	5p	+	25	0	0	0	0
incisor	chr11_KI270721v1_random	5p	+	26	0	0	0	0
incisor	chr11_KI270721v1_random	5p	+	27	0	0	0	0
incisor	chr11_KI270721v1_random	5p	+	28	0	0	0	0
incisor	chr11_KI270721v1_random	5p	+	29	0	0	0	0
incisor	chr11_KI270721v1_random	5p	+	30	0	0	0	0
incisor	chr11_KI270721v1_random	5p	+	31	0	0	0	0
incisor	chr11_KI270721v1_random	5p	+	32	0	0	0	0
incisor	chr11_KI270721v1_random	5p	+	33	0	0	0	0
incisor	chr11_KI270721v1_random	5p	+	34	0	0	0	0
incisor	chr11_KI270721v1_random	5p	+	35	0	0	0	0
incisor	chr11_KI270721v1_random	5p	+	36	0	0	0	0
incisor	chr11_KI270721v1_random	5p	+	37	0	0	0	0
incisor	chr11_KI270721v1_random	5p	+	38	0	0	0	0
incisor	chr11_KI270721v1_random	5p	+	39	0	0	0	0
incisor	chr11_KI270721v1_random	5p	+	40	0	0	0	0
incisor	chr11_KI270721v1_random	5p	+	41	0	0	0	0
incisor	chr11_KI270721v1_random	5p	+	42	0	0	0	0
incisor	chr11_KI270721v1_random	5p	+	43	0	0	0	0
incisor	chr11_KI270721v1_random	5p	+	44	0	0	0	0
incisor	chr11_KI270721v1_random	5p	+	45	0	0	0	0
incisor	chr11_KI270721v1_random	5p	+	46	0	0	0	0
incisor	chr11_KI270721v1_random	5p	+	47	0	0	0	0
incisor	chr11_KI270721v1_random	5p	+	48	0	0	0	0
incisor	chr11_KI270721v1_random	5p	+	49	0	0	0	0
incisor	chr11_KI270721v1_random	5p	+	50	0	0	0	0
incisor	chr11_KI270721v1_random	5p	+	51	0	0	0	0
incisor	chr11_KI270721v1_random	5p	+	52	0	0	0	0
incisor	chr11_KI270721v1_random	5p	+	53	0	0	0	0
incisor	chr11_KI270721v1_random	5p	+	54	0	0	0	0
incisor	chr11_KI270721v1_random	5p	+	55	0	0	0	0
incisor	chr11_KI270721v1_random	5p	+	56	0	0	0	0
incisor	chr11_KI270721v1_random	5p	+	57	0	0	0	0
incisor	chr11_KI270721v1_random	5p	+	58	0	0	0	0
incisor	chr11_KI270721v1_random	5p	+	59	0	0	0	0
incisor	chr11_KI270721v1_random	5p	+	60	0	0	0	0
incisor	chr11_KI270721v1_random	5p	+	61	0	0	0	0
incisor	chr11_KI270721v1_random	5p	+	62	0	0	0	0
incisor	chr11_KI270721v1_random	5p	+	63	0	0	0	0
incisor	chr11_KI270721v1_random	5p	+	64	0	0	0	0
incisor	chr11_KI270721v1_random	5p	+	65	0	0	0	0
incisor	chr11_KI270721v1_random	5p	+	66	0	0	0	0
incisor	chr11_KI270721v1_random	5p	+	67	0	0	0	0
incisor	chr11_KI270721v1_random	5p	+	68	0	0	0	0
incisor	chr11_KI270721v1_random	5p	+	69	0	0	0	0
incisor	chr11_KI270721v1_random	5p	+	70	0	0	0	0
incisor	chr11_KI270721v1_random	5p	-	1	0	0	0	0
incisor	chr11_KI270721v1_random	5p	-	2	0	0	0	0
incisor	chr11_KI270721v1_random	5p	-	3	0	0	0	0
incisor	chr11_KI270721v1_random	5p	-	4	0	0	0	0
incisor	chr11_KI270721v1_random	5p	-	5	0	0	0	0
incisor	chr11_KI270721v1_random	5p	-	6	0	0	0	0
incisor	chr11_KI270721v1_random	5p	-	7	0	0	0	0
incisor	chr11_KI270721v1_random	5p	-	8	0	0	0	0
incisor	chr11_KI270721v1_random	5p	-	9	0	0	0	0
incisor	chr11_KI270721v1_random	5p	-	10	0	0	0	0
incisor	chr11_KI270721v1_random	5p	-	11	0	0	0	0
incisor	chr11_KI270721v1_random	5p	-	12	0	0	0	0
incisor	chr11_KI270721v1_random	5p	-	13	0	0	0	0
incisor	chr11_KI270721v1_random	5p	-	14	0	0	0	0
incisor	chr11_KI270721v1_random	5p	-	15	0	0	0	0
incisor	chr11_KI270721v1_random	5p	-	16	0	0	0	0
incisor	chr11_KI270721v1_random	5p	-	17	0	0	0	0
incisor	chr11_KI270721v1_random	5p	-	18	0	0	0	0
incisor	chr11_KI270721v1_random	5p	-	19	0	0	0	0
incisor	chr11_KI270721v1_random	5p	-	20	0	0	0	0
incisor	chr11_KI270721v1_random	5p	-	21	0	0	0	0
incisor	chr11_KI270721v1_random	5p	-	22	0	0	0	0
incisor	chr11_KI270721v1_random	5p	-	23	0	0	0	0
incisor	chr11_KI270721v1_random	5p	-	24	0	0	0	0
incisor	chr11_KI270721v1_random	5p	-	25	0	0	0	0
incisor	chr11_KI270721v1_random	5p	-	26	0	0	0	0
incisor	chr11_KI270721v1_random	5p	-	27	0	0	0	0
incisor	chr11_KI270721v1_random	5p	-	28	0	0	0	0
incisor	chr11_KI270721v1_random	5p	-	29	0	0	0	0
incisor	chr11_KI270721v1_random	5p	-	30	0	0	0	0
incisor	chr11_KI270721v1_random	5p	-	31	0	0	0	0
incisor	chr11_KI270721v1_random	5p	-	32	0	0	0	0
incisor	chr11_KI270721v1_random	5p	-	33	0	0	0	0
incisor	chr11_KI270721v1_random	5p	-	34	0	0	0	0
incisor	chr11_KI270721v1_random	5p	-	35	0	0	0	0
incisor	chr11_KI270721v1_random	5p	-	36	0	0	0	0
incisor	chr11_KI270721v1_random	5p	-	37	0	0	0	0
incisor	chr11_KI270721v1_random	5p	-	38	0	0	0	0
incisor	chr11_KI270721v1_random	5p	-	39	0	0	0	0
incisor	chr11_KI270721v1_random	5p	-	40	0	0	0	0
incisor	chr11_KI270721v1_random	5p	-	41	0	0	0	0
incisor	chr11_KI270721v1_random	5p	-	42	0	0	0	0
incisor	chr11_KI270721v1_random	5p	-	43	0	0	0	0
incisor	chr11_KI270721v1_random	5p	-	44	0	0	0	0
incisor	chr11_KI270721v1_random	5p	-	45	0	0	0	0
incisor	chr11_KI270721v1_random	5p	-	46	0	0	0	0
incisor	chr11_KI270721v1_random	5p	-	47	0	0	0	0
incisor	chr11_KI270721v1_random	5p	-	48	0	0	0	0
incisor	chr11_KI270721v1_random	5p	-	49	0	0	0	0
incisor	chr11_KI270721v1_random	5p	-	50	0	0	0	0
incisor	chr11_KI270721v1_random	5p	-	51	0	0	0	0
incisor	chr11_KI270721v1_random	5p	-	52	0	0	0	0
incisor	chr11_KI270721v1_random	5p	-	53	0	0	0	0
incisor	chr11_KI270721v1_random	5p	-	54	0	0	0	0
incisor	chr11_KI270721v1_random	5p	-	55	0	0	0	0
incisor	chr11_KI270721v1_random	5p	-	56	0	0	0	0
incisor	chr11_KI270721v1_random	5p	-	57	0	0	0	0
incisor	chr11_KI270721v1_random	5p	-	58	0	0	0	0
incisor	chr11_KI270721v1_random	5p	-	59	0	0	0	0
incisor	chr11_KI270721v1_random	5p	-	60	0	0	0	0
incisor	chr11_KI270721v1_random	5p	-	61	0	0	0	0
incisor	chr11_KI270721v1_random	5p	-	62	0	0	0	0
incisor	chr11_KI270721v1_random	5p	-	63	0	0	0	0
incisor	chr11_KI270721v1_random	5p	-	64	0	0	0	0
incisor	chr11_KI270721v1_random	5p	-	65	0	0	0	0
incisor	chr11_KI270721v1_random	5p	-	66	0	0	0	0
incisor	chr11_KI270721v1_random	5p	-	67	0	0	0	0
incisor	chr11_KI270721v1_random	5p	-	68	0	0	0	0
incisor	chr11_KI270721v1_random	5p	-	69	0	0	0	0
incisor	chr11_KI270721v1_random	5p	-	70	0	0	0	0
incisor	chr11_KI270826v1_alt	3p	+	1	0	0	0	0
incisor	chr11_KI270826v1_alt	3p	+	2	0	0	0	0
incisor	chr11_KI270826v1_alt	3p	+	3	0	0	0	0
incisor	chr11_KI270826v1_alt	3p	+	4	0	0	0	0
incisor	chr11_KI270826v1_alt	3p	+	5	0	0	0	0
incisor	chr11_KI270826v1_alt	3p	+	6	0	0	0	0
incisor	chr11_KI270826v1_alt	3p	+	7	0	0	0	0
incisor	chr11_KI270826v1_alt	3p	+	8	0	0	0	0
incisor	chr11_KI270826v1_alt	3p	+	9	0	0	0	0
incisor	chr11_KI270826v1_alt	3p	+	10	0	0	0	0
incisor	chr11_KI270826v1_alt	3p	+	11	0	0	0	0
incisor	chr11_KI270826v1_alt	3p	+	12	0	0	0	0
incisor	chr11_KI270826v1_alt	3p	+	13	0	0	0	0
incisor	chr11_KI270826v1_alt	3p	+	14	0	0	0	0
incisor	chr11_KI270826v1_alt	3p	+	15	0	0	0	0
incisor	chr11_KI270826v1_alt	3p	+	16	0	0	0	0
incisor	chr11_KI270826v1_alt	3p	+	17	0	0	0	0
incisor	chr11_KI270826v1_alt	3p	+	18	0	0	0	0
incisor	chr11_KI270826v1_alt	3p	+	19	0	0	0	0
incisor	chr11_KI270826v1_alt	3p	+	20	0	0	0	0
incisor	chr11_KI270826v1_alt	3p	+	21	0	0	0	0
incisor	chr11_KI270826v1_alt	3p	+	22	0	0	0	0
incisor	chr11_KI270826v1_alt	3p	+	23	0	0	0	0
incisor	chr11_KI270826v1_alt	3p	+	24	0	0	0	0
incisor	chr11_KI270826v1_alt	3p	+	25	0	0	0	0
incisor	chr11_KI270826v1_alt	3p	+	26	0	0	0	0
incisor	chr11_KI270826v1_alt	3p	+	27	0	0	0	0
incisor	chr11_KI270826v1_alt	3p	+	28	0	0	0	0
incisor	chr11_KI270826v1_alt	3p	+	29	0	0	0	0
incisor	chr11_KI270826v1_alt	3p	+	30	0	0	0	0
incisor	chr11_KI270826v1_alt	3p	+	31	0	0	0	0
incisor	chr11_KI270826v1_alt	3p	+	32	0	0	0	0
incisor	chr11_KI270826v1_alt	3p	+	33	0	0	0	0
incisor	chr11_KI270826v1_alt	3p	+	34	0	0	0	0
incisor	chr11_KI270826v1_alt	3p	+	35	0	0	0	0
incisor	chr11_KI270826v1_alt	3p	+	36	0	0	0	0
incisor	chr11_KI270826v1_alt	3p	+	37	0	0	0	0
incisor	chr11_KI270826v1_alt	3p	+	38	0	0	0	0
incisor	chr11_KI270826v1_alt	3p	+	39	0	0	0	0
incisor	chr11_KI270826v1_alt	3p	+	40	0	0	0	0
incisor	chr11_KI270826v1_alt	3p	+	41	0	0	0	0
incisor	chr11_KI270826v1_alt	3p	+	42	0	0	0	0
incisor	chr11_KI270826v1_alt	3p	+	43	0	0	0	0
incisor	chr11_KI270826v1_alt	3p	+	44	0	0	0	0
incisor	chr11_KI270826v1_alt	3p	+	45	0	0	0	0
incisor	chr11_KI270826v1_alt	3p	+	46	0	0	0	0
incisor	chr11_KI270826v1_alt	3p	+	47	0	0	0	0
incisor	chr11_KI270826v1_alt	3p	+	48	0	0	0	0
incisor	chr11_KI270826v1_alt	3p	+	49	0	0	0	0
incisor	chr11_KI270826v1_alt	3p	+	50	0	0	0	0
incisor	chr11_KI270826v1_alt	3p	+	51	0	0	0	0
incisor	chr11_KI270826v1_alt	3p	+	52	0	0	0	0
incisor	chr11_KI270826v1_alt	3p	+	53	0	0	0	0
incisor	chr11_KI270826v1_alt	3p	+	54	0	0	0	0
incisor	chr11_KI270826v1_alt	3p	+	55	0	0	0	0
incisor	chr11_KI270826v1_alt	3p	+	56	0	0	0	0
incisor	chr11_KI270826v1_alt	3p	+	57	0	0	0	0
incisor	chr11_KI270826v1_alt	3p	+	58	0	0	0	0
incisor	chr11_KI270826v1_alt	3p	+	59	0	0	0	0
incisor	chr11_KI270826v1_alt	3p	+	60	0	0	0	0
incisor	chr11_KI270826v1_alt	3p	+	61	0	0	0	0
incisor	chr11_KI270826v1_alt	3p	+	62	0	0	0	0
incisor	chr11_KI270826v1_alt	3p	+	63	0	0	0	0
incisor	chr11_KI270826v1_alt	3p	+	64	0	0	0	0
incisor	chr11_KI270826v1_alt	3p	+	65	0	0	0	0
incisor	chr11_KI270826v1_alt	3p	+	66	0	0	0	0
incisor	chr11_KI270826v1_alt	3p	+	67	0	0	0	0
incisor	chr11_KI270826v1_alt	3p	+	68	0	0	0	0
incisor	chr11_KI270826v1_alt	3p	+	69	0	0	0	0
incisor	chr11_KI270826v1_alt	3p	+	70	0	0	0	0
incisor	chr11_KI270826v1_alt	3p	-	1	0	0	0	0
incisor	chr11_KI270826v1_alt	3p	-	2	0	0	0	0
incisor	chr11_KI270826v1_alt	3p	-	3	0	0	0	0
incisor	chr11_KI270826v1_alt	3p	-	4	0	0	0	0
incisor	chr11_KI270826v1_alt	3p	-	5	0	0	0	0
incisor	chr11_KI270826v1_alt	3p	-	6	0	0	0	0
incisor	chr11_KI270826v1_alt	3p	-	7	0	0	0	0
incisor	chr11_KI270826v1_alt	3p	-	8	0	0	0	0
incisor	chr11_KI270826v1_alt	3p	-	9	0	0	0	0
incisor	chr11_KI270826v1_alt	3p	-	10	0	0	0	0
incisor	chr11_KI270826v1_alt	3p	-	11	0	0	0	0
incisor	chr11_KI270826v1_alt	3p	-	12	0	0	0	0
incisor	chr11_KI270826v1_alt	3p	-	13	0	0	0	0
incisor	chr11_KI270826v1_alt	3p	-	14	0	0	0	0
incisor	chr11_KI270826v1_alt	3p	-	15	0	0	0	0
incisor	chr11_KI270826v1_alt	3p	-	16	0	0	0	0
incisor	chr11_KI270826v1_alt	3p	-	17	0	0	0	0
incisor	chr11_KI270826v1_alt	3p	-	18	0	0	0	0
incisor	chr11_KI270826v1_alt	3p	-	19	0	0	0	0
incisor	chr11_KI270826v1_alt	3p	-	20	0	0	0	0
incisor	chr11_KI270826v1_alt	3p	-	21	0	0	0	0
incisor	chr11_KI270826v1_alt	3p	-	22	0	0	0	0
incisor	chr11_KI270826v1_alt	3p	-	23	0	0	0	0
incisor	chr11_KI270826v1_alt	3p	-	24	0	0	0	0
incisor	chr11_KI270826v1_alt	3p	-	25	0	0	0	0
incisor	chr11_KI270826v1_alt	3p	-	26	0	0	0	0
incisor	chr11_KI270826v1_alt	3p	-	27	0	0	0	0
incisor	chr11_KI270826v1_alt	3p	-	28	0	0	0	0
incisor	chr11_KI270826v1_alt	3p	-	29	0	0	0	0
incisor	chr11_KI270826v1_alt	3p	-	30	0	0	0	0
incisor	chr11_KI270826v1_alt	3p	-	31	0	0	0	0
incisor	chr11_KI270826v1_alt	3p	-	32	0	0	0	0
incisor	chr11_KI270826v1_alt	3p	-	33	0	0	0	0
incisor	chr11_KI270826v1_alt	3p	-	34	0	0	0	0
incisor	chr11_KI270826v1_alt	3p	-	35	0	0	0	0
incisor	chr11_KI270826v1_alt	3p	-	36	0	0	0	0
incisor	chr11_KI270826v1_alt	3p	-	37	0	0	0	0
incisor	chr11_KI270826v1_alt	3p	-	38	0	0	0	0
incisor	chr11_KI270826v1_alt	3p	-	39	0	0	0	0
incisor	chr11_KI270826v1_alt	3p	-	40	0	0	0	0
incisor	chr11_KI270826v1_alt	3p	-	41	0	0	0	0
incisor	chr11_KI270826v1_alt	3p	-	42	0	0	0	0
incisor	chr11_KI270826v1_alt	3p	-	43	0	0	0	0
incisor	chr11_KI270826v1_alt	3p	-	44	0	0	0	0
incisor	chr11_KI270826v1_alt	3p	-	45	0	0	0	0
incisor	chr11_KI270826v1_alt	3p	-	46	0	0	0	0
incisor	chr11_KI270826v1_alt	3p	-	47	0	0	0	0
incisor	chr11_KI270826v1_alt	3p	-	48	0	0	0	0
incisor	chr11_KI270826v1_alt	3p	-	49	0	0	0	0
incisor	chr11_KI270826v1_alt	3p	-	50	0	0	0	0
incisor	chr11_KI270826v1_alt	3p	-	51	0	0	0	0
incisor	chr11_KI270826v1_alt	3p	-	52	0	0	0	0
incisor	chr11_KI270826v1_alt	3p	-	53	0	0	0	0
incisor	chr11_KI270826v1_alt	3p	-	54	0	0	0	0
incisor	chr11_KI270826v1_alt	3p	-	55	0	0	0	0
incisor	chr11_KI270826v1_alt	3p	-	56	0	0	0	0
incisor	chr11_KI270826v1_alt	3p	-	57	0	0	0	0
incisor	chr11_KI270826v1_alt	3p	-	58	0	0	0	0
incisor	chr11_KI270826v1_alt	3p	-	59	0	0	0	0
incisor	chr11_KI270826v1_alt	3p	-	60	0	0	0	0
incisor	chr11_KI270826v1_alt	3p	-	61	0	0	0	0
incisor	chr11_KI270826v1_alt	3p	-	62	0	0	0	0
incisor	chr11_KI270826v1_alt	3p	-	63	0	0	0	0
incisor	chr11_KI270826v1_alt	3p	-	64	0	0	0	0
incisor	chr11_KI270826v1_alt	3p	-	65	0	0	0	0
incisor	chr11_KI270826v1_alt	3p	-	66	0	0	0	0
incisor	chr11_KI270826v1_alt	3p	-	67	0	0	0	0
incisor	chr11_KI270826v1_alt	3p	-	68	0	0	0	0
incisor	chr11_KI270826v1_alt	3p	-	69	0	0	0	0
incisor	chr11_KI270826v1_alt	3p	-	70	0	0	0	0
incisor	chr11_KI270826v1_alt	5p	+	1	0	0	0	0
incisor	chr11_KI270826v1_alt	5p	+	2	0	0	0	0
incisor	chr11_KI270826v1_alt	5p	+	3	0	0	0	0
incisor	chr11_KI270826v1_alt	5p	+	4	0	0	0	0
incisor	chr11_KI270826v1_alt	5p	+	5	0	0	0	0
incisor	chr11_KI270826v1_alt	5p	+	6	0	0	0	0
incisor	chr11_KI270826v1_alt	5p	+	7	0	0	0	0
incisor	chr11_KI270826v1_alt	5p	+	8	0	0	0	0
incisor	chr11_KI270826v1_alt	5p	+	9	0	0	0	0
incisor	chr11_KI270826v1_alt	5p	+	10	0	0	0	0
incisor	chr11_KI270826v1_alt	5p	+	11	0	0	0	0
incisor	chr11_KI270826v1_alt	5p	+	12	0	0	0	0
incisor	chr11_KI270826v1_alt	5p	+	13	0	0	0	0
incisor	chr11_KI270826v1_alt	5p	+	14	0	0	0	0
incisor	chr11_KI270826v1_alt	5p	+	15	0	0	0	0
incisor	chr11_KI270826v1_alt	5p	+	16	0	0	0	0
incisor	chr11_KI270826v1_alt	5p	+	17	0	0	0	0
incisor	chr11_KI270826v1_alt	5p	+	18	0	0	0	0
incisor	chr11_KI270826v1_alt	5p	+	19	0	0	0	0
incisor	chr11_KI270826v1_alt	5p	+	20	0	0	0	0
incisor	chr11_KI270826v1_alt	5p	+	21	0	0	0	0
incisor	chr11_KI270826v1_alt	5p	+	22	0	0	0	0
incisor	chr11_KI270826v1_alt	5p	+	23	0	0	0	0
incisor	chr11_KI270826v1_alt	5p	+	24	0	0	0	0
incisor	chr11_KI270826v1_alt	5p	+	25	0	0	0	0
incisor	chr11_KI270826v1_alt	5p	+	26	0	0	0	0
incisor	chr11_KI270826v1_alt	5p	+	27	0	0	0	0
incisor	chr11_KI270826v1_alt	5p	+	28	0	0	0	0
incisor	chr11_KI270826v1_alt	5p	+	29	0	0	0	0
incisor	chr11_KI270826v1_alt	5p	+	30	0	0	0	0
incisor	chr11_KI270826v1_alt	5p	+	31	0	0	0	0
incisor	chr11_KI270826v1_alt	5p	+	32	0	0	0	0
incisor	chr11_KI270826v1_alt	5p	+	33	0	0	0	0
incisor	chr11_KI270826v1_alt	5p	+	34	0	0	0	0
incisor	chr11_KI270826v1_alt	5p	+	35	0	0	0	0
incisor	chr11_KI270826v1_alt	5p	+	36	0	0	0	0
incisor	chr11_KI270826v1_alt	5p	+	37	0	0	0	0
incisor	chr11_KI270826v1_alt	5p	+	38	0	0	0	0
incisor	chr11_KI270826v1_alt	5p	+	39	0	0	0	0
incisor	chr11_KI270826v1_alt	5p	+	40	0	0	0	0
incisor	chr11_KI270826v1_alt	5p	+	41	0	0	0	0
incisor	chr11_KI270826v1_alt	5p	+	42	0	0	0	0
incisor	chr11_KI270826v1_alt	5p	+	43	0	0	0	0
incisor	chr11_KI270826v1_alt	5p	+	44	0	0	0	0
incisor	chr11_KI270826v1_alt	5p	+	45	0	0	0	0
incisor	chr11_KI270826v1_alt	5p	+	46	0	0	0	0
incisor	chr11_KI270826v1_alt	5p	+	47	0	0	0	0
incisor	chr11_KI270826v1_alt	5p	+	48	0	0	0	0
incisor	chr11_KI270826v1_alt	5p	+	49	0	0	0	0
incisor	chr11_KI270826v1_alt	5p	+	50	0	0	0	0
incisor	chr11_KI270826v1_alt	5p	+	51	0	0	0	0
incisor	chr11_KI270826v1_alt	5p	+	52	0	0	0	0
incisor	chr11_KI270826v1_alt	5p	+	53	0	0	0	0
incisor	chr11_KI270826v1_alt	5p	+	54	0	0	0	0
incisor	chr11_KI270826v1_alt	5p	+	55	0	0	0	0
incisor	chr11_KI270826v1_alt	5p	+	56	0	0	0	0
incisor	chr11_KI270826v1_alt	5p	+	57	0	0	0	0
incisor	chr11_KI270826v1_alt	5p	+	58	0	0	0	0
incisor	chr11_KI270826v1_alt	5p	+	59	0	0	0	0
incisor	chr11_KI270826v1_alt	5p	+	60	0	0	0	0
incisor	chr11_KI270826v1_alt	5p	+	61	0	0	0	0
incisor	chr11_KI270826v1_alt	5p	+	62	0	0	0	0
incisor	chr11_KI270826v1_alt	5p	+	63	0	0	0	0
incisor	chr11_KI270826v1_alt	5p	+	64	0	0	0	0
incisor	chr11_KI270826v1_alt	5p	+	65	0	0	0	0
incisor	chr11_KI270826v1_alt	5p	+	66	0	0	0	0
incisor	chr11_KI270826v1_alt	5p	+	67	0	0	0	0
incisor	chr11_KI270826v1_alt	5p	+	68	0	0	0	0
incisor	chr11_KI270826v1_alt	5p	+	69	0	0	0	0
incisor	chr11_KI270826v1_alt	5p	+	70	0	0	0	0
incisor	chr11_KI270826v1_alt	5p	-	1	0	0	0	0
incisor	chr11_KI270826v1_alt	5p	-	2	0	0	0	0
incisor	chr11_KI270826v1_alt	5p	-	3	0	0	0	0
incisor	chr11_KI270826v1_alt	5p	-	4	0	0	0	0
incisor	chr11_KI270826v1_alt	5p	-	5	0	0	0	0
incisor	chr11_KI270826v1_alt	5p	-	6	0	0	0	0
incisor	chr11_KI270826v1_alt	5p	-	7	0	0	0	0
incisor	chr11_KI270826v1_alt	5p	-	8	0	0	0	0
incisor	chr11_KI270826v1_alt	5p	-	9	0	0	0	0
incisor	chr11_KI270826v1_alt	5p	-	10	0	0	0	0
incisor	chr11_KI270826v1_alt	5p	-	11	0	0	0	0
incisor	chr11_KI270826v1_alt	5p	-	12	0	0	0	0
incisor	chr11_KI270826v1_alt	5p	-	13	0	0	0	0
incisor	chr11_KI270826v1_alt	5p	-	14	0	0	0	0
incisor	chr11_KI270826v1_alt	5p	-	15	0	0	0	0
incisor	chr11_KI270826v1_alt	5p	-	16	0	0	0	0
incisor	chr11_KI270826v1_alt	5p	-	17	0	0	0	0
incisor	chr11_KI270826v1_alt	5p	-	18	0	0	0	0
incisor	chr11_KI270826v1_alt	5p	-	19	0	0	0	0
incisor	chr11_KI270826v1_alt	5p	-	20	0	0	0	0
incisor	chr11_KI270826v1_alt	5p	-	21	0	0	0	0
incisor	chr11_KI270826v1_alt	5p	-	22	0	0	0	0
incisor	chr11_KI270826v1_alt	5p	-	23	0	0	0	0
incisor	chr11_KI270826v1_alt	5p	-	24	0	0	0	0
incisor	chr11_KI270826v1_alt	5p	-	25	0	0	0	0
incisor	chr11_KI270826v1_alt	5p	-	26	0	0	0	0
incisor	chr11_KI270826v1_alt	5p	-	27	0	0	0	0
incisor	chr11_KI270826v1_alt	5p	-	28	0	0	0	0
incisor	chr11_KI270826v1_alt	5p	-	29	0	0	0	0
incisor	chr11_KI270826v1_alt	5p	-	30	0	0	0	0
incisor	chr11_KI270826v1_alt	5p	-	31	0	0	0	0
incisor	chr11_KI270826v1_alt	5p	-	32	0	0	0	0
incisor	chr11_KI270826v1_alt	5p	-	33	0	0	0	0
incisor	chr11_KI270826v1_alt	5p	-	34	0	0	0	0
incisor	chr11_KI270826v1_alt	5p	-	35	0	0	0	0
incisor	chr11_KI270826v1_alt	5p	-	36	0	0	0	0
incisor	chr11_KI270826v1_alt	5p	-	37	0	0	0	0
incisor	chr11_KI270826v1_alt	5p	-	38	0	0	0	0
incisor	chr11_KI270826v1_alt	5p	-	39	0	0	0	0
incisor	chr11_KI270826v1_alt	5p	-	40	0	0	0	0
incisor	chr11_KI270826v1_alt	5p	-	41	0	0	0	0
incisor	chr11_KI270826v1_alt	5p	-	42	0	0	0	0
incisor	chr11_KI270826v1_alt	5p	-	43	0	0	0	0
incisor	chr11_KI270826v1_alt	5p	-	44	0	0	0	0
incisor	chr11_KI270826v1_alt	5p	-	45	0	0	0	0
incisor	chr11_KI270826v1_alt	5p	-	46	0	0	0	0
incisor	chr11_KI270826v1_alt	5p	-	47	0	0	0	0
incisor	chr11_KI270826v1_alt	5p	-	48	0	0	0	0
incisor	chr11_KI270826v1_alt	5p	-	49	0	0	0	0
incisor	chr11_KI270826v1_alt	5p	-	50	0	0	0	0
incisor	chr11_KI270826v1_alt	5p	-	51	0	0	0	0
incisor	chr11_KI270826v1_alt	5p	-	52	0	0	0	0
incisor	chr11_KI270826v1_alt	5p	-	53	0	0	0	0
incisor	chr11_KI270826v1_alt	5p	-	54	0	0	0	0
incisor	chr11_KI270826v1_alt	5p	-	55	0	0	0	0
incisor	chr11_KI270826v1_alt	5p	-	56	0	0	0	0
incisor	chr11_KI270826v1_alt	5p	-	57	0	0	0	0
incisor	chr11_KI270826v1_alt	5p	-	58	0	0	0	0
incisor	chr11_KI270826v1_alt	5p	-	59	0	0	0	0
incisor	chr11_KI270826v1_alt	5p	-	60	0	0	0	0
incisor	chr11_KI270826v1_alt	5p	-	61	0	0	0	0
incisor	chr11_KI270826v1_alt	5p	-	62	0	0	0	0
incisor	chr11_KI270826v1_alt	5p	-	63	0	0	0	0
incisor	chr11_KI270826v1_alt	5p	-	64	0	0	0	0
incisor	chr11_KI270826v1_alt	5p	-	65	0	0	0	0
incisor	chr11_KI270826v1_alt	5p	-	66	0	0	0	0
incisor	chr11_KI270826v1_alt	5p	-	67	0	0	0	0
incisor	chr11_KI270826v1_alt	5p	-	68	0	0	0	0
incisor	chr11_KI270826v1_alt	5p	-	69	0	0	0	0
incisor	chr11_KI270826v1_alt	5p	-	70	0	0	0	0
incisor	chr11_KI270827v1_alt	3p	+	1	0	0	0	1
incisor	chr11_KI270827v1_alt	3p	+	2	1	0	0	0
incisor	chr11_KI270827v1_alt	3p	+	3	0	1	0	0
incisor	chr11_KI270827v1_alt	3p	+	4	0	0	0	1
incisor	chr11_KI270827v1_alt	3p	+	5	0	0	1	0
incisor	chr11_KI270827v1_alt	3p	+	6	0	0	0	1
incisor	chr11_KI270827v1_alt	3p	+	7	1	0	0	0
incisor	chr11_KI270827v1_alt	3p	+	8	1	0	0	0
incisor	chr11_KI270827v1_alt	3p	+	9	0	1	0	0
incisor	chr11_KI270827v1_alt	3p	+	10	0	0	0	1
incisor	chr11_KI270827v1_alt	3p	+	11	0	0	0	1
incisor	chr11_KI270827v1_alt	3p	+	12	1	0	0	0
incisor	chr11_KI270827v1_alt	3p	+	13	0	0	0	1
incisor	chr11_KI270827v1_alt	3p	+	14	0	0	0	1
incisor	chr11_KI270827v1_alt	3p	+	15	0	0	0	1
incisor	chr11_KI270827v1_alt	3p	+	16	0	0	0	1
incisor	chr11_KI270827v1_alt	3p	+	17	0	0	1	0
incisor	chr11_KI270827v1_alt	3p	+	18	1	0	0	0
incisor	chr11_KI270827v1_alt	3p	+	19	0	0	1	0
incisor	chr11_KI270827v1_alt	3p	+	20	0	0	0	1
incisor	chr11_KI270827v1_alt	3p	+	21	0	0	0	1
incisor	chr11_KI270827v1_alt	3p	+	22	0	1	0	0
incisor	chr11_KI270827v1_alt	3p	+	23	1	0	0	0
incisor	chr11_KI270827v1_alt	3p	+	24	0	1	0	0
incisor	chr11_KI270827v1_alt	3p	+	25	0	0	0	1
incisor	chr11_KI270827v1_alt	3p	+	26	0	0	1	0
incisor	chr11_KI270827v1_alt	3p	+	27	0	0	0	1
incisor	chr11_KI270827v1_alt	3p	+	28	0	0	0	1
incisor	chr11_KI270827v1_alt	3p	+	29	1	0	0	0
incisor	chr11_KI270827v1_alt	3p	+	30	0	1	0	0
incisor	chr11_KI270827v1_alt	3p	+	31	0	1	0	0
incisor	chr11_KI270827v1_alt	3p	+	32	0	0	1	0
incisor	chr11_KI270827v1_alt	3p	+	33	0	0	1	0
incisor	chr11_KI270827v1_alt	3p	+	34	0	0	1	0
incisor	chr11_KI270827v1_alt	3p	+	35	0	0	1	0
incisor	chr11_KI270827v1_alt	3p	+	36	0	1	0	0
incisor	chr11_KI270827v1_alt	3p	+	37	0	0	1	0
incisor	chr11_KI270827v1_alt	3p	+	38	0	0	1	0
incisor	chr11_KI270827v1_alt	3p	+	39	0	1	0	0
incisor	chr11_KI270827v1_alt	3p	+	40	0	0	1	0
incisor	chr11_KI270827v1_alt	3p	+	41	0	0	0	1
incisor	chr11_KI270827v1_alt	3p	+	42	0	0	1	0
incisor	chr11_KI270827v1_alt	3p	+	43	0	0	0	0
incisor	chr11_KI270827v1_alt	3p	+	44	0	0	0	0
incisor	chr11_KI270827v1_alt	3p	+	45	0	0	0	0
incisor	chr11_KI270827v1_alt	3p	+	46	0	0	0	0
incisor	chr11_KI270827v1_alt	3p	+	47	0	0	0	0
incisor	chr11_KI270827v1_alt	3p	+	48	0	0	0	0
incisor	chr11_KI270827v1_alt	3p	+	49	0	0	0	0
incisor	chr11_KI270827v1_alt	3p	+	50	0	0	0	0
incisor	chr11_KI270827v1_alt	3p	+	51	0	0	0	0
incisor	chr11_KI270827v1_alt	3p	+	52	0	0	0	0
incisor	chr11_KI270827v1_alt	3p	+	53	0	0	0	0
incisor	chr11_KI270827v1_alt	3p	+	54	0	0	0	0
incisor	chr11_KI270827v1_alt	3p	+	55	0	0	0	0
incisor	chr11_KI270827v1_alt	3p	+	56	0	0	0	0
incisor	chr11_KI270827v1_alt	3p	+	57	0	0	0	0
incisor	chr11_KI270827v1_alt	3p	+	58	0	0	0	0
incisor	chr11_KI270827v1_alt	3p	+	59	0	0	0	0
incisor	chr11_KI270827v1_alt	3p	+	60	0	0	0	0
incisor	chr11_KI270827v1_alt	3p	+	61	0	0	0	0
incisor	chr11_KI270827v1_alt	3p	+	62	0	0	0	0
incisor	chr11_KI270827v1_alt	3p	+	63	0	0	0	0
incisor	chr11_KI270827v1_alt	3p	+	64	0	0	0	0
incisor	chr11_KI270827v1_alt	3p	+	65	0	0	0	0
incisor	chr11_KI270827v1_alt	3p	+	66	0	0	0	0
incisor	chr11_KI270827v1_alt	3p	+	67	0	0	0	0
incisor	chr11_KI270827v1_alt	3p	+	68	0	0	0	0
incisor	chr11_KI270827v1_alt	3p	+	69	0	0	0	0
incisor	chr11_KI270827v1_alt	3p	+	70	0	0	0	0
incisor	chr11_KI270827v1_alt	3p	-	1	0	0	0	0
incisor	chr11_KI270827v1_alt	3p	-	2	0	0	0	0
incisor	chr11_KI270827v1_alt	3p	-	3	0	0	0	0
incisor	chr11_KI270827v1_alt	3p	-	4	0	0	0	0
incisor	chr11_KI270827v1_alt	3p	-	5	0	0	0	0
incisor	chr11_KI270827v1_alt	3p	-	6	0	0	0	0
incisor	chr11_KI270827v1_alt	3p	-	7	0	0	0	0
incisor	chr11_KI270827v1_alt	3p	-	8	0	0	0	0
incisor	chr11_KI270827v1_alt	3p	-	9	0	0	0	0
incisor	chr11_KI270827v1_alt	3p	-	10	0	0	0	0
incisor	chr11_KI270827v1_alt	3p	-	11	0	0	0	0
incisor	chr11_KI270827v1_alt	3p	-	12	0	0	0	0
incisor	chr11_KI270827v1_alt	3p	-	13	0	0	0	0
incisor	chr11_KI270827v1_alt	3p	-	14	0	0	0	0
incisor	chr11_KI270827v1_alt	3p	-	15	0	0	0	0
incisor	chr11_KI270827v1_alt	3p	-	16	0	0	0	0
incisor	chr11_KI270827v1_alt	3p	-	17	0	0	0	0
incisor	chr11_KI270827v1_alt	3p	-	18	0	0	0	0
incisor	chr11_KI270827v1_alt	3p	-	19	0	0	0	0
incisor	chr11_KI270827v1_alt	3p	-	20	0	0	0	0
incisor	chr11_KI270827v1_alt	3p	-	21	0	0	0	0
incisor	chr11_KI270827v1_alt	3p	-	22	0	0	0	0
incisor	chr11_KI270827v1_alt	3p	-	23	0	0	0	0
incisor	chr11_KI270827v1_alt	3p	-	24	0	0	0	0
incisor	chr11_KI270827v1_alt	3p	-	25	0	0	0	0
incisor	chr11_KI270827v1_alt	3p	-	26	0	0	0	0
incisor	chr11_KI270827v1_alt	3p	-	27	0	0	0	0
incisor	chr11_KI270827v1_alt	3p	-	28	0	0	0	0
incisor	chr11_KI270827v1_alt	3p	-	29	0	0	0	0
incisor	chr11_KI270827v1_alt	3p	-	30	0	0	0	0
incisor	chr11_KI270827v1_alt	3p	-	31	0	0	0	0
incisor	chr11_KI270827v1_alt	3p	-	32	0	0	0	0
incisor	chr11_KI270827v1_alt	3p	-	33	0	0	0	0
incisor	chr11_KI270827v1_alt	3p	-	34	0	0	0	0
incisor	chr11_KI270827v1_alt	3p	-	35	0	0	0	0
incisor	chr11_KI270827v1_alt	3p	-	36	0	0	0	0
incisor	chr11_KI270827v1_alt	3p	-	37	0	0	0	0
incisor	chr11_KI270827v1_alt	3p	-	38	0	0	0	0
incisor	chr11_KI270827v1_alt	3p	-	39	0	0	0	0
incisor	chr11_KI270827v1_alt	3p	-	40	0	0	0	0
incisor	chr11_KI270827v1_alt	3p	-	41	0	0	0	0
incisor	chr11_KI270827v1_alt	3p	-	42	0	0	0	0
incisor	chr11_KI270827v1_alt	3p	-	43	0	0	0	0
incisor	chr11_KI270827v1_alt	3p	-	44	0	0	0	0
incisor	chr11_KI270827v1_alt	3p	-	45	0	0	0	0
incisor	chr11_KI270827v1_alt	3p	-	46	0	0	0	0
incisor	chr11_KI270827v1_alt	3p	-	47	0	0	0	0
incisor	chr11_KI270827v1_alt	3p	-	48	0	0	0	0
incisor	chr11_KI270827v1_alt	3p	-	49	0	0	0	0
incisor	chr11_KI270827v1_alt	3p	-	50	0	0	0	0
incisor	chr11_KI270827v1_alt	3p	-	51	0	0	0	0
incisor	chr11_KI270827v1_alt	3p	-	52	0	0	0	0
incisor	chr11_KI270827v1_alt	3p	-	53	0	0	0	0
incisor	chr11_KI270827v1_alt	3p	-	54	0	0	0	0
incisor	chr11_KI270827v1_alt	3p	-	55	0	0	0	0
incisor	chr11_KI270827v1_alt	3p	-	56	0	0	0	0
incisor	chr11_KI270827v1_alt	3p	-	57	0	0	0	0
incisor	chr11_KI270827v1_alt	3p	-	58	0	0	0	0
incisor	chr11_KI270827v1_alt	3p	-	59	0	0	0	0
incisor	chr11_KI270827v1_alt	3p	-	60	0	0	0	0
incisor	chr11_KI270827v1_alt	3p	-	61	0	0	0	0
incisor	chr11_KI270827v1_alt	3p	-	62	0	0	0	0
incisor	chr11_KI270827v1_alt	3p	-	63	0	0	0	0
incisor	chr11_KI270827v1_alt	3p	-	64	0	0	0	0
incisor	chr11_KI270827v1_alt	3p	-	65	0	0	0	0
incisor	chr11_KI270827v1_alt	3p	-	66	0	0	0	0
incisor	chr11_KI270827v1_alt	3p	-	67	0	0	0	0
incisor	chr11_KI270827v1_alt	3p	-	68	0	0	0	0
incisor	chr11_KI270827v1_alt	3p	-	69	0	0	0	0
incisor	chr11_KI270827v1_alt	3p	-	70	0	0	0	0
incisor	chr11_KI270827v1_alt	5p	+	1	0	0	1	0
incisor	chr11_KI270827v1_alt	5p	+	2	0	0	0	1
incisor	chr11_KI270827v1_alt	5p	+	3	0	0	1	0
incisor	chr11_KI270827v1_alt	5p	+	4	0	1	0	0
incisor	chr11_KI270827v1_alt	5p	+	5	0	0	1	0
incisor	chr11_KI270827v1_alt	5p	+	6	0	0	1	0
incisor	chr11_KI270827v1_alt	5p	+	7	0	1	0	0
incisor	chr11_KI270827v1_alt	5p	+	8	0	0	1	0
incisor	chr11_KI270827v1_alt	5p	+	9	0	0	1	0
incisor	chr11_KI270827v1_alt	5p	+	10	0	0	1	0
incisor	chr11_KI270827v1_alt	5p	+	11	0	0	1	0
incisor	chr11_KI270827v1_alt	5p	+	12	0	1	0	0
incisor	chr11_KI270827v1_alt	5p	+	13	0	1	0	0
incisor	chr11_KI270827v1_alt	5p	+	14	1	0	0	0
incisor	chr11_KI270827v1_alt	5p	+	15	0	0	0	1
incisor	chr11_KI270827v1_alt	5p	+	16	0	0	0	1
incisor	chr11_KI270827v1_alt	5p	+	17	0	0	1	0
incisor	chr11_KI270827v1_alt	5p	+	18	0	0	0	1
incisor	chr11_KI270827v1_alt	5p	+	19	0	1	0	0
incisor	chr11_KI270827v1_alt	5p	+	20	1	0	0	0
incisor	chr11_KI270827v1_alt	5p	+	21	0	1	0	0
incisor	chr11_KI270827v1_alt	5p	+	22	0	0	0	1
incisor	chr11_KI270827v1_alt	5p	+	23	0	0	0	1
incisor	chr11_KI270827v1_alt	5p	+	24	0	0	1	0
incisor	chr11_KI270827v1_alt	5p	+	25	1	0	0	0
incisor	chr11_KI270827v1_alt	5p	+	26	0	0	1	0
incisor	chr11_KI270827v1_alt	5p	+	27	0	0	0	1
incisor	chr11_KI270827v1_alt	5p	+	28	0	0	0	1
incisor	chr11_KI270827v1_alt	5p	+	29	0	0	0	1
incisor	chr11_KI270827v1_alt	5p	+	30	0	0	0	1
incisor	chr11_KI270827v1_alt	5p	+	31	1	0	0	0
incisor	chr11_KI270827v1_alt	5p	+	32	0	0	0	1
incisor	chr11_KI270827v1_alt	5p	+	33	0	0	0	1
incisor	chr11_KI270827v1_alt	5p	+	34	0	1	0	0
incisor	chr11_KI270827v1_alt	5p	+	35	1	0	0	0
incisor	chr11_KI270827v1_alt	5p	+	36	1	0	0	0
incisor	chr11_KI270827v1_alt	5p	+	37	0	0	0	1
incisor	chr11_KI270827v1_alt	5p	+	38	0	0	1	0
incisor	chr11_KI270827v1_alt	5p	+	39	0	0	0	1
incisor	chr11_KI270827v1_alt	5p	+	40	0	1	0	0
incisor	chr11_KI270827v1_alt	5p	+	41	1	0	0	0
incisor	chr11_KI270827v1_alt	5p	+	42	0	0	0	1
incisor	chr11_KI270827v1_alt	5p	+	43	0	0	0	0
incisor	chr11_KI270827v1_alt	5p	+	44	0	0	0	0
incisor	chr11_KI270827v1_alt	5p	+	45	0	0	0	0
incisor	chr11_KI270827v1_alt	5p	+	46	0	0	0	0
incisor	chr11_KI270827v1_alt	5p	+	47	0	0	0	0
incisor	chr11_KI270827v1_alt	5p	+	48	0	0	0	0
incisor	chr11_KI270827v1_alt	5p	+	49	0	0	0	0
incisor	chr11_KI270827v1_alt	5p	+	50	0	0	0	0
incisor	chr11_KI270827v1_alt	5p	+	51	0	0	0	0
incisor	chr11_KI270827v1_alt	5p	+	52	0	0	0	0
incisor	chr11_KI270827v1_alt	5p	+	53	0	0	0	0
incisor	chr11_KI270827v1_alt	5p	+	54	0	0	0	0
incisor	chr11_KI270827v1_alt	5p	+	55	0	0	0	0
incisor	chr11_KI270827v1_alt	5p	+	56	0	0	0	0
incisor	chr11_KI270827v1_alt	5p	+	57	0	0	0	0
incisor	chr11_KI270827v1_alt	5p	+	58	0	0	0	0
incisor	chr11_KI270827v1_alt	5p	+	59	0	0	0	0
incisor	chr11_KI270827v1_alt	5p	+	60	0	0	0	0
incisor	chr11_KI270827v1_alt	5p	+	61	0	0	0	0
incisor	chr11_KI270827v1_alt	5p	+	62	0	0	0	0
incisor	chr11_KI270827v1_alt	5p	+	63	0	0	0	0
incisor	chr11_KI270827v1_alt	5p	+	64	0	0	0	0
incisor	chr11_KI270827v1_alt	5p	+	65	0	0	0	0
incisor	chr11_KI270827v1_alt	5p	+	66	0	0	0	0
incisor	chr11_KI270827v1_alt	5p	+	67	0	0	0	0
incisor	chr11_KI270827v1_alt	5p	+	68	0	0	0	0
incisor	chr11_KI270827v1_alt	5p	+	69	0	0	0	0
incisor	chr11_KI270827v1_alt	5p	+	70	0	0	0	0
incisor	chr11_KI270827v1_alt	5p	-	1	0	0	0	0
incisor	chr11_KI270827v1_alt	5p	-	2	0	0	0	0
incisor	chr11_KI270827v1_alt	5p	-	3	0	0	0	0
incisor	chr11_KI270827v1_alt	5p	-	4	0	0	0	0
incisor	chr11_KI270827v1_alt	5p	-	5	0	0	0	0
incisor	chr11_KI270827v1_alt	5p	-	6	0	0	0	0
incisor	chr11_KI270827v1_alt	5p	-	7	0	0	0	0
incisor	chr11_KI270827v1_alt	5p	-	8	0	0	0	0
incisor	chr11_KI270827v1_alt	5p	-	9	0	0	0	0
incisor	chr11_KI270827v1_alt	5p	-	10	0	0	0	0
incisor	chr11_KI270827v1_alt	5p	-	11	0	0	0	0
incisor	chr11_KI270827v1_alt	5p	-	12	0	0	0	0
incisor	chr11_KI270827v1_alt	5p	-	13	0	0	0	0
incisor	chr11_KI270827v1_alt	5p	-	14	0	0	0	0
incisor	chr11_KI270827v1_alt	5p	-	15	0	0	0	0
incisor	chr11_KI270827v1_alt	5p	-	16	0	0	0	0
incisor	chr11_KI270827v1_alt	5p	-	17	0	0	0	0
incisor	chr11_KI270827v1_alt	5p	-	18	0	0	0	0
incisor	chr11_KI270827v1_alt	5p	-	19	0	0	0	0
incisor	chr11_KI270827v1_alt	5p	-	20	0	0	0	0
incisor	chr11_KI270827v1_alt	5p	-	21	0	0	0	0
incisor	chr11_KI270827v1_alt	5p	-	22	0	0	0	0
incisor	chr11_KI270827v1_alt	5p	-	23	0	0	0	0
incisor	chr11_KI270827v1_alt	5p	-	24	0	0	0	0
incisor	chr11_KI270827v1_alt	5p	-	25	0	0	0	0
incisor	chr11_KI270827v1_alt	5p	-	26	0	0	0	0
incisor	chr11_KI270827v1_alt	5p	-	27	0	0	0	0
incisor	chr11_KI270827v1_alt	5p	-	28	0	0	0	0
incisor	chr11_KI270827v1_alt	5p	-	29	0	0	0	0
incisor	chr11_KI270827v1_alt	5p	-	30	0	0	0	0
incisor	chr11_KI270827v1_alt	5p	-	31	0	0	0	0
incisor	chr11_KI270827v1_alt	5p	-	32	0	0	0	0
incisor	chr11_KI270827v1_alt	5p	-	33	0	0	0	0
incisor	chr11_KI270827v1_alt	5p	-	34	0	0	0	0
incisor	chr11_KI270827v1_alt	5p	-	35	0	0	0	0
incisor	chr11_KI270827v1_alt	5p	-	36	0	0	0	0
incisor	chr11_KI270827v1_alt	5p	-	37	0	0	0	0
incisor	chr11_KI270827v1_alt	5p	-	38	0	0	0	0
incisor	chr11_KI270827v1_alt	5p	-	39	0	0	0	0
incisor	chr11_KI270827v1_alt	5p	-	40	0	0	0	0
incisor	chr11_KI270827v1_alt	5p	-	41	0	0	0	0
incisor	chr11_KI270827v1_alt	5p	-	42	0	0	0	0
incisor	chr11_KI270827v1_alt	5p	-	43	0	0	0	0
incisor	chr11_KI270827v1_alt	5p	-	44	0	0	0	0
incisor	chr11_KI270827v1_alt	5p	-	45	0	0	0	0
incisor	chr11_KI270827v1_alt	5p	-	46	0	0	0	0
incisor	chr11_KI270827v1_alt	5p	-	47	0	0	0	0
incisor	chr11_KI270827v1_alt	5p	-	48	0	0	0	0
incisor	chr11_KI270827v1_alt	5p	-	49	0	0	0	0
incisor	chr11_KI270827v1_alt	5p	-	50	0	0	0	0
incisor	chr11_KI270827v1_alt	5p	-	51	0	0	0	0
incisor	chr11_KI270827v1_alt	5p	-	52	0	0	0	0
incisor	chr11_KI270827v1_alt	5p	-	53	0	0	0	0
incisor	chr11_KI270827v1_alt	5p	-	54	0	0	0	0
incisor	chr11_KI270827v1_alt	5p	-	55	0	0	0	0
incisor	chr11_KI270827v1_alt	5p	-	56	0	0	0	0
incisor	chr11_KI270827v1_alt	5p	-	57	0	0	0	0
incisor	chr11_KI270827v1_alt	5p	-	58	0	0	0	0
incisor	chr11_KI270827v1_alt	5p	-	59	0	0	0	0
incisor	chr11_KI270827v1_alt	5p	-	60	0	0	0	0
incisor	chr11_KI270827v1_alt	5p	-	61	0	0	0	0
incisor	chr11_KI270827v1_alt	5p	-	62	0	0	0	0
incisor	chr11_KI270827v1_alt	5p	-	63	0	0	0	0
incisor	chr11_KI270827v1_alt	5p	-	64	0	0	0	0
incisor	chr11_KI270827v1_alt	5p	-	65	0	0	0	0
incisor	chr11_KI270827v1_alt	5p	-	66	0	0	0	0
incisor	chr11_KI270827v1_alt	5p	-	67	0	0	0	0
incisor	chr11_KI270827v1_alt	5p	-	68	0	0	0	0
incisor	chr11_KI270827v1_alt	5p	-	69	0	0	0	0
incisor	chr11_KI270827v1_alt	5p	-	70	0	0	0	0
incisor	chr11_KI270829v1_alt	3p	+	1	0	0	0	0
incisor	chr11_KI270829v1_alt	3p	+	2	0	0	0	0
incisor	chr11_KI270829v1_alt	3p	+	3	0	0	0	0
incisor	chr11_KI270829v1_alt	3p	+	4	0	0	0	0
incisor	chr11_KI270829v1_alt	3p	+	5	0	0	0	0
incisor	chr11_KI270829v1_alt	3p	+	6	0	0	0	0
incisor	chr11_KI270829v1_alt	3p	+	7	0	0	0	0
incisor	chr11_KI270829v1_alt	3p	+	8	0	0	0	0
incisor	chr11_KI270829v1_alt	3p	+	9	0	0	0	0
incisor	chr11_KI270829v1_alt	3p	+	10	0	0	0	0
incisor	chr11_KI270829v1_alt	3p	+	11	0	0	0	0
incisor	chr11_KI270829v1_alt	3p	+	12	0	0	0	0
incisor	chr11_KI270829v1_alt	3p	+	13	0	0	0	0
incisor	chr11_KI270829v1_alt	3p	+	14	0	0	0	0
incisor	chr11_KI270829v1_alt	3p	+	15	0	0	0	0
incisor	chr11_KI270829v1_alt	3p	+	16	0	0	0	0
incisor	chr11_KI270829v1_alt	3p	+	17	0	0	0	0
incisor	chr11_KI270829v1_alt	3p	+	18	0	0	0	0
incisor	chr11_KI270829v1_alt	3p	+	19	0	0	0	0
incisor	chr11_KI270829v1_alt	3p	+	20	0	0	0	0
incisor	chr11_KI270829v1_alt	3p	+	21	0	0	0	0
incisor	chr11_KI270829v1_alt	3p	+	22	0	0	0	0
incisor	chr11_KI270829v1_alt	3p	+	23	0	0	0	0
incisor	chr11_KI270829v1_alt	3p	+	24	0	0	0	0
incisor	chr11_KI270829v1_alt	3p	+	25	0	0	0	0
incisor	chr11_KI270829v1_alt	3p	+	26	0	0	0	0
incisor	chr11_KI270829v1_alt	3p	+	27	0	0	0	0
incisor	chr11_KI270829v1_alt	3p	+	28	0	0	0	0
incisor	chr11_KI270829v1_alt	3p	+	29	0	0	0	0
incisor	chr11_KI270829v1_alt	3p	+	30	0	0	0	0
incisor	chr11_KI270829v1_alt	3p	+	31	0	0	0	0
incisor	chr11_KI270829v1_alt	3p	+	32	0	0	0	0
incisor	chr11_KI270829v1_alt	3p	+	33	0	0	0	0
incisor	chr11_KI270829v1_alt	3p	+	34	0	0	0	0
incisor	chr11_KI270829v1_alt	3p	+	35	0	0	0	0
incisor	chr11_KI270829v1_alt	3p	+	36	0	0	0	0
incisor	chr11_KI270829v1_alt	3p	+	37	0	0	0	0
incisor	chr11_KI270829v1_alt	3p	+	38	0	0	0	0
incisor	chr11_KI270829v1_alt	3p	+	39	0	0	0	0
incisor	chr11_KI270829v1_alt	3p	+	40	0	0	0	0
incisor	chr11_KI270829v1_alt	3p	+	41	0	0	0	0
incisor	chr11_KI270829v1_alt	3p	+	42	0	0	0	0
incisor	chr11_KI270829v1_alt	3p	+	43	0	0	0	0
incisor	chr11_KI270829v1_alt	3p	+	44	0	0	0	0
incisor	chr11_KI270829v1_alt	3p	+	45	0	0	0	0
incisor	chr11_KI270829v1_alt	3p	+	46	0	0	0	0
incisor	chr11_KI270829v1_alt	3p	+	47	0	0	0	0
incisor	chr11_KI270829v1_alt	3p	+	48	0	0	0	0
incisor	chr11_KI270829v1_alt	3p	+	49	0	0	0	0
incisor	chr11_KI270829v1_alt	3p	+	50	0	0	0	0
incisor	chr11_KI270829v1_alt	3p	+	51	0	0	0	0
incisor	chr11_KI270829v1_alt	3p	+	52	0	0	0	0
incisor	chr11_KI270829v1_alt	3p	+	53	0	0	0	0
incisor	chr11_KI270829v1_alt	3p	+	54	0	0	0	0
incisor	chr11_KI270829v1_alt	3p	+	55	0	0	0	0
incisor	chr11_KI270829v1_alt	3p	+	56	0	0	0	0
incisor	chr11_KI270829v1_alt	3p	+	57	0	0	0	0
incisor	chr11_KI270829v1_alt	3p	+	58	0	0	0	0
incisor	chr11_KI270829v1_alt	3p	+	59	0	0	0	0
incisor	chr11_KI270829v1_alt	3p	+	60	0	0	0	0
incisor	chr11_KI270829v1_alt	3p	+	61	0	0	0	0
incisor	chr11_KI270829v1_alt	3p	+	62	0	0	0	0
incisor	chr11_KI270829v1_alt	3p	+	63	0	0	0	0
incisor	chr11_KI270829v1_alt	3p	+	64	0	0	0	0
incisor	chr11_KI270829v1_alt	3p	+	65	0	0	0	0
incisor	chr11_KI270829v1_alt	3p	+	66	0	0	0	0
incisor	chr11_KI270829v1_alt	3p	+	67	0	0	0	0
incisor	chr11_KI270829v1_alt	3p	+	68	0	0	0	0
incisor	chr11_KI270829v1_alt	3p	+	69	0	0	0	0
incisor	chr11_KI270829v1_alt	3p	+	70	0	0	0	0
incisor	chr11_KI270829v1_alt	3p	-	1	1	0	0	0
incisor	chr11_KI270829v1_alt	3p	-	2	1	0	0	0
incisor	chr11_KI270829v1_alt	3p	-	3	1	0	0	0
incisor	chr11_KI270829v1_alt	3p	-	4	0	0	0	1
incisor	chr11_KI270829v1_alt	3p	-	5	1	0	0	0
incisor	chr11_KI270829v1_alt	3p	-	6	0	1	0	0
incisor	chr11_KI270829v1_alt	3p	-	7	1	0	0	0
incisor	chr11_KI270829v1_alt	3p	-	8	1	0	0	0
incisor	chr11_KI270829v1_alt	3p	-	9	0	0	1	0
incisor	chr11_KI270829v1_alt	3p	-	10	1	0	0	0
incisor	chr11_KI270829v1_alt	3p	-	11	1	0	0	0
incisor	chr11_KI270829v1_alt	3p	-	12	1	0	0	0
incisor	chr11_KI270829v1_alt	3p	-	13	0	0	1	0
incisor	chr11_KI270829v1_alt	3p	-	14	0	0	0	1
incisor	chr11_KI270829v1_alt	3p	-	15	0	0	1	0
incisor	chr11_KI270829v1_alt	3p	-	16	1	0	0	0
incisor	chr11_KI270829v1_alt	3p	-	17	1	0	0	0
incisor	chr11_KI270829v1_alt	3p	-	18	1	0	0	0
incisor	chr11_KI270829v1_alt	3p	-	19	0	0	1	0
incisor	chr11_KI270829v1_alt	3p	-	20	1	0	0	0
incisor	chr11_KI270829v1_alt	3p	-	21	0	0	0	1
incisor	chr11_KI270829v1_alt	3p	-	22	0	0	0	1
incisor	chr11_KI270829v1_alt	3p	-	23	0	1	0	0
incisor	chr11_KI270829v1_alt	3p	-	24	0	0	0	1
incisor	chr11_KI270829v1_alt	3p	-	25	1	0	0	0
incisor	chr11_KI270829v1_alt	3p	-	26	1	0	0	0
incisor	chr11_KI270829v1_alt	3p	-	27	1	0	0	0
incisor	chr11_KI270829v1_alt	3p	-	28	0	0	0	1
incisor	chr11_KI270829v1_alt	3p	-	29	0	0	0	1
incisor	chr11_KI270829v1_alt	3p	-	30	0	1	0	0
incisor	chr11_KI270829v1_alt	3p	-	31	0	0	0	1
incisor	chr11_KI270829v1_alt	3p	-	32	0	0	0	1
incisor	chr11_KI270829v1_alt	3p	-	33	1	0	0	0
incisor	chr11_KI270829v1_alt	3p	-	34	0	0	0	1
incisor	chr11_KI270829v1_alt	3p	-	35	1	0	0	0
incisor	chr11_KI270829v1_alt	3p	-	36	1	0	0	0
incisor	chr11_KI270829v1_alt	3p	-	37	1	0	0	0
incisor	chr11_KI270829v1_alt	3p	-	38	0	0	1	0
incisor	chr11_KI270829v1_alt	3p	-	39	1	0	0	0
incisor	chr11_KI270829v1_alt	3p	-	40	1	0	0	0
incisor	chr11_KI270829v1_alt	3p	-	41	0	0	0	1
incisor	chr11_KI270829v1_alt	3p	-	42	0	0	0	0
incisor	chr11_KI270829v1_alt	3p	-	43	0	0	0	0
incisor	chr11_KI270829v1_alt	3p	-	44	0	0	0	0
incisor	chr11_KI270829v1_alt	3p	-	45	0	0	0	0
incisor	chr11_KI270829v1_alt	3p	-	46	0	0	0	0
incisor	chr11_KI270829v1_alt	3p	-	47	0	0	0	0
incisor	chr11_KI270829v1_alt	3p	-	48	0	0	0	0
incisor	chr11_KI270829v1_alt	3p	-	49	0	0	0	0
incisor	chr11_KI270829v1_alt	3p	-	50	0	0	0	0
incisor	chr11_KI270829v1_alt	3p	-	51	0	0	0	0
incisor	chr11_KI270829v1_alt	3p	-	52	0	0	0	0
incisor	chr11_KI270829v1_alt	3p	-	53	0	0	0	0
incisor	chr11_KI270829v1_alt	3p	-	54	0	0	0	0
incisor	chr11_KI270829v1_alt	3p	-	55	0	0	0	0
incisor	chr11_KI270829v1_alt	3p	-	56	0	0	0	0
incisor	chr11_KI270829v1_alt	3p	-	57	0	0	0	0
incisor	chr11_KI270829v1_alt	3p	-	58	0	0	0	0
incisor	chr11_KI270829v1_alt	3p	-	59	0	0	0	0
incisor	chr11_KI270829v1_alt	3p	-	60	0	0	0	0
incisor	chr11_KI270829v1_alt	3p	-	61	0	0	0	0
incisor	chr11_KI270829v1_alt	3p	-	62	0	0	0	0
incisor	chr11_KI270829v1_alt	3p	-	63	0	0	0	0
incisor	chr11_KI270829v1_alt	3p	-	64	0	0	0	0
incisor	chr11_KI270829v1_alt	3p	-	65	0	0	0	0
incisor	chr11_KI270829v1_alt	3p	-	66	0	0	0	0
incisor	chr11_KI270829v1_alt	3p	-	67	0	0	0	0
incisor	chr11_KI270829v1_alt	3p	-	68	0	0	0	0
incisor	chr11_KI270829v1_alt	3p	-	69	0	0	0	0
incisor	chr11_KI270829v1_alt	3p	-	70	0	0	0	0
incisor	chr11_KI270829v1_alt	5p	+	1	0	0	0	0
incisor	chr11_KI270829v1_alt	5p	+	2	0	0	0	0
incisor	chr11_KI270829v1_alt	5p	+	3	0	0	0	0
incisor	chr11_KI270829v1_alt	5p	+	4	0	0	0	0
incisor	chr11_KI270829v1_alt	5p	+	5	0	0	0	0
incisor	chr11_KI270829v1_alt	5p	+	6	0	0	0	0
incisor	chr11_KI270829v1_alt	5p	+	7	0	0	0	0
incisor	chr11_KI270829v1_alt	5p	+	8	0	0	0	0
incisor	chr11_KI270829v1_alt	5p	+	9	0	0	0	0
incisor	chr11_KI270829v1_alt	5p	+	10	0	0	0	0
incisor	chr11_KI270829v1_alt	5p	+	11	0	0	0	0
incisor	chr11_KI270829v1_alt	5p	+	12	0	0	0	0
incisor	chr11_KI270829v1_alt	5p	+	13	0	0	0	0
incisor	chr11_KI270829v1_alt	5p	+	14	0	0	0	0
incisor	chr11_KI270829v1_alt	5p	+	15	0	0	0	0
incisor	chr11_KI270829v1_alt	5p	+	16	0	0	0	0
incisor	chr11_KI270829v1_alt	5p	+	17	0	0	0	0
incisor	chr11_KI270829v1_alt	5p	+	18	0	0	0	0
incisor	chr11_KI270829v1_alt	5p	+	19	0	0	0	0
incisor	chr11_KI270829v1_alt	5p	+	20	0	0	0	0
incisor	chr11_KI270829v1_alt	5p	+	21	0	0	0	0
incisor	chr11_KI270829v1_alt	5p	+	22	0	0	0	0
incisor	chr11_KI270829v1_alt	5p	+	23	0	0	0	0
incisor	chr11_KI270829v1_alt	5p	+	24	0	0	0	0
incisor	chr11_KI270829v1_alt	5p	+	25	0	0	0	0
incisor	chr11_KI270829v1_alt	5p	+	26	0	0	0	0
incisor	chr11_KI270829v1_alt	5p	+	27	0	0	0	0
incisor	chr11_KI270829v1_alt	5p	+	28	0	0	0	0
incisor	chr11_KI270829v1_alt	5p	+	29	0	0	0	0
incisor	chr11_KI270829v1_alt	5p	+	30	0	0	0	0
incisor	chr11_KI270829v1_alt	5p	+	31	0	0	0	0
incisor	chr11_KI270829v1_alt	5p	+	32	0	0	0	0
incisor	chr11_KI270829v1_alt	5p	+	33	0	0	0	0
incisor	chr11_KI270829v1_alt	5p	+	34	0	0	0	0
incisor	chr11_KI270829v1_alt	5p	+	35	0	0	0	0
incisor	chr11_KI270829v1_alt	5p	+	36	0	0	0	0
incisor	chr11_KI270829v1_alt	5p	+	37	0	0	0	0
incisor	chr11_KI270829v1_alt	5p	+	38	0	0	0	0
incisor	chr11_KI270829v1_alt	5p	+	39	0	0	0	0
incisor	chr11_KI270829v1_alt	5p	+	40	0	0	0	0
incisor	chr11_KI270829v1_alt	5p	+	41	0	0	0	0
incisor	chr11_KI270829v1_alt	5p	+	42	0	0	0	0
incisor	chr11_KI270829v1_alt	5p	+	43	0	0	0	0
incisor	chr11_KI270829v1_alt	5p	+	44	0	0	0	0
incisor	chr11_KI270829v1_alt	5p	+	45	0	0	0	0
incisor	chr11_KI270829v1_alt	5p	+	46	0	0	0	0
incisor	chr11_KI270829v1_alt	5p	+	47	0	0	0	0
incisor	chr11_KI270829v1_alt	5p	+	48	0	0	0	0
incisor	chr11_KI270829v1_alt	5p	+	49	0	0	0	0
incisor	chr11_KI270829v1_alt	5p	+	50	0	0	0	0
incisor	chr11_KI270829v1_alt	5p	+	51	0	0	0	0
incisor	chr11_KI270829v1_alt	5p	+	52	0	0	0	0
incisor	chr11_KI270829v1_alt	5p	+	53	0	0	0	0
incisor	chr11_KI270829v1_alt	5p	+	54	0	0	0	0
incisor	chr11_KI270829v1_alt	5p	+	55	0	0	0	0
incisor	chr11_KI270829v1_alt	5p	+	56	0	0	0	0
incisor	chr11_KI270829v1_alt	5p	+	57	0	0	0	0
incisor	chr11_KI270829v1_alt	5p	+	58	0	0	0	0
incisor	chr11_KI270829v1_alt	5p	+	59	0	0	0	0
incisor	chr11_KI270829v1_alt	5p	+	60	0	0	0	0
incisor	chr11_KI270829v1_alt	5p	+	61	0	0	0	0
incisor	chr11_KI270829v1_alt	5p	+	62	0	0	0	0
incisor	chr11_KI270829v1_alt	5p	+	63	0	0	0	0
incisor	chr11_KI270829v1_alt	5p	+	64	0	0	0	0
incisor	chr11_KI270829v1_alt	5p	+	65	0	0	0	0
incisor	chr11_KI270829v1_alt	5p	+	66	0	0	0	0
incisor	chr11_KI270829v1_alt	5p	+	67	0	0	0	0
incisor	chr11_KI270829v1_alt	5p	+	68	0	0	0	0
incisor	chr11_KI270829v1_alt	5p	+	69	0	0	0	0
incisor	chr11_KI270829v1_alt	5p	+	70	0	0	0	0
incisor	chr11_KI270829v1_alt	5p	-	1	0	0	0	1
incisor	chr11_KI270829v1_alt	5p	-	2	1	0	0	0
incisor	chr11_KI270829v1_alt	5p	-	3	1	0	0	0
incisor	chr11_KI270829v1_alt	5p	-	4	0	0	1	0
incisor	chr11_KI270829v1_alt	5p	-	5	1	0	0	0
incisor	chr11_KI270829v1_alt	5p	-	6	1	0	0	0
incisor	chr11_KI270829v1_alt	5p	-	7	1	0	0	0
incisor	chr11_KI270829v1_alt	5p	-	8	0	0	0	1
incisor	chr11_KI270829v1_alt	5p	-	9	1	0	0	0
incisor	chr11_KI270829v1_alt	5p	-	10	0	0	0	1
incisor	chr11_KI270829v1_alt	5p	-	11	0	0	0	1
incisor	chr11_KI270829v1_alt	5p	-	12	0	1	0	0
incisor	chr11_KI270829v1_alt	5p	-	13	0	0	0	1
incisor	chr11_KI270829v1_alt	5p	-	14	0	0	0	1
incisor	chr11_KI270829v1_alt	5p	-	15	1	0	0	0
incisor	chr11_KI270829v1_alt	5p	-	16	1	0	0	0
incisor	chr11_KI270829v1_alt	5p	-	17	1	0	0	0
incisor	chr11_KI270829v1_alt	5p	-	18	0	0	0	1
incisor	chr11_KI270829v1_alt	5p	-	19	0	1	0	0
incisor	chr11_KI270829v1_alt	5p	-	20	0	0	0	1
incisor	chr11_KI270829v1_alt	5p	-	21	0	0	0	1
incisor	chr11_KI270829v1_alt	5p	-	22	1	0	0	0
incisor	chr11_KI270829v1_alt	5p	-	23	0	0	1	0
incisor	chr11_KI270829v1_alt	5p	-	24	1	0	0	0
incisor	chr11_KI270829v1_alt	5p	-	25	1	0	0	0
incisor	chr11_KI270829v1_alt	5p	-	26	1	0	0	0
incisor	chr11_KI270829v1_alt	5p	-	27	0	0	1	0
incisor	chr11_KI270829v1_alt	5p	-	28	0	0	0	1
incisor	chr11_KI270829v1_alt	5p	-	29	0	0	1	0
incisor	chr11_KI270829v1_alt	5p	-	30	1	0	0	0
incisor	chr11_KI270829v1_alt	5p	-	31	1	0	0	0
incisor	chr11_KI270829v1_alt	5p	-	32	1	0	0	0
incisor	chr11_KI270829v1_alt	5p	-	33	0	0	1	0
incisor	chr11_KI270829v1_alt	5p	-	34	1	0	0	0
incisor	chr11_KI270829v1_alt	5p	-	35	1	0	0	0
incisor	chr11_KI270829v1_alt	5p	-	36	0	1	0	0
incisor	chr11_KI270829v1_alt	5p	-	37	1	0	0	0
incisor	chr11_KI270829v1_alt	5p	-	38	0	0	0	1
incisor	chr11_KI270829v1_alt	5p	-	39	1	0	0	0
incisor	chr11_KI270829v1_alt	5p	-	40	1	0	0	0
incisor	chr11_KI270829v1_alt	5p	-	41	1	0	0	0
incisor	chr11_KI270829v1_alt	5p	-	42	0	0	0	0
incisor	chr11_KI270829v1_alt	5p	-	43	0	0	0	0
incisor	chr11_KI270829v1_alt	5p	-	44	0	0	0	0
incisor	chr11_KI270829v1_alt	5p	-	45	0	0	0	0
incisor	chr11_KI270829v1_alt	5p	-	46	0	0	0	0
incisor	chr11_KI270829v1_alt	5p	-	47	0	0	0	0
incisor	chr11_KI270829v1_alt	5p	-	48	0	0	0	0
incisor	chr11_KI270829v1_alt	5p	-	49	0	0	0	0
incisor	chr11_KI270829v1_alt	5p	-	50	0	0	0	0
incisor	chr11_KI270829v1_alt	5p	-	51	0	0	0	0
incisor	chr11_KI270829v1_alt	5p	-	52	0	0	0	0
incisor	chr11_KI270829v1_alt	5p	-	53	0	0	0	0
incisor	chr11_KI270829v1_alt	5p	-	54	0	0	0	0
incisor	chr11_KI270829v1_alt	5p	-	55	0	0	0	0
incisor	chr11_KI270829v1_alt	5p	-	56	0	0	0	0
incisor	chr11_KI270829v1_alt	5p	-	57	0	0	0	0
incisor	chr11_KI270829v1_alt	5p	-	58	0	0	0	0
incisor	chr11_KI270829v1_alt	5p	-	59	0	0	0	0
incisor	chr11_KI270829v1_alt	5p	-	60	0	0	0	0
incisor	chr11_KI270829v1_alt	5p	-	61	0	0	0	0
incisor	chr11_KI270829v1_alt	5p	-	62	0	0	0	0
incisor	chr11_KI270829v1_alt	5p	-	63	0	0	0	0
incisor	chr11_KI270829v1_alt	5p	-	64	0	0	0	0
incisor	chr11_KI270829v1_alt	5p	-	65	0	0	0	0
incisor	chr11_KI270829v1_alt	5p	-	66	0	0	0	0
incisor	chr11_KI270829v1_alt	5p	-	67	0	0	0	0
incisor	chr11_KI270829v1_alt	5p	-	68	0	0	0	0
incisor	chr11_KI270829v1_alt	5p	-	69	0	0	0	0
incisor	chr11_KI270829v1_alt	5p	-	70	0	0	0	0
incisor	chr11_KI270830v1_alt	3p	+	1	0	0	0	0
incisor	chr11_KI270830v1_alt	3p	+	2	0	0	0	0
incisor	chr11_KI270830v1_alt	3p	+	3	0	0	0	0
incisor	chr11_KI270830v1_alt	3p	+	4	0	0	0	0
incisor	chr11_KI270830v1_alt	3p	+	5	0	0	0	0
incisor	chr11_KI270830v1_alt	3p	+	6	0	0	0	0
incisor	chr11_KI270830v1_alt	3p	+	7	0	0	0	0
incisor	chr11_KI270830v1_alt	3p	+	8	0	0	0	0
incisor	chr11_KI270830v1_alt	3p	+	9	0	0	0	0
incisor	chr11_KI270830v1_alt	3p	+	10	0	0	0	0
incisor	chr11_KI270830v1_alt	3p	+	11	0	0	0	0
incisor	chr11_KI270830v1_alt	3p	+	12	0	0	0	0
incisor	chr11_KI270830v1_alt	3p	+	13	0	0	0	0
incisor	chr11_KI270830v1_alt	3p	+	14	0	0	0	0
incisor	chr11_KI270830v1_alt	3p	+	15	0	0	0	0
incisor	chr11_KI270830v1_alt	3p	+	16	0	0	0	0
incisor	chr11_KI270830v1_alt	3p	+	17	0	0	0	0
incisor	chr11_KI270830v1_alt	3p	+	18	0	0	0	0
incisor	chr11_KI270830v1_alt	3p	+	19	0	0	0	0
incisor	chr11_KI270830v1_alt	3p	+	20	0	0	0	0
incisor	chr11_KI270830v1_alt	3p	+	21	0	0	0	0
incisor	chr11_KI270830v1_alt	3p	+	22	0	0	0	0
incisor	chr11_KI270830v1_alt	3p	+	23	0	0	0	0
incisor	chr11_KI270830v1_alt	3p	+	24	0	0	0	0
incisor	chr11_KI270830v1_alt	3p	+	25	0	0	0	0
incisor	chr11_KI270830v1_alt	3p	+	26	0	0	0	0
incisor	chr11_KI270830v1_alt	3p	+	27	0	0	0	0
incisor	chr11_KI270830v1_alt	3p	+	28	0	0	0	0
incisor	chr11_KI270830v1_alt	3p	+	29	0	0	0	0
incisor	chr11_KI270830v1_alt	3p	+	30	0	0	0	0
incisor	chr11_KI270830v1_alt	3p	+	31	0	0	0	0
incisor	chr11_KI270830v1_alt	3p	+	32	0	0	0	0
incisor	chr11_KI270830v1_alt	3p	+	33	0	0	0	0
incisor	chr11_KI270830v1_alt	3p	+	34	0	0	0	0
incisor	chr11_KI270830v1_alt	3p	+	35	0	0	0	0
incisor	chr11_KI270830v1_alt	3p	+	36	0	0	0	0
incisor	chr11_KI270830v1_alt	3p	+	37	0	0	0	0
incisor	chr11_KI270830v1_alt	3p	+	38	0	0	0	0
incisor	chr11_KI270830v1_alt	3p	+	39	0	0	0	0
incisor	chr11_KI270830v1_alt	3p	+	40	0	0	0	0
incisor	chr11_KI270830v1_alt	3p	+	41	0	0	0	0
incisor	chr11_KI270830v1_alt	3p	+	42	0	0	0	0
incisor	chr11_KI270830v1_alt	3p	+	43	0	0	0	0
incisor	chr11_KI270830v1_alt	3p	+	44	0	0	0	0
incisor	chr11_KI270830v1_alt	3p	+	45	0	0	0	0
incisor	chr11_KI270830v1_alt	3p	+	46	0	0	0	0
incisor	chr11_KI270830v1_alt	3p	+	47	0	0	0	0
incisor	chr11_KI270830v1_alt	3p	+	48	0	0	0	0
incisor	chr11_KI270830v1_alt	3p	+	49	0	0	0	0
incisor	chr11_KI270830v1_alt	3p	+	50	0	0	0	0
incisor	chr11_KI270830v1_alt	3p	+	51	0	0	0	0
incisor	chr11_KI270830v1_alt	3p	+	52	0	0	0	0
incisor	chr11_KI270830v1_alt	3p	+	53	0	0	0	0
incisor	chr11_KI270830v1_alt	3p	+	54	0	0	0	0
incisor	chr11_KI270830v1_alt	3p	+	55	0	0	0	0
incisor	chr11_KI270830v1_alt	3p	+	56	0	0	0	0
incisor	chr11_KI270830v1_alt	3p	+	57	0	0	0	0
incisor	chr11_KI270830v1_alt	3p	+	58	0	0	0	0
incisor	chr11_KI270830v1_alt	3p	+	59	0	0	0	0
incisor	chr11_KI270830v1_alt	3p	+	60	0	0	0	0
incisor	chr11_KI270830v1_alt	3p	+	61	0	0	0	0
incisor	chr11_KI270830v1_alt	3p	+	62	0	0	0	0
incisor	chr11_KI270830v1_alt	3p	+	63	0	0	0	0
incisor	chr11_KI270830v1_alt	3p	+	64	0	0	0	0
incisor	chr11_KI270830v1_alt	3p	+	65	0	0	0	0
incisor	chr11_KI270830v1_alt	3p	+	66	0	0	0	0
incisor	chr11_KI270830v1_alt	3p	+	67	0	0	0	0
incisor	chr11_KI270830v1_alt	3p	+	68	0	0	0	0
incisor	chr11_KI270830v1_alt	3p	+	69	0	0	0	0
incisor	chr11_KI270830v1_alt	3p	+	70	0	0	0	0
incisor	chr11_KI270830v1_alt	3p	-	1	0	0	0	0
incisor	chr11_KI270830v1_alt	3p	-	2	0	0	0	0
incisor	chr11_KI270830v1_alt	3p	-	3	0	0	0	0
incisor	chr11_KI270830v1_alt	3p	-	4	0	0	0	0
incisor	chr11_KI270830v1_alt	3p	-	5	0	0	0	0
incisor	chr11_KI270830v1_alt	3p	-	6	0	0	0	0
incisor	chr11_KI270830v1_alt	3p	-	7	0	0	0	0
incisor	chr11_KI270830v1_alt	3p	-	8	0	0	0	0
incisor	chr11_KI270830v1_alt	3p	-	9	0	0	0	0
incisor	chr11_KI270830v1_alt	3p	-	10	0	0	0	0
incisor	chr11_KI270830v1_alt	3p	-	11	0	0	0	0
incisor	chr11_KI270830v1_alt	3p	-	12	0	0	0	0
incisor	chr11_KI270830v1_alt	3p	-	13	0	0	0	0
incisor	chr11_KI270830v1_alt	3p	-	14	0	0	0	0
incisor	chr11_KI270830v1_alt	3p	-	15	0	0	0	0
incisor	chr11_KI270830v1_alt	3p	-	16	0	0	0	0
incisor	chr11_KI270830v1_alt	3p	-	17	0	0	0	0
incisor	chr11_KI270830v1_alt	3p	-	18	0	0	0	0
incisor	chr11_KI270830v1_alt	3p	-	19	0	0	0	0
incisor	chr11_KI270830v1_alt	3p	-	20	0	0	0	0
incisor	chr11_KI270830v1_alt	3p	-	21	0	0	0	0
incisor	chr11_KI270830v1_alt	3p	-	22	0	0	0	0
incisor	chr11_KI270830v1_alt	3p	-	23	0	0	0	0
incisor	chr11_KI270830v1_alt	3p	-	24	0	0	0	0
incisor	chr11_KI270830v1_alt	3p	-	25	0	0	0	0
incisor	chr11_KI270830v1_alt	3p	-	26	0	0	0	0
incisor	chr11_KI270830v1_alt	3p	-	27	0	0	0	0
incisor	chr11_KI270830v1_alt	3p	-	28	0	0	0	0
incisor	chr11_KI270830v1_alt	3p	-	29	0	0	0	0
incisor	chr11_KI270830v1_alt	3p	-	30	0	0	0	0
incisor	chr11_KI270830v1_alt	3p	-	31	0	0	0	0
incisor	chr11_KI270830v1_alt	3p	-	32	0	0	0	0
incisor	chr11_KI270830v1_alt	3p	-	33	0	0	0	0
incisor	chr11_KI270830v1_alt	3p	-	34	0	0	0	0
incisor	chr11_KI270830v1_alt	3p	-	35	0	0	0	0
incisor	chr11_KI270830v1_alt	3p	-	36	0	0	0	0
incisor	chr11_KI270830v1_alt	3p	-	37	0	0	0	0
incisor	chr11_KI270830v1_alt	3p	-	38	0	0	0	0
incisor	chr11_KI270830v1_alt	3p	-	39	0	0	0	0
incisor	chr11_KI270830v1_alt	3p	-	40	0	0	0	0
incisor	chr11_KI270830v1_alt	3p	-	41	0	0	0	0
incisor	chr11_KI270830v1_alt	3p	-	42	0	0	0	0
incisor	chr11_KI270830v1_alt	3p	-	43	0	0	0	0
incisor	chr11_KI270830v1_alt	3p	-	44	0	0	0	0
incisor	chr11_KI270830v1_alt	3p	-	45	0	0	0	0
incisor	chr11_KI270830v1_alt	3p	-	46	0	0	0	0
incisor	chr11_KI270830v1_alt	3p	-	47	0	0	0	0
incisor	chr11_KI270830v1_alt	3p	-	48	0	0	0	0
incisor	chr11_KI270830v1_alt	3p	-	49	0	0	0	0
incisor	chr11_KI270830v1_alt	3p	-	50	0	0	0	0
incisor	chr11_KI270830v1_alt	3p	-	51	0	0	0	0
incisor	chr11_KI270830v1_alt	3p	-	52	0	0	0	0
incisor	chr11_KI270830v1_alt	3p	-	53	0	0	0	0
incisor	chr11_KI270830v1_alt	3p	-	54	0	0	0	0
incisor	chr11_KI270830v1_alt	3p	-	55	0	0	0	0
incisor	chr11_KI270830v1_alt	3p	-	56	0	0	0	0
incisor	chr11_KI270830v1_alt	3p	-	57	0	0	0	0
incisor	chr11_KI270830v1_alt	3p	-	58	0	0	0	0
incisor	chr11_KI270830v1_alt	3p	-	59	0	0	0	0
incisor	chr11_KI270830v1_alt	3p	-	60	0	0	0	0
incisor	chr11_KI270830v1_alt	3p	-	61	0	0	0	0
incisor	chr11_KI270830v1_alt	3p	-	62	0	0	0	0
incisor	chr11_KI270830v1_alt	3p	-	63	0	0	0	0
incisor	chr11_KI270830v1_alt	3p	-	64	0	0	0	0
incisor	chr11_KI270830v1_alt	3p	-	65	0	0	0	0
incisor	chr11_KI270830v1_alt	3p	-	66	0	0	0	0
incisor	chr11_KI270830v1_alt	3p	-	67	0	0	0	0
incisor	chr11_KI270830v1_alt	3p	-	68	0	0	0	0
incisor	chr11_KI270830v1_alt	3p	-	69	0	0	0	0
incisor	chr11_KI270830v1_alt	3p	-	70	0	0	0	0
incisor	chr11_KI270830v1_alt	5p	+	1	0	0	0	0
incisor	chr11_KI270830v1_alt	5p	+	2	0	0	0	0
incisor	chr11_KI270830v1_alt	5p	+	3	0	0	0	0
incisor	chr11_KI270830v1_alt	5p	+	4	0	0	0	0
incisor	chr11_KI270830v1_alt	5p	+	5	0	0	0	0
incisor	chr11_KI270830v1_alt	5p	+	6	0	0	0	0
incisor	chr11_KI270830v1_alt	5p	+	7	0	0	0	0
incisor	chr11_KI270830v1_alt	5p	+	8	0	0	0	0
incisor	chr11_KI270830v1_alt	5p	+	9	0	0	0	0
incisor	chr11_KI270830v1_alt	5p	+	10	0	0	0	0
incisor	chr11_KI270830v1_alt	5p	+	11	0	0	0	0
incisor	chr11_KI270830v1_alt	5p	+	12	0	0	0	0
incisor	chr11_KI270830v1_alt	5p	+	13	0	0	0	0
incisor	chr11_KI270830v1_alt	5p	+	14	0	0	0	0
incisor	chr11_KI270830v1_alt	5p	+	15	0	0	0	0
incisor	chr11_KI270830v1_alt	5p	+	16	0	0	0	0
incisor	chr11_KI270830v1_alt	5p	+	17	0	0	0	0
incisor	chr11_KI270830v1_alt	5p	+	18	0	0	0	0
incisor	chr11_KI270830v1_alt	5p	+	19	0	0	0	0
incisor	chr11_KI270830v1_alt	5p	+	20	0	0	0	0
incisor	chr11_KI270830v1_alt	5p	+	21	0	0	0	0
incisor	chr11_KI270830v1_alt	5p	+	22	0	0	0	0
incisor	chr11_KI270830v1_alt	5p	+	23	0	0	0	0
incisor	chr11_KI270830v1_alt	5p	+	24	0	0	0	0
incisor	chr11_KI270830v1_alt	5p	+	25	0	0	0	0
incisor	chr11_KI270830v1_alt	5p	+	26	0	0	0	0
incisor	chr11_KI270830v1_alt	5p	+	27	0	0	0	0
incisor	chr11_KI270830v1_alt	5p	+	28	0	0	0	0
incisor	chr11_KI270830v1_alt	5p	+	29	0	0	0	0
incisor	chr11_KI270830v1_alt	5p	+	30	0	0	0	0
incisor	chr11_KI270830v1_alt	5p	+	31	0	0	0	0
incisor	chr11_KI270830v1_alt	5p	+	32	0	0	0	0
incisor	chr11_KI270830v1_alt	5p	+	33	0	0	0	0
incisor	chr11_KI270830v1_alt	5p	+	34	0	0	0	0
incisor	chr11_KI270830v1_alt	5p	+	35	0	0	0	0
incisor	chr11_KI270830v1_alt	5p	+	36	0	0	0	0
incisor	chr11_KI270830v1_alt	5p	+	37	0	0	0	0
incisor	chr11_KI270830v1_alt	5p	+	38	0	0	0	0
incisor	chr11_KI270830v1_alt	5p	+	39	0	0	0	0
incisor	chr11_KI270830v1_alt	5p	+	40	0	0	0	0
incisor	chr11_KI270830v1_alt	5p	+	41	0	0	0	0
incisor	chr11_KI270830v1_alt	5p	+	42	0	0	0	0
incisor	chr11_KI270830v1_alt	5p	+	43	0	0	0	0
incisor	chr11_KI270830v1_alt	5p	+	44	0	0	0	0
incisor	chr11_KI270830v1_alt	5p	+	45	0	0	0	0
incisor	chr11_KI270830v1_alt	5p	+	46	0	0	0	0
incisor	chr11_KI270830v1_alt	5p	+	47	0	0	0	0
incisor	chr11_KI270830v1_alt	5p	+	48	0	0	0	0
incisor	chr11_KI270830v1_alt	5p	+	49	0	0	0	0
incisor	chr11_KI270830v1_alt	5p	+	50	0	0	0	0
incisor	chr11_KI270830v1_alt	5p	+	51	0	0	0	0
incisor	chr11_KI270830v1_alt	5p	+	52	0	0	0	0
incisor	chr11_KI270830v1_alt	5p	+	53	0	0	0	0
incisor	chr11_KI270830v1_alt	5p	+	54	0	0	0	0
incisor	chr11_KI270830v1_alt	5p	+	55	0	0	0	0
incisor	chr11_KI270830v1_alt	5p	+	56	0	0	0	0
incisor	chr11_KI270830v1_alt	5p	+	57	0	0	0	0
incisor	chr11_KI270830v1_alt	5p	+	58	0	0	0	0
incisor	chr11_KI270830v1_alt	5p	+	59	0	0	0	0
incisor	chr11_KI270830v1_alt	5p	+	60	0	0	0	0
incisor	chr11_KI270830v1_alt	5p	+	61	0	0	0	0
incisor	chr11_KI270830v1_alt	5p	+	62	0	0	0	0
incisor	chr11_KI270830v1_alt	5p	+	63	0	0	0	0
incisor	chr11_KI270830v1_alt	5p	+	64	0	0	0	0
incisor	chr11_KI270830v1_alt	5p	+	65	0	0	0	0
incisor	chr11_KI270830v1_alt	5p	+	66	0	0	0	0
incisor	chr11_KI270830v1_alt	5p	+	67	0	0	0	0
incisor	chr11_KI270830v1_alt	5p	+	68	0	0	0	0
incisor	chr11_KI270830v1_alt	5p	+	69	0	0	0	0
incisor	chr11_KI270830v1_alt	5p	+	70	0	0	0	0
incisor	chr11_KI270830v1_alt	5p	-	1	0	0	0	0
incisor	chr11_KI270830v1_alt	5p	-	2	0	0	0	0
incisor	chr11_KI270830v1_alt	5p	-	3	0	0	0	0
incisor	chr11_KI270830v1_alt	5p	-	4	0	0	0	0
incisor	chr11_KI270830v1_alt	5p	-	5	0	0	0	0
incisor	chr11_KI270830v1_alt	5p	-	6	0	0	0	0
incisor	chr11_KI270830v1_alt	5p	-	7	0	0	0	0
incisor	chr11_KI270830v1_alt	5p	-	8	0	0	0	0
incisor	chr11_KI270830v1_alt	5p	-	9	0	0	0	0
incisor	chr11_KI270830v1_alt	5p	-	10	0	0	0	0
incisor	chr11_KI270830v1_alt	5p	-	11	0	0	0	0
incisor	chr11_KI270830v1_alt	5p	-	12	0	0	0	0
incisor	chr11_KI270830v1_alt	5p	-	13	0	0	0	0
incisor	chr11_KI270830v1_alt	5p	-	14	0	0	0	0
incisor	chr11_KI270830v1_alt	5p	-	15	0	0	0	0
incisor	chr11_KI270830v1_alt	5p	-	16	0	0	0	0
incisor	chr11_KI270830v1_alt	5p	-	17	0	0	0	0
incisor	chr11_KI270830v1_alt	5p	-	18	0	0	0	0
incisor	chr11_KI270830v1_alt	5p	-	19	0	0	0	0
incisor	chr11_KI270830v1_alt	5p	-	20	0	0	0	0
incisor	chr11_KI270830v1_alt	5p	-	21	0	0	0	0
incisor	chr11_KI270830v1_alt	5p	-	22	0	0	0	0
incisor	chr11_KI270830v1_alt	5p	-	23	0	0	0	0
incisor	chr11_KI270830v1_alt	5p	-	24	0	0	0	0
incisor	chr11_KI270830v1_alt	5p	-	25	0	0	0	0
incisor	chr11_KI270830v1_alt	5p	-	26	0	0	0	0
incisor	chr11_KI270830v1_alt	5p	-	27	0	0	0	0
incisor	chr11_KI270830v1_alt	5p	-	28	0	0	0	0
incisor	chr11_KI270830v1_alt	5p	-	29	0	0	0	0
incisor	chr11_KI270830v1_alt	5p	-	30	0	0	0	0
incisor	chr11_KI270830v1_alt	5p	-	31	0	0	0	0
incisor	chr11_KI270830v1_alt	5p	-	32	0	0	0	0
incisor	chr11_KI270830v1_alt	5p	-	33	0	0	0	0
incisor	chr11_KI270830v1_alt	5p	-	34	0	0	0	0
incisor	chr11_KI270830v1_alt	5p	-	35	0	0	0	0
incisor	chr11_KI270830v1_alt	5p	-	36	0	0	0	0
incisor	chr11_KI270830v1_alt	5p	-	37	0	0	0	0
incisor	chr11_KI270830v1_alt	5p	-	38	0	0	0	0
incisor	chr11_KI270830v1_alt	5p	-	39	0	0	0	0
incisor	chr11_KI270830v1_alt	5p	-	40	0	0	0	0
incisor	chr11_KI270830v1_alt	5p	-	41	0	0	0	0
incisor	chr11_KI270830v1_alt	5p	-	42	0	0	0	0
incisor	chr11_KI270830v1_alt	5p	-	43	0	0	0	0
incisor	chr11_KI270830v1_alt	5p	-	44	0	0	0	0
incisor	chr11_KI270830v1_alt	5p	-	45	0	0	0	0
incisor	chr11_KI270830v1_alt	5p	-	46	0	0	0	0
incisor	chr11_KI270830v1_alt	5p	-	47	0	0	0	0
incisor	chr11_KI270830v1_alt	5p	-	48	0	0	0	0
incisor	chr11_KI270830v1_alt	5p	-	49	0	0	0	0
incisor	chr11_KI270830v1_alt	5p	-	50	0	0	0	0
incisor	chr11_KI270830v1_alt	5p	-	51	0	0	0	0
incisor	chr11_KI270830v1_alt	5p	-	52	0	0	0	0
incisor	chr11_KI270830v1_alt	5p	-	53	0	0	0	0
incisor	chr11_KI270830v1_alt	5p	-	54	0	0	0	0
incisor	chr11_KI270830v1_alt	5p	-	55	0	0	0	0
incisor	chr11_KI270830v1_alt	5p	-	56	0	0	0	0
incisor	chr11_KI270830v1_alt	5p	-	57	0	0	0	0
incisor	chr11_KI270830v1_alt	5p	-	58	0	0	0	0
incisor	chr11_KI270830v1_alt	5p	-	59	0	0	0	0
incisor	chr11_KI270830v1_alt	5p	-	60	0	0	0	0
incisor	chr11_KI270830v1_alt	5p	-	61	0	0	0	0
incisor	chr11_KI270830v1_alt	5p	-	62	0	0	0	0
incisor	chr11_KI270830v1_alt	5p	-	63	0	0	0	0
incisor	chr11_KI270830v1_alt	5p	-	64	0	0	0	0
incisor	chr11_KI270830v1_alt	5p	-	65	0	0	0	0
incisor	chr11_KI270830v1_alt	5p	-	66	0	0	0	0
incisor	chr11_KI270830v1_alt	5p	-	67	0	0	0	0
incisor	chr11_KI270830v1_alt	5p	-	68	0	0	0	0
incisor	chr11_KI270830v1_alt	5p	-	69	0	0	0	0
incisor	chr11_KI270830v1_alt	5p	-	70	0	0	0	0
incisor	chr11_KI270831v1_alt	3p	+	1	0	0	0	1
incisor	chr11_KI270831v1_alt	3p	+	2	0	1	0	0
incisor	chr11_KI270831v1_alt	3p	+	3	1	0	0	0
incisor	chr11_KI270831v1_alt	3p	+	4	0	1	0	0
incisor	chr11_KI270831v1_alt	3p	+	5	0	0	1	0
incisor	chr11_KI270831v1_alt	3p	+	6	0	0	1	0
incisor	chr11_KI270831v1_alt	3p	+	7	0	1	0	0
incisor	chr11_KI270831v1_alt	3p	+	8	0	1	0	0
incisor	chr11_KI270831v1_alt	3p	+	9	1	0	0	0
incisor	chr11_KI270831v1_alt	3p	+	10	0	1	0	0
incisor	chr11_KI270831v1_alt	3p	+	11	0	0	0	1
incisor	chr11_KI270831v1_alt	3p	+	12	0	0	1	0
incisor	chr11_KI270831v1_alt	3p	+	13	1	0	0	0
incisor	chr11_KI270831v1_alt	3p	+	14	0	1	0	0
incisor	chr11_KI270831v1_alt	3p	+	15	0	0	1	0
incisor	chr11_KI270831v1_alt	3p	+	16	0	0	1	0
incisor	chr11_KI270831v1_alt	3p	+	17	1	0	0	0
incisor	chr11_KI270831v1_alt	3p	+	18	0	1	0	0
incisor	chr11_KI270831v1_alt	3p	+	19	0	1	0	0
incisor	chr11_KI270831v1_alt	3p	+	20	0	1	0	0
incisor	chr11_KI270831v1_alt	3p	+	21	0	0	0	1
incisor	chr11_KI270831v1_alt	3p	+	22	0	1	0	0
incisor	chr11_KI270831v1_alt	3p	+	23	0	1	0	0
incisor	chr11_KI270831v1_alt	3p	+	24	0	1	0	0
incisor	chr11_KI270831v1_alt	3p	+	25	0	0	0	1
incisor	chr11_KI270831v1_alt	3p	+	26	1	0	0	0
incisor	chr11_KI270831v1_alt	3p	+	27	0	0	1	0
incisor	chr11_KI270831v1_alt	3p	+	28	1	0	0	0
incisor	chr11_KI270831v1_alt	3p	+	29	0	1	0	0
incisor	chr11_KI270831v1_alt	3p	+	30	0	1	0	0
incisor	chr11_KI270831v1_alt	3p	+	31	0	1	0	0
incisor	chr11_KI270831v1_alt	3p	+	32	0	1	0	0
incisor	chr11_KI270831v1_alt	3p	+	33	1	0	0	0
incisor	chr11_KI270831v1_alt	3p	+	34	0	1	0	0
incisor	chr11_KI270831v1_alt	3p	+	35	0	1	0	0
incisor	chr11_KI270831v1_alt	3p	+	36	0	1	0	0
incisor	chr11_KI270831v1_alt	3p	+	37	0	1	0	0
incisor	chr11_KI270831v1_alt	3p	+	38	0	1	0	0
incisor	chr11_KI270831v1_alt	3p	+	39	0	1	0	0
incisor	chr11_KI270831v1_alt	3p	+	40	0	0	0	1
incisor	chr11_KI270831v1_alt	3p	+	41	1	0	0	0
incisor	chr11_KI270831v1_alt	3p	+	42	1	0	0	0
incisor	chr11_KI270831v1_alt	3p	+	43	0	0	0	0
incisor	chr11_KI270831v1_alt	3p	+	44	0	0	0	0
incisor	chr11_KI270831v1_alt	3p	+	45	0	0	0	0
incisor	chr11_KI270831v1_alt	3p	+	46	0	0	0	0
incisor	chr11_KI270831v1_alt	3p	+	47	0	0	0	0
incisor	chr11_KI270831v1_alt	3p	+	48	0	0	0	0
incisor	chr11_KI270831v1_alt	3p	+	49	0	0	0	0
incisor	chr11_KI270831v1_alt	3p	+	50	0	0	0	0
incisor	chr11_KI270831v1_alt	3p	+	51	0	0	0	0
incisor	chr11_KI270831v1_alt	3p	+	52	0	0	0	0
incisor	chr11_KI270831v1_alt	3p	+	53	0	0	0	0
incisor	chr11_KI270831v1_alt	3p	+	54	0	0	0	0
incisor	chr11_KI270831v1_alt	3p	+	55	0	0	0	0
incisor	chr11_KI270831v1_alt	3p	+	56	0	0	0	0
incisor	chr11_KI270831v1_alt	3p	+	57	0	0	0	0
incisor	chr11_KI270831v1_alt	3p	+	58	0	0	0	0
incisor	chr11_KI270831v1_alt	3p	+	59	0	0	0	0
incisor	chr11_KI270831v1_alt	3p	+	60	0	0	0	0
incisor	chr11_KI270831v1_alt	3p	+	61	0	0	0	0
incisor	chr11_KI270831v1_alt	3p	+	62	0	0	0	0
incisor	chr11_KI270831v1_alt	3p	+	63	0	0	0	0
incisor	chr11_KI270831v1_alt	3p	+	64	0	0	0	0
incisor	chr11_KI270831v1_alt	3p	+	65	0	0	0	0
incisor	chr11_KI270831v1_alt	3p	+	66	0	0	0	0
incisor	chr11_KI270831v1_alt	3p	+	67	0	0	0	0
incisor	chr11_KI270831v1_alt	3p	+	68	0	0	0	0
incisor	chr11_KI270831v1_alt	3p	+	69	0	0	0	0
incisor	chr11_KI270831v1_alt	3p	+	70	0	0	0	0
incisor	chr11_KI270831v1_alt	3p	-	1	0	0	0	0
incisor	chr11_KI270831v1_alt	3p	-	2	0	0	0	0
incisor	chr11_KI270831v1_alt	3p	-	3	0	0	0	0
incisor	chr11_KI270831v1_alt	3p	-	4	0	0	0	0
incisor	chr11_KI270831v1_alt	3p	-	5	0	0	0	0
incisor	chr11_KI270831v1_alt	3p	-	6	0	0	0	0
incisor	chr11_KI270831v1_alt	3p	-	7	0	0	0	0
incisor	chr11_KI270831v1_alt	3p	-	8	0	0	0	0
incisor	chr11_KI270831v1_alt	3p	-	9	0	0	0	0
incisor	chr11_KI270831v1_alt	3p	-	10	0	0	0	0
incisor	chr11_KI270831v1_alt	3p	-	11	0	0	0	0
incisor	chr11_KI270831v1_alt	3p	-	12	0	0	0	0
incisor	chr11_KI270831v1_alt	3p	-	13	0	0	0	0
incisor	chr11_KI270831v1_alt	3p	-	14	0	0	0	0
incisor	chr11_KI270831v1_alt	3p	-	15	0	0	0	0
incisor	chr11_KI270831v1_alt	3p	-	16	0	0	0	0
incisor	chr11_KI270831v1_alt	3p	-	17	0	0	0	0
incisor	chr11_KI270831v1_alt	3p	-	18	0	0	0	0
incisor	chr11_KI270831v1_alt	3p	-	19	0	0	0	0
incisor	chr11_KI270831v1_alt	3p	-	20	0	0	0	0
incisor	chr11_KI270831v1_alt	3p	-	21	0	0	0	0
incisor	chr11_KI270831v1_alt	3p	-	22	0	0	0	0
incisor	chr11_KI270831v1_alt	3p	-	23	0	0	0	0
incisor	chr11_KI270831v1_alt	3p	-	24	0	0	0	0
incisor	chr11_KI270831v1_alt	3p	-	25	0	0	0	0
incisor	chr11_KI270831v1_alt	3p	-	26	0	0	0	0
incisor	chr11_KI270831v1_alt	3p	-	27	0	0	0	0
incisor	chr11_KI270831v1_alt	3p	-	28	0	0	0	0
incisor	chr11_KI270831v1_alt	3p	-	29	0	0	0	0
incisor	chr11_KI270831v1_alt	3p	-	30	0	0	0	0
incisor	chr11_KI270831v1_alt	3p	-	31	0	0	0	0
incisor	chr11_KI270831v1_alt	3p	-	32	0	0	0	0
incisor	chr11_KI270831v1_alt	3p	-	33	0	0	0	0
incisor	chr11_KI270831v1_alt	3p	-	34	0	0	0	0
incisor	chr11_KI270831v1_alt	3p	-	35	0	0	0	0
incisor	chr11_KI270831v1_alt	3p	-	36	0	0	0	0
incisor	chr11_KI270831v1_alt	3p	-	37	0	0	0	0
incisor	chr11_KI270831v1_alt	3p	-	38	0	0	0	0
incisor	chr11_KI270831v1_alt	3p	-	39	0	0	0	0
incisor	chr11_KI270831v1_alt	3p	-	40	0	0	0	0
incisor	chr11_KI270831v1_alt	3p	-	41	0	0	0	0
incisor	chr11_KI270831v1_alt	3p	-	42	0	0	0	0
incisor	chr11_KI270831v1_alt	3p	-	43	0	0	0	0
incisor	chr11_KI270831v1_alt	3p	-	44	0	0	0	0
incisor	chr11_KI270831v1_alt	3p	-	45	0	0	0	0
incisor	chr11_KI270831v1_alt	3p	-	46	0	0	0	0
incisor	chr11_KI270831v1_alt	3p	-	47	0	0	0	0
incisor	chr11_KI270831v1_alt	3p	-	48	0	0	0	0
incisor	chr11_KI270831v1_alt	3p	-	49	0	0	0	0
incisor	chr11_KI270831v1_alt	3p	-	50	0	0	0	0
incisor	chr11_KI270831v1_alt	3p	-	51	0	0	0	0
incisor	chr11_KI270831v1_alt	3p	-	52	0	0	0	0
incisor	chr11_KI270831v1_alt	3p	-	53	0	0	0	0
incisor	chr11_KI270831v1_alt	3p	-	54	0	0	0	0
incisor	chr11_KI270831v1_alt	3p	-	55	0	0	0	0
incisor	chr11_KI270831v1_alt	3p	-	56	0	0	0	0
incisor	chr11_KI270831v1_alt	3p	-	57	0	0	0	0
incisor	chr11_KI270831v1_alt	3p	-	58	0	0	0	0
incisor	chr11_KI270831v1_alt	3p	-	59	0	0	0	0
incisor	chr11_KI270831v1_alt	3p	-	60	0	0	0	0
incisor	chr11_KI270831v1_alt	3p	-	61	0	0	0	0
incisor	chr11_KI270831v1_alt	3p	-	62	0	0	0	0
incisor	chr11_KI270831v1_alt	3p	-	63	0	0	0	0
incisor	chr11_KI270831v1_alt	3p	-	64	0	0	0	0
incisor	chr11_KI270831v1_alt	3p	-	65	0	0	0	0
incisor	chr11_KI270831v1_alt	3p	-	66	0	0	0	0
incisor	chr11_KI270831v1_alt	3p	-	67	0	0	0	0
incisor	chr11_KI270831v1_alt	3p	-	68	0	0	0	0
incisor	chr11_KI270831v1_alt	3p	-	69	0	0	0	0
incisor	chr11_KI270831v1_alt	3p	-	70	0	0	0	0
incisor	chr11_KI270831v1_alt	5p	+	1	1	0	0	0
incisor	chr11_KI270831v1_alt	5p	+	2	1	0	0	0
incisor	chr11_KI270831v1_alt	5p	+	3	0	0	0	1
incisor	chr11_KI270831v1_alt	5p	+	4	0	1	0	0
incisor	chr11_KI270831v1_alt	5p	+	5	0	1	0	0
incisor	chr11_KI270831v1_alt	5p	+	6	0	1	0	0
incisor	chr11_KI270831v1_alt	5p	+	7	0	1	0	0
incisor	chr11_KI270831v1_alt	5p	+	8	0	1	0	0
incisor	chr11_KI270831v1_alt	5p	+	9	0	1	0	0
incisor	chr11_KI270831v1_alt	5p	+	10	1	0	0	0
incisor	chr11_KI270831v1_alt	5p	+	11	0	1	0	0
incisor	chr11_KI270831v1_alt	5p	+	12	0	1	0	0
incisor	chr11_KI270831v1_alt	5p	+	13	0	1	0	0
incisor	chr11_KI270831v1_alt	5p	+	14	0	1	0	0
incisor	chr11_KI270831v1_alt	5p	+	15	1	0	0	0
incisor	chr11_KI270831v1_alt	5p	+	16	0	0	1	0
incisor	chr11_KI270831v1_alt	5p	+	17	1	0	0	0
incisor	chr11_KI270831v1_alt	5p	+	18	0	0	0	1
incisor	chr11_KI270831v1_alt	5p	+	19	0	1	0	0
incisor	chr11_KI270831v1_alt	5p	+	20	0	1	0	0
incisor	chr11_KI270831v1_alt	5p	+	21	0	1	0	0
incisor	chr11_KI270831v1_alt	5p	+	22	0	0	0	1
incisor	chr11_KI270831v1_alt	5p	+	23	0	1	0	0
incisor	chr11_KI270831v1_alt	5p	+	24	0	1	0	0
incisor	chr11_KI270831v1_alt	5p	+	25	0	1	0	0
incisor	chr11_KI270831v1_alt	5p	+	26	1	0	0	0
incisor	chr11_KI270831v1_alt	5p	+	27	0	0	1	0
incisor	chr11_KI270831v1_alt	5p	+	28	0	0	1	0
incisor	chr11_KI270831v1_alt	5p	+	29	0	1	0	0
incisor	chr11_KI270831v1_alt	5p	+	30	1	0	0	0
incisor	chr11_KI270831v1_alt	5p	+	31	0	0	1	0
incisor	chr11_KI270831v1_alt	5p	+	32	0	0	0	1
incisor	chr11_KI270831v1_alt	5p	+	33	0	1	0	0
incisor	chr11_KI270831v1_alt	5p	+	34	1	0	0	0
incisor	chr11_KI270831v1_alt	5p	+	35	0	1	0	0
incisor	chr11_KI270831v1_alt	5p	+	36	0	1	0	0
incisor	chr11_KI270831v1_alt	5p	+	37	0	0	1	0
incisor	chr11_KI270831v1_alt	5p	+	38	0	0	1	0
incisor	chr11_KI270831v1_alt	5p	+	39	0	1	0	0
incisor	chr11_KI270831v1_alt	5p	+	40	1	0	0	0
incisor	chr11_KI270831v1_alt	5p	+	41	0	1	0	0
incisor	chr11_KI270831v1_alt	5p	+	42	0	0	0	1
incisor	chr11_KI270831v1_alt	5p	+	43	0	0	0	0
incisor	chr11_KI270831v1_alt	5p	+	44	0	0	0	0
incisor	chr11_KI270831v1_alt	5p	+	45	0	0	0	0
incisor	chr11_KI270831v1_alt	5p	+	46	0	0	0	0
incisor	chr11_KI270831v1_alt	5p	+	47	0	0	0	0
incisor	chr11_KI270831v1_alt	5p	+	48	0	0	0	0
incisor	chr11_KI270831v1_alt	5p	+	49	0	0	0	0
incisor	chr11_KI270831v1_alt	5p	+	50	0	0	0	0
incisor	chr11_KI270831v1_alt	5p	+	51	0	0	0	0
incisor	chr11_KI270831v1_alt	5p	+	52	0	0	0	0
incisor	chr11_KI270831v1_alt	5p	+	53	0	0	0	0
incisor	chr11_KI270831v1_alt	5p	+	54	0	0	0	0
incisor	chr11_KI270831v1_alt	5p	+	55	0	0	0	0
incisor	chr11_KI270831v1_alt	5p	+	56	0	0	0	0
incisor	chr11_KI270831v1_alt	5p	+	57	0	0	0	0
incisor	chr11_KI270831v1_alt	5p	+	58	0	0	0	0
incisor	chr11_KI270831v1_alt	5p	+	59	0	0	0	0
incisor	chr11_KI270831v1_alt	5p	+	60	0	0	0	0
incisor	chr11_KI270831v1_alt	5p	+	61	0	0	0	0
incisor	chr11_KI270831v1_alt	5p	+	62	0	0	0	0
incisor	chr11_KI270831v1_alt	5p	+	63	0	0	0	0
incisor	chr11_KI270831v1_alt	5p	+	64	0	0	0	0
incisor	chr11_KI270831v1_alt	5p	+	65	0	0	0	0
incisor	chr11_KI270831v1_alt	5p	+	66	0	0	0	0
incisor	chr11_KI270831v1_alt	5p	+	67	0	0	0	0
incisor	chr11_KI270831v1_alt	5p	+	68	0	0	0	0
incisor	chr11_KI270831v1_alt	5p	+	69	0	0	0	0
incisor	chr11_KI270831v1_alt	5p	+	70	0	0	0	0
incisor	chr11_KI270831v1_alt	5p	-	1	0	0	0	0
incisor	chr11_KI270831v1_alt	5p	-	2	0	0	0	0
incisor	chr11_KI270831v1_alt	5p	-	3	0	0	0	0
incisor	chr11_KI270831v1_alt	5p	-	4	0	0	0	0
incisor	chr11_KI270831v1_alt	5p	-	5	0	0	0	0
incisor	chr11_KI270831v1_alt	5p	-	6	0	0	0	0
incisor	chr11_KI270831v1_alt	5p	-	7	0	0	0	0
incisor	chr11_KI270831v1_alt	5p	-	8	0	0	0	0
incisor	chr11_KI270831v1_alt	5p	-	9	0	0	0	0
incisor	chr11_KI270831v1_alt	5p	-	10	0	0	0	0
incisor	chr11_KI270831v1_alt	5p	-	11	0	0	0	0
incisor	chr11_KI270831v1_alt	5p	-	12	0	0	0	0
incisor	chr11_KI270831v1_alt	5p	-	13	0	0	0	0
incisor	chr11_KI270831v1_alt	5p	-	14	0	0	0	0
incisor	chr11_KI270831v1_alt	5p	-	15	0	0	0	0
incisor	chr11_KI270831v1_alt	5p	-	16	0	0	0	0
incisor	chr11_KI270831v1_alt	5p	-	17	0	0	0	0
incisor	chr11_KI270831v1_alt	5p	-	18	0	0	0	0
incisor	chr11_KI270831v1_alt	5p	-	19	0	0	0	0
incisor	chr11_KI270831v1_alt	5p	-	20	0	0	0	0
incisor	chr11_KI270831v1_alt	5p	-	21	0	0	0	0
incisor	chr11_KI270831v1_alt	5p	-	22	0	0	0	0
incisor	chr11_KI270831v1_alt	5p	-	23	0	0	0	0
incisor	chr11_KI270831v1_alt	5p	-	24	0	0	0	0
incisor	chr11_KI270831v1_alt	5p	-	25	0	0	0	0
incisor	chr11_KI270831v1_alt	5p	-	26	0	0	0	0
incisor	chr11_KI270831v1_alt	5p	-	27	0	0	0	0
incisor	chr11_KI270831v1_alt	5p	-	28	0	0	0	0
incisor	chr11_KI270831v1_alt	5p	-	29	0	0	0	0
incisor	chr11_KI270831v1_alt	5p	-	30	0	0	0	0
incisor	chr11_KI270831v1_alt	5p	-	31	0	0	0	0
incisor	chr11_KI270831v1_alt	5p	-	32	0	0	0	0
incisor	chr11_KI270831v1_alt	5p	-	33	0	0	0	0
incisor	chr11_KI270831v1_alt	5p	-	34	0	0	0	0
incisor	chr11_KI270831v1_alt	5p	-	35	0	0	0	0
incisor	chr11_KI270831v1_alt	5p	-	36	0	0	0	0
incisor	chr11_KI270831v1_alt	5p	-	37	0	0	0	0
incisor	chr11_KI270831v1_alt	5p	-	38	0	0	0	0
incisor	chr11_KI270831v1_alt	5p	-	39	0	0	0	0
incisor	chr11_KI270831v1_alt	5p	-	40	0	0	0	0
incisor	chr11_KI270831v1_alt	5p	-	41	0	0	0	0
incisor	chr11_KI270831v1_alt	5p	-	42	0	0	0	0
incisor	chr11_KI270831v1_alt	5p	-	43	0	0	0	0
incisor	chr11_KI270831v1_alt	5p	-	44	0	0	0	0
incisor	chr11_KI270831v1_alt	5p	-	45	0	0	0	0
incisor	chr11_KI270831v1_alt	5p	-	46	0	0	0	0
incisor	chr11_KI270831v1_alt	5p	-	47	0	0	0	0
incisor	chr11_KI270831v1_alt	5p	-	48	0	0	0	0
incisor	chr11_KI270831v1_alt	5p	-	49	0	0	0	0
incisor	chr11_KI270831v1_alt	5p	-	50	0	0	0	0
incisor	chr11_KI270831v1_alt	5p	-	51	0	0	0	0
incisor	chr11_KI270831v1_alt	5p	-	52	0	0	0	0
incisor	chr11_KI270831v1_alt	5p	-	53	0	0	0	0
incisor	chr11_KI270831v1_alt	5p	-	54	0	0	0	0
incisor	chr11_KI270831v1_alt	5p	-	55	0	0	0	0
incisor	chr11_KI270831v1_alt	5p	-	56	0	0	0	0
incisor	chr11_KI270831v1_alt	5p	-	57	0	0	0	0
incisor	chr11_KI270831v1_alt	5p	-	58	0	0	0	0
incisor	chr11_KI270831v1_alt	5p	-	59	0	0	0	0
incisor	chr11_KI270831v1_alt	5p	-	60	0	0	0	0
incisor	chr11_KI270831v1_alt	5p	-	61	0	0	0	0
incisor	chr11_KI270831v1_alt	5p	-	62	0	0	0	0
incisor	chr11_KI270831v1_alt	5p	-	63	0	0	0	0
incisor	chr11_KI270831v1_alt	5p	-	64	0	0	0	0
incisor	chr11_KI270831v1_alt	5p	-	65	0	0	0	0
incisor	chr11_KI270831v1_alt	5p	-	66	0	0	0	0
incisor	chr11_KI270831v1_alt	5p	-	67	0	0	0	0
incisor	chr11_KI270831v1_alt	5p	-	68	0	0	0	0
incisor	chr11_KI270831v1_alt	5p	-	69	0	0	0	0
incisor	chr11_KI270831v1_alt	5p	-	70	0	0	0	0
incisor	chr11_KI270832v1_alt	3p	+	1	0	0	0	0
incisor	chr11_KI270832v1_alt	3p	+	2	0	0	0	0
incisor	chr11_KI270832v1_alt	3p	+	3	0	0	0	0
incisor	chr11_KI270832v1_alt	3p	+	4	0	0	0	0
incisor	chr11_KI270832v1_alt	3p	+	5	0	0	0	0
incisor	chr11_KI270832v1_alt	3p	+	6	0	0	0	0
incisor	chr11_KI270832v1_alt	3p	+	7	0	0	0	0
incisor	chr11_KI270832v1_alt	3p	+	8	0	0	0	0
incisor	chr11_KI270832v1_alt	3p	+	9	0	0	0	0
incisor	chr11_KI270832v1_alt	3p	+	10	0	0	0	0
incisor	chr11_KI270832v1_alt	3p	+	11	0	0	0	0
incisor	chr11_KI270832v1_alt	3p	+	12	0	0	0	0
incisor	chr11_KI270832v1_alt	3p	+	13	0	0	0	0
incisor	chr11_KI270832v1_alt	3p	+	14	0	0	0	0
incisor	chr11_KI270832v1_alt	3p	+	15	0	0	0	0
incisor	chr11_KI270832v1_alt	3p	+	16	0	0	0	0
incisor	chr11_KI270832v1_alt	3p	+	17	0	0	0	0
incisor	chr11_KI270832v1_alt	3p	+	18	0	0	0	0
incisor	chr11_KI270832v1_alt	3p	+	19	0	0	0	0
incisor	chr11_KI270832v1_alt	3p	+	20	0	0	0	0
incisor	chr11_KI270832v1_alt	3p	+	21	0	0	0	0
incisor	chr11_KI270832v1_alt	3p	+	22	0	0	0	0
incisor	chr11_KI270832v1_alt	3p	+	23	0	0	0	0
incisor	chr11_KI270832v1_alt	3p	+	24	0	0	0	0
incisor	chr11_KI270832v1_alt	3p	+	25	0	0	0	0
incisor	chr11_KI270832v1_alt	3p	+	26	0	0	0	0
incisor	chr11_KI270832v1_alt	3p	+	27	0	0	0	0
incisor	chr11_KI270832v1_alt	3p	+	28	0	0	0	0
incisor	chr11_KI270832v1_alt	3p	+	29	0	0	0	0
incisor	chr11_KI270832v1_alt	3p	+	30	0	0	0	0
incisor	chr11_KI270832v1_alt	3p	+	31	0	0	0	0
incisor	chr11_KI270832v1_alt	3p	+	32	0	0	0	0
incisor	chr11_KI270832v1_alt	3p	+	33	0	0	0	0
incisor	chr11_KI270832v1_alt	3p	+	34	0	0	0	0
incisor	chr11_KI270832v1_alt	3p	+	35	0	0	0	0
incisor	chr11_KI270832v1_alt	3p	+	36	0	0	0	0
incisor	chr11_KI270832v1_alt	3p	+	37	0	0	0	0
incisor	chr11_KI270832v1_alt	3p	+	38	0	0	0	0
incisor	chr11_KI270832v1_alt	3p	+	39	0	0	0	0
incisor	chr11_KI270832v1_alt	3p	+	40	0	0	0	0
incisor	chr11_KI270832v1_alt	3p	+	41	0	0	0	0
incisor	chr11_KI270832v1_alt	3p	+	42	0	0	0	0
incisor	chr11_KI270832v1_alt	3p	+	43	0	0	0	0
incisor	chr11_KI270832v1_alt	3p	+	44	0	0	0	0
incisor	chr11_KI270832v1_alt	3p	+	45	0	0	0	0
incisor	chr11_KI270832v1_alt	3p	+	46	0	0	0	0
incisor	chr11_KI270832v1_alt	3p	+	47	0	0	0	0
incisor	chr11_KI270832v1_alt	3p	+	48	0	0	0	0
incisor	chr11_KI270832v1_alt	3p	+	49	0	0	0	0
incisor	chr11_KI270832v1_alt	3p	+	50	0	0	0	0
incisor	chr11_KI270832v1_alt	3p	+	51	0	0	0	0
incisor	chr11_KI270832v1_alt	3p	+	52	0	0	0	0
incisor	chr11_KI270832v1_alt	3p	+	53	0	0	0	0
incisor	chr11_KI270832v1_alt	3p	+	54	0	0	0	0
incisor	chr11_KI270832v1_alt	3p	+	55	0	0	0	0
incisor	chr11_KI270832v1_alt	3p	+	56	0	0	0	0
incisor	chr11_KI270832v1_alt	3p	+	57	0	0	0	0
incisor	chr11_KI270832v1_alt	3p	+	58	0	0	0	0
incisor	chr11_KI270832v1_alt	3p	+	59	0	0	0	0
incisor	chr11_KI270832v1_alt	3p	+	60	0	0	0	0
incisor	chr11_KI270832v1_alt	3p	+	61	0	0	0	0
incisor	chr11_KI270832v1_alt	3p	+	62	0	0	0	0
incisor	chr11_KI270832v1_alt	3p	+	63	0	0	0	0
incisor	chr11_KI270832v1_alt	3p	+	64	0	0	0	0
incisor	chr11_KI270832v1_alt	3p	+	65	0	0	0	0
incisor	chr11_KI270832v1_alt	3p	+	66	0	0	0	0
incisor	chr11_KI270832v1_alt	3p	+	67	0	0	0	0
incisor	chr11_KI270832v1_alt	3p	+	68	0	0	0	0
incisor	chr11_KI270832v1_alt	3p	+	69	0	0	0	0
incisor	chr11_KI270832v1_alt	3p	+	70	0	0	0	0
incisor	chr11_KI270832v1_alt	3p	-	1	0	0	0	0
incisor	chr11_KI270832v1_alt	3p	-	2	0	0	0	0
incisor	chr11_KI270832v1_alt	3p	-	3	0	0	0	0
incisor	chr11_KI270832v1_alt	3p	-	4	0	0	0	0
incisor	chr11_KI270832v1_alt	3p	-	5	0	0	0	0
incisor	chr11_KI270832v1_alt	3p	-	6	0	0	0	0
incisor	chr11_KI270832v1_alt	3p	-	7	0	0	0	0
incisor	chr11_KI270832v1_alt	3p	-	8	0	0	0	0
incisor	chr11_KI270832v1_alt	3p	-	9	0	0	0	0
incisor	chr11_KI270832v1_alt	3p	-	10	0	0	0	0
incisor	chr11_KI270832v1_alt	3p	-	11	0	0	0	0
incisor	chr11_KI270832v1_alt	3p	-	12	0	0	0	0
incisor	chr11_KI270832v1_alt	3p	-	13	0	0	0	0
incisor	chr11_KI270832v1_alt	3p	-	14	0	0	0	0
incisor	chr11_KI270832v1_alt	3p	-	15	0	0	0	0
incisor	chr11_KI270832v1_alt	3p	-	16	0	0	0	0
incisor	chr11_KI270832v1_alt	3p	-	17	0	0	0	0
incisor	chr11_KI270832v1_alt	3p	-	18	0	0	0	0
incisor	chr11_KI270832v1_alt	3p	-	19	0	0	0	0
incisor	chr11_KI270832v1_alt	3p	-	20	0	0	0	0
incisor	chr11_KI270832v1_alt	3p	-	21	0	0	0	0
incisor	chr11_KI270832v1_alt	3p	-	22	0	0	0	0
incisor	chr11_KI270832v1_alt	3p	-	23	0	0	0	0
incisor	chr11_KI270832v1_alt	3p	-	24	0	0	0	0
incisor	chr11_KI270832v1_alt	3p	-	25	0	0	0	0
incisor	chr11_KI270832v1_alt	3p	-	26	0	0	0	0
incisor	chr11_KI270832v1_alt	3p	-	27	0	0	0	0
incisor	chr11_KI270832v1_alt	3p	-	28	0	0	0	0
incisor	chr11_KI270832v1_alt	3p	-	29	0	0	0	0
incisor	chr11_KI270832v1_alt	3p	-	30	0	0	0	0
incisor	chr11_KI270832v1_alt	3p	-	31	0	0	0	0
incisor	chr11_KI270832v1_alt	3p	-	32	0	0	0	0
incisor	chr11_KI270832v1_alt	3p	-	33	0	0	0	0
incisor	chr11_KI270832v1_alt	3p	-	34	0	0	0	0
incisor	chr11_KI270832v1_alt	3p	-	35	0	0	0	0
incisor	chr11_KI270832v1_alt	3p	-	36	0	0	0	0
incisor	chr11_KI270832v1_alt	3p	-	37	0	0	0	0
incisor	chr11_KI270832v1_alt	3p	-	38	0	0	0	0
incisor	chr11_KI270832v1_alt	3p	-	39	0	0	0	0
incisor	chr11_KI270832v1_alt	3p	-	40	0	0	0	0
incisor	chr11_KI270832v1_alt	3p	-	41	0	0	0	0
incisor	chr11_KI270832v1_alt	3p	-	42	0	0	0	0
incisor	chr11_KI270832v1_alt	3p	-	43	0	0	0	0
incisor	chr11_KI270832v1_alt	3p	-	44	0	0	0	0
incisor	chr11_KI270832v1_alt	3p	-	45	0	0	0	0
incisor	chr11_KI270832v1_alt	3p	-	46	0	0	0	0
incisor	chr11_KI270832v1_alt	3p	-	47	0	0	0	0
incisor	chr11_KI270832v1_alt	3p	-	48	0	0	0	0
incisor	chr11_KI270832v1_alt	3p	-	49	0	0	0	0
incisor	chr11_KI270832v1_alt	3p	-	50	0	0	0	0
incisor	chr11_KI270832v1_alt	3p	-	51	0	0	0	0
incisor	chr11_KI270832v1_alt	3p	-	52	0	0	0	0
incisor	chr11_KI270832v1_alt	3p	-	53	0	0	0	0
incisor	chr11_KI270832v1_alt	3p	-	54	0	0	0	0
incisor	chr11_KI270832v1_alt	3p	-	55	0	0	0	0
incisor	chr11_KI270832v1_alt	3p	-	56	0	0	0	0
incisor	chr11_KI270832v1_alt	3p	-	57	0	0	0	0
incisor	chr11_KI270832v1_alt	3p	-	58	0	0	0	0
incisor	chr11_KI270832v1_alt	3p	-	59	0	0	0	0
incisor	chr11_KI270832v1_alt	3p	-	60	0	0	0	0
incisor	chr11_KI270832v1_alt	3p	-	61	0	0	0	0
incisor	chr11_KI270832v1_alt	3p	-	62	0	0	0	0
incisor	chr11_KI270832v1_alt	3p	-	63	0	0	0	0
incisor	chr11_KI270832v1_alt	3p	-	64	0	0	0	0
incisor	chr11_KI270832v1_alt	3p	-	65	0	0	0	0
incisor	chr11_KI270832v1_alt	3p	-	66	0	0	0	0
incisor	chr11_KI270832v1_alt	3p	-	67	0	0	0	0
incisor	chr11_KI270832v1_alt	3p	-	68	0	0	0	0
incisor	chr11_KI270832v1_alt	3p	-	69	0	0	0	0
incisor	chr11_KI270832v1_alt	3p	-	70	0	0	0	0
incisor	chr11_KI270832v1_alt	5p	+	1	0	0	0	0
incisor	chr11_KI270832v1_alt	5p	+	2	0	0	0	0
incisor	chr11_KI270832v1_alt	5p	+	3	0	0	0	0
incisor	chr11_KI270832v1_alt	5p	+	4	0	0	0	0
incisor	chr11_KI270832v1_alt	5p	+	5	0	0	0	0
incisor	chr11_KI270832v1_alt	5p	+	6	0	0	0	0
incisor	chr11_KI270832v1_alt	5p	+	7	0	0	0	0
incisor	chr11_KI270832v1_alt	5p	+	8	0	0	0	0
incisor	chr11_KI270832v1_alt	5p	+	9	0	0	0	0
incisor	chr11_KI270832v1_alt	5p	+	10	0	0	0	0
incisor	chr11_KI270832v1_alt	5p	+	11	0	0	0	0
incisor	chr11_KI270832v1_alt	5p	+	12	0	0	0	0
incisor	chr11_KI270832v1_alt	5p	+	13	0	0	0	0
incisor	chr11_KI270832v1_alt	5p	+	14	0	0	0	0
incisor	chr11_KI270832v1_alt	5p	+	15	0	0	0	0
incisor	chr11_KI270832v1_alt	5p	+	16	0	0	0	0
incisor	chr11_KI270832v1_alt	5p	+	17	0	0	0	0
incisor	chr11_KI270832v1_alt	5p	+	18	0	0	0	0
incisor	chr11_KI270832v1_alt	5p	+	19	0	0	0	0
incisor	chr11_KI270832v1_alt	5p	+	20	0	0	0	0
incisor	chr11_KI270832v1_alt	5p	+	21	0	0	0	0
incisor	chr11_KI270832v1_alt	5p	+	22	0	0	0	0
incisor	chr11_KI270832v1_alt	5p	+	23	0	0	0	0
incisor	chr11_KI270832v1_alt	5p	+	24	0	0	0	0
incisor	chr11_KI270832v1_alt	5p	+	25	0	0	0	0
incisor	chr11_KI270832v1_alt	5p	+	26	0	0	0	0
incisor	chr11_KI270832v1_alt	5p	+	27	0	0	0	0
incisor	chr11_KI270832v1_alt	5p	+	28	0	0	0	0
incisor	chr11_KI270832v1_alt	5p	+	29	0	0	0	0
incisor	chr11_KI270832v1_alt	5p	+	30	0	0	0	0
incisor	chr11_KI270832v1_alt	5p	+	31	0	0	0	0
incisor	chr11_KI270832v1_alt	5p	+	32	0	0	0	0
incisor	chr11_KI270832v1_alt	5p	+	33	0	0	0	0
incisor	chr11_KI270832v1_alt	5p	+	34	0	0	0	0
incisor	chr11_KI270832v1_alt	5p	+	35	0	0	0	0
incisor	chr11_KI270832v1_alt	5p	+	36	0	0	0	0
incisor	chr11_KI270832v1_alt	5p	+	37	0	0	0	0
incisor	chr11_KI270832v1_alt	5p	+	38	0	0	0	0
incisor	chr11_KI270832v1_alt	5p	+	39	0	0	0	0
incisor	chr11_KI270832v1_alt	5p	+	40	0	0	0	0
incisor	chr11_KI270832v1_alt	5p	+	41	0	0	0	0
incisor	chr11_KI270832v1_alt	5p	+	42	0	0	0	0
incisor	chr11_KI270832v1_alt	5p	+	43	0	0	0	0
incisor	chr11_KI270832v1_alt	5p	+	44	0	0	0	0
incisor	chr11_KI270832v1_alt	5p	+	45	0	0	0	0
incisor	chr11_KI270832v1_alt	5p	+	46	0	0	0	0
incisor	chr11_KI270832v1_alt	5p	+	47	0	0	0	0
incisor	chr11_KI270832v1_alt	5p	+	48	0	0	0	0
incisor	chr11_KI270832v1_alt	5p	+	49	0	0	0	0
incisor	chr11_KI270832v1_alt	5p	+	50	0	0	0	0
incisor	chr11_KI270832v1_alt	5p	+	51	0	0	0	0
incisor	chr11_KI270832v1_alt	5p	+	52	0	0	0	0
incisor	chr11_KI270832v1_alt	5p	+	53	0	0	0	0
incisor	chr11_KI270832v1_alt	5p	+	54	0	0	0	0
incisor	chr11_KI270832v1_alt	5p	+	55	0	0	0	0
incisor	chr11_KI270832v1_alt	5p	+	56	0	0	0	0
incisor	chr11_KI270832v1_alt	5p	+	57	0	0	0	0
incisor	chr11_KI270832v1_alt	5p	+	58	0	0	0	0
incisor	chr11_KI270832v1_alt	5p	+	59	0	0	0	0
incisor	chr11_KI270832v1_alt	5p	+	60	0	0	0	0
incisor	chr11_KI270832v1_alt	5p	+	61	0	0	0	0
incisor	chr11_KI270832v1_alt	5p	+	62	0	0	0	0
incisor	chr11_KI270832v1_alt	5p	+	63	0	0	0	0
incisor	chr11_KI270832v1_alt	5p	+	64	0	0	0	0
incisor	chr11_KI270832v1_alt	5p	+	65	0	0	0	0
incisor	chr11_KI270832v1_alt	5p	+	66	0	0	0	0
incisor	chr11_KI270832v1_alt	5p	+	67	0	0	0	0
incisor	chr11_KI270832v1_alt	5p	+	68	0	0	0	0
incisor	chr11_KI270832v1_alt	5p	+	69	0	0	0	0
incisor	chr11_KI270832v1_alt	5p	+	70	0	0	0	0
incisor	chr11_KI270832v1_alt	5p	-	1	0	0	0	0
incisor	chr11_KI270832v1_alt	5p	-	2	0	0	0	0
incisor	chr11_KI270832v1_alt	5p	-	3	0	0	0	0
incisor	chr11_KI270832v1_alt	5p	-	4	0	0	0	0
incisor	chr11_KI270832v1_alt	5p	-	5	0	0	0	0
incisor	chr11_KI270832v1_alt	5p	-	6	0	0	0	0
incisor	chr11_KI270832v1_alt	5p	-	7	0	0	0	0
incisor	chr11_KI270832v1_alt	5p	-	8	0	0	0	0
incisor	chr11_KI270832v1_alt	5p	-	9	0	0	0	0
incisor	chr11_KI270832v1_alt	5p	-	10	0	0	0	0
incisor	chr11_KI270832v1_alt	5p	-	11	0	0	0	0
incisor	chr11_KI270832v1_alt	5p	-	12	0	0	0	0
incisor	chr11_KI270832v1_alt	5p	-	13	0	0	0	0
incisor	chr11_KI270832v1_alt	5p	-	14	0	0	0	0
incisor	chr11_KI270832v1_alt	5p	-	15	0	0	0	0
incisor	chr11_KI270832v1_alt	5p	-	16	0	0	0	0
incisor	chr11_KI270832v1_alt	5p	-	17	0	0	0	0
incisor	chr11_KI270832v1_alt	5p	-	18	0	0	0	0
incisor	chr11_KI270832v1_alt	5p	-	19	0	0	0	0
incisor	chr11_KI270832v1_alt	5p	-	20	0	0	0	0
incisor	chr11_KI270832v1_alt	5p	-	21	0	0	0	0
incisor	chr11_KI270832v1_alt	5p	-	22	0	0	0	0
incisor	chr11_KI270832v1_alt	5p	-	23	0	0	0	0
incisor	chr11_KI270832v1_alt	5p	-	24	0	0	0	0
incisor	chr11_KI270832v1_alt	5p	-	25	0	0	0	0
incisor	chr11_KI270832v1_alt	5p	-	26	0	0	0	0
incisor	chr11_KI270832v1_alt	5p	-	27	0	0	0	0
incisor	chr11_KI270832v1_alt	5p	-	28	0	0	0	0
incisor	chr11_KI270832v1_alt	5p	-	29	0	0	0	0
incisor	chr11_KI270832v1_alt	5p	-	30	0	0	0	0
incisor	chr11_KI270832v1_alt	5p	-	31	0	0	0	0
incisor	chr11_KI270832v1_alt	5p	-	32	0	0	0	0
incisor	chr11_KI270832v1_alt	5p	-	33	0	0	0	0
incisor	chr11_KI270832v1_alt	5p	-	34	0	0	0	0
incisor	chr11_KI270832v1_alt	5p	-	35	0	0	0	0
incisor	chr11_KI270832v1_alt	5p	-	36	0	0	0	0
incisor	chr11_KI270832v1_alt	5p	-	37	0	0	0	0
incisor	chr11_KI270832v1_alt	5p	-	38	0	0	0	0
incisor	chr11_KI270832v1_alt	5p	-	39	0	0	0	0
incisor	chr11_KI270832v1_alt	5p	-	40	0	0	0	0
incisor	chr11_KI270832v1_alt	5p	-	41	0	0	0	0
incisor	chr11_KI270832v1_alt	5p	-	42	0	0	0	0
incisor	chr11_KI270832v1_alt	5p	-	43	0	0	0	0
incisor	chr11_KI270832v1_alt	5p	-	44	0	0	0	0
incisor	chr11_KI270832v1_alt	5p	-	45	0	0	0	0
incisor	chr11_KI270832v1_alt	5p	-	46	0	0	0	0
incisor	chr11_KI270832v1_alt	5p	-	47	0	0	0	0
incisor	chr11_KI270832v1_alt	5p	-	48	0	0	0	0
incisor	chr11_KI270832v1_alt	5p	-	49	0	0	0	0
incisor	chr11_KI270832v1_alt	5p	-	50	0	0	0	0
incisor	chr11_KI270832v1_alt	5p	-	51	0	0	0	0
incisor	chr11_KI270832v1_alt	5p	-	52	0	0	0	0
incisor	chr11_KI270832v1_alt	5p	-	53	0	0	0	0
incisor	chr11_KI270832v1_alt	5p	-	54	0	0	0	0
incisor	chr11_KI270832v1_alt	5p	-	55	0	0	0	0
incisor	chr11_KI270832v1_alt	5p	-	56	0	0	0	0
incisor	chr11_KI270832v1_alt	5p	-	57	0	0	0	0
incisor	chr11_KI270832v1_alt	5p	-	58	0	0	0	0
incisor	chr11_KI270832v1_alt	5p	-	59	0	0	0	0
incisor	chr11_KI270832v1_alt	5p	-	60	0	0	0	0
incisor	chr11_KI270832v1_alt	5p	-	61	0	0	0	0
incisor	chr11_KI270832v1_alt	5p	-	62	0	0	0	0
incisor	chr11_KI270832v1_alt	5p	-	63	0	0	0	0
incisor	chr11_KI270832v1_alt	5p	-	64	0	0	0	0
incisor	chr11_KI270832v1_alt	5p	-	65	0	0	0	0
incisor	chr11_KI270832v1_alt	5p	-	66	0	0	0	0
incisor	chr11_KI270832v1_alt	5p	-	67	0	0	0	0
incisor	chr11_KI270832v1_alt	5p	-	68	0	0	0	0
incisor	chr11_KI270832v1_alt	5p	-	69	0	0	0	0
incisor	chr11_KI270832v1_alt	5p	-	70	0	0	0	0
incisor	chr11_KI270902v1_alt	3p	+	1	0	0	0	0
incisor	chr11_KI270902v1_alt	3p	+	2	0	0	0	0
incisor	chr11_KI270902v1_alt	3p	+	3	0	0	0	0
incisor	chr11_KI270902v1_alt	3p	+	4	0	0	0	0
incisor	chr11_KI270902v1_alt	3p	+	5	0	0	0	0
incisor	chr11_KI270902v1_alt	3p	+	6	0	0	0	0
incisor	chr11_KI270902v1_alt	3p	+	7	0	0	0	0
incisor	chr11_KI270902v1_alt	3p	+	8	0	0	0	0
incisor	chr11_KI270902v1_alt	3p	+	9	0	0	0	0
incisor	chr11_KI270902v1_alt	3p	+	10	0	0	0	0
incisor	chr11_KI270902v1_alt	3p	+	11	0	0	0	0
incisor	chr11_KI270902v1_alt	3p	+	12	0	0	0	0
incisor	chr11_KI270902v1_alt	3p	+	13	0	0	0	0
incisor	chr11_KI270902v1_alt	3p	+	14	0	0	0	0
incisor	chr11_KI270902v1_alt	3p	+	15	0	0	0	0
incisor	chr11_KI270902v1_alt	3p	+	16	0	0	0	0
incisor	chr11_KI270902v1_alt	3p	+	17	0	0	0	0
incisor	chr11_KI270902v1_alt	3p	+	18	0	0	0	0
incisor	chr11_KI270902v1_alt	3p	+	19	0	0	0	0
incisor	chr11_KI270902v1_alt	3p	+	20	0	0	0	0
incisor	chr11_KI270902v1_alt	3p	+	21	0	0	0	0
incisor	chr11_KI270902v1_alt	3p	+	22	0	0	0	0
incisor	chr11_KI270902v1_alt	3p	+	23	0	0	0	0
incisor	chr11_KI270902v1_alt	3p	+	24	0	0	0	0
incisor	chr11_KI270902v1_alt	3p	+	25	0	0	0	0
incisor	chr11_KI270902v1_alt	3p	+	26	0	0	0	0
incisor	chr11_KI270902v1_alt	3p	+	27	0	0	0	0
incisor	chr11_KI270902v1_alt	3p	+	28	0	0	0	0
incisor	chr11_KI270902v1_alt	3p	+	29	0	0	0	0
incisor	chr11_KI270902v1_alt	3p	+	30	0	0	0	0
incisor	chr11_KI270902v1_alt	3p	+	31	0	0	0	0
incisor	chr11_KI270902v1_alt	3p	+	32	0	0	0	0
incisor	chr11_KI270902v1_alt	3p	+	33	0	0	0	0
incisor	chr11_KI270902v1_alt	3p	+	34	0	0	0	0
incisor	chr11_KI270902v1_alt	3p	+	35	0	0	0	0
incisor	chr11_KI270902v1_alt	3p	+	36	0	0	0	0
incisor	chr11_KI270902v1_alt	3p	+	37	0	0	0	0
incisor	chr11_KI270902v1_alt	3p	+	38	0	0	0	0
incisor	chr11_KI270902v1_alt	3p	+	39	0	0	0	0
incisor	chr11_KI270902v1_alt	3p	+	40	0	0	0	0
incisor	chr11_KI270902v1_alt	3p	+	41	0	0	0	0
incisor	chr11_KI270902v1_alt	3p	+	42	0	0	0	0
incisor	chr11_KI270902v1_alt	3p	+	43	0	0	0	0
incisor	chr11_KI270902v1_alt	3p	+	44	0	0	0	0
incisor	chr11_KI270902v1_alt	3p	+	45	0	0	0	0
incisor	chr11_KI270902v1_alt	3p	+	46	0	0	0	0
incisor	chr11_KI270902v1_alt	3p	+	47	0	0	0	0
incisor	chr11_KI270902v1_alt	3p	+	48	0	0	0	0
incisor	chr11_KI270902v1_alt	3p	+	49	0	0	0	0
incisor	chr11_KI270902v1_alt	3p	+	50	0	0	0	0
incisor	chr11_KI270902v1_alt	3p	+	51	0	0	0	0
incisor	chr11_KI270902v1_alt	3p	+	52	0	0	0	0
incisor	chr11_KI270902v1_alt	3p	+	53	0	0	0	0
incisor	chr11_KI270902v1_alt	3p	+	54	0	0	0	0
incisor	chr11_KI270902v1_alt	3p	+	55	0	0	0	0
incisor	chr11_KI270902v1_alt	3p	+	56	0	0	0	0
incisor	chr11_KI270902v1_alt	3p	+	57	0	0	0	0
incisor	chr11_KI270902v1_alt	3p	+	58	0	0	0	0
incisor	chr11_KI270902v1_alt	3p	+	59	0	0	0	0
incisor	chr11_KI270902v1_alt	3p	+	60	0	0	0	0
incisor	chr11_KI270902v1_alt	3p	+	61	0	0	0	0
incisor	chr11_KI270902v1_alt	3p	+	62	0	0	0	0
incisor	chr11_KI270902v1_alt	3p	+	63	0	0	0	0
incisor	chr11_KI270902v1_alt	3p	+	64	0	0	0	0
incisor	chr11_KI270902v1_alt	3p	+	65	0	0	0	0
incisor	chr11_KI270902v1_alt	3p	+	66	0	0	0	0
incisor	chr11_KI270902v1_alt	3p	+	67	0	0	0	0
incisor	chr11_KI270902v1_alt	3p	+	68	0	0	0	0
incisor	chr11_KI270902v1_alt	3p	+	69	0	0	0	0
incisor	chr11_KI270902v1_alt	3p	+	70	0	0	0	0
incisor	chr11_KI270902v1_alt	3p	-	1	0	0	0	0
incisor	chr11_KI270902v1_alt	3p	-	2	0	0	0	0
incisor	chr11_KI270902v1_alt	3p	-	3	0	0	0	0
incisor	chr11_KI270902v1_alt	3p	-	4	0	0	0	0
incisor	chr11_KI270902v1_alt	3p	-	5	0	0	0	0
incisor	chr11_KI270902v1_alt	3p	-	6	0	0	0	0
incisor	chr11_KI270902v1_alt	3p	-	7	0	0	0	0
incisor	chr11_KI270902v1_alt	3p	-	8	0	0	0	0
incisor	chr11_KI270902v1_alt	3p	-	9	0	0	0	0
incisor	chr11_KI270902v1_alt	3p	-	10	0	0	0	0
incisor	chr11_KI270902v1_alt	3p	-	11	0	0	0	0
incisor	chr11_KI270902v1_alt	3p	-	12	0	0	0	0
incisor	chr11_KI270902v1_alt	3p	-	13	0	0	0	0
incisor	chr11_KI270902v1_alt	3p	-	14	0	0	0	0
incisor	chr11_KI270902v1_alt	3p	-	15	0	0	0	0
incisor	chr11_KI270902v1_alt	3p	-	16	0	0	0	0
incisor	chr11_KI270902v1_alt	3p	-	17	0	0	0	0
incisor	chr11_KI270902v1_alt	3p	-	18	0	0	0	0
incisor	chr11_KI270902v1_alt	3p	-	19	0	0	0	0
incisor	chr11_KI270902v1_alt	3p	-	20	0	0	0	0
incisor	chr11_KI270902v1_alt	3p	-	21	0	0	0	0
incisor	chr11_KI270902v1_alt	3p	-	22	0	0	0	0
incisor	chr11_KI270902v1_alt	3p	-	23	0	0	0	0
incisor	chr11_KI270902v1_alt	3p	-	24	0	0	0	0
incisor	chr11_KI270902v1_alt	3p	-	25	0	0	0	0
incisor	chr11_KI270902v1_alt	3p	-	26	0	0	0	0
incisor	chr11_KI270902v1_alt	3p	-	27	0	0	0	0
incisor	chr11_KI270902v1_alt	3p	-	28	0	0	0	0
incisor	chr11_KI270902v1_alt	3p	-	29	0	0	0	0
incisor	chr11_KI270902v1_alt	3p	-	30	0	0	0	0
incisor	chr11_KI270902v1_alt	3p	-	31	0	0	0	0
incisor	chr11_KI270902v1_alt	3p	-	32	0	0	0	0
incisor	chr11_KI270902v1_alt	3p	-	33	0	0	0	0
incisor	chr11_KI270902v1_alt	3p	-	34	0	0	0	0
incisor	chr11_KI270902v1_alt	3p	-	35	0	0	0	0
incisor	chr11_KI270902v1_alt	3p	-	36	0	0	0	0
incisor	chr11_KI270902v1_alt	3p	-	37	0	0	0	0
incisor	chr11_KI270902v1_alt	3p	-	38	0	0	0	0
incisor	chr11_KI270902v1_alt	3p	-	39	0	0	0	0
incisor	chr11_KI270902v1_alt	3p	-	40	0	0	0	0
incisor	chr11_KI270902v1_alt	3p	-	41	0	0	0	0
incisor	chr11_KI270902v1_alt	3p	-	42	0	0	0	0
incisor	chr11_KI270902v1_alt	3p	-	43	0	0	0	0
incisor	chr11_KI270902v1_alt	3p	-	44	0	0	0	0
incisor	chr11_KI270902v1_alt	3p	-	45	0	0	0	0
incisor	chr11_KI270902v1_alt	3p	-	46	0	0	0	0
incisor	chr11_KI270902v1_alt	3p	-	47	0	0	0	0
incisor	chr11_KI270902v1_alt	3p	-	48	0	0	0	0
incisor	chr11_KI270902v1_alt	3p	-	49	0	0	0	0
incisor	chr11_KI270902v1_alt	3p	-	50	0	0	0	0
incisor	chr11_KI270902v1_alt	3p	-	51	0	0	0	0
incisor	chr11_KI270902v1_alt	3p	-	52	0	0	0	0
incisor	chr11_KI270902v1_alt	3p	-	53	0	0	0	0
incisor	chr11_KI270902v1_alt	3p	-	54	0	0	0	0
incisor	chr11_KI270902v1_alt	3p	-	55	0	0	0	0
incisor	chr11_KI270902v1_alt	3p	-	56	0	0	0	0
incisor	chr11_KI270902v1_alt	3p	-	57	0	0	0	0
incisor	chr11_KI270902v1_alt	3p	-	58	0	0	0	0
incisor	chr11_KI270902v1_alt	3p	-	59	0	0	0	0
incisor	chr11_KI270902v1_alt	3p	-	60	0	0	0	0
incisor	chr11_KI270902v1_alt	3p	-	61	0	0	0	0
incisor	chr11_KI270902v1_alt	3p	-	62	0	0	0	0
incisor	chr11_KI270902v1_alt	3p	-	63	0	0	0	0
incisor	chr11_KI270902v1_alt	3p	-	64	0	0	0	0
incisor	chr11_KI270902v1_alt	3p	-	65	0	0	0	0
incisor	chr11_KI270902v1_alt	3p	-	66	0	0	0	0
incisor	chr11_KI270902v1_alt	3p	-	67	0	0	0	0
incisor	chr11_KI270902v1_alt	3p	-	68	0	0	0	0
incisor	chr11_KI270902v1_alt	3p	-	69	0	0	0	0
incisor	chr11_KI270902v1_alt	3p	-	70	0	0	0	0
incisor	chr11_KI270902v1_alt	5p	+	1	0	0	0	0
incisor	chr11_KI270902v1_alt	5p	+	2	0	0	0	0
incisor	chr11_KI270902v1_alt	5p	+	3	0	0	0	0
incisor	chr11_KI270902v1_alt	5p	+	4	0	0	0	0
incisor	chr11_KI270902v1_alt	5p	+	5	0	0	0	0
incisor	chr11_KI270902v1_alt	5p	+	6	0	0	0	0
incisor	chr11_KI270902v1_alt	5p	+	7	0	0	0	0
incisor	chr11_KI270902v1_alt	5p	+	8	0	0	0	0
incisor	chr11_KI270902v1_alt	5p	+	9	0	0	0	0
incisor	chr11_KI270902v1_alt	5p	+	10	0	0	0	0
incisor	chr11_KI270902v1_alt	5p	+	11	0	0	0	0
incisor	chr11_KI270902v1_alt	5p	+	12	0	0	0	0
incisor	chr11_KI270902v1_alt	5p	+	13	0	0	0	0
incisor	chr11_KI270902v1_alt	5p	+	14	0	0	0	0
incisor	chr11_KI270902v1_alt	5p	+	15	0	0	0	0
incisor	chr11_KI270902v1_alt	5p	+	16	0	0	0	0
incisor	chr11_KI270902v1_alt	5p	+	17	0	0	0	0
incisor	chr11_KI270902v1_alt	5p	+	18	0	0	0	0
incisor	chr11_KI270902v1_alt	5p	+	19	0	0	0	0
incisor	chr11_KI270902v1_alt	5p	+	20	0	0	0	0
incisor	chr11_KI270902v1_alt	5p	+	21	0	0	0	0
incisor	chr11_KI270902v1_alt	5p	+	22	0	0	0	0
incisor	chr11_KI270902v1_alt	5p	+	23	0	0	0	0
incisor	chr11_KI270902v1_alt	5p	+	24	0	0	0	0
incisor	chr11_KI270902v1_alt	5p	+	25	0	0	0	0
incisor	chr11_KI270902v1_alt	5p	+	26	0	0	0	0
incisor	chr11_KI270902v1_alt	5p	+	27	0	0	0	0
incisor	chr11_KI270902v1_alt	5p	+	28	0	0	0	0
incisor	chr11_KI270902v1_alt	5p	+	29	0	0	0	0
incisor	chr11_KI270902v1_alt	5p	+	30	0	0	0	0
incisor	chr11_KI270902v1_alt	5p	+	31	0	0	0	0
incisor	chr11_KI270902v1_alt	5p	+	32	0	0	0	0
incisor	chr11_KI270902v1_alt	5p	+	33	0	0	0	0
incisor	chr11_KI270902v1_alt	5p	+	34	0	0	0	0
incisor	chr11_KI270902v1_alt	5p	+	35	0	0	0	0
incisor	chr11_KI270902v1_alt	5p	+	36	0	0	0	0
incisor	chr11_KI270902v1_alt	5p	+	37	0	0	0	0
incisor	chr11_KI270902v1_alt	5p	+	38	0	0	0	0
incisor	chr11_KI270902v1_alt	5p	+	39	0	0	0	0
incisor	chr11_KI270902v1_alt	5p	+	40	0	0	0	0
incisor	chr11_KI270902v1_alt	5p	+	41	0	0	0	0
incisor	chr11_KI270902v1_alt	5p	+	42	0	0	0	0
incisor	chr11_KI270902v1_alt	5p	+	43	0	0	0	0
incisor	chr11_KI270902v1_alt	5p	+	44	0	0	0	0
incisor	chr11_KI270902v1_alt	5p	+	45	0	0	0	0
incisor	chr11_KI270902v1_alt	5p	+	46	0	0	0	0
incisor	chr11_KI270902v1_alt	5p	+	47	0	0	0	0
incisor	chr11_KI270902v1_alt	5p	+	48	0	0	0	0
incisor	chr11_KI270902v1_alt	5p	+	49	0	0	0	0
incisor	chr11_KI270902v1_alt	5p	+	50	0	0	0	0
incisor	chr11_KI270902v1_alt	5p	+	51	0	0	0	0
incisor	chr11_KI270902v1_alt	5p	+	52	0	0	0	0
incisor	chr11_KI270902v1_alt	5p	+	53	0	0	0	0
incisor	chr11_KI270902v1_alt	5p	+	54	0	0	0	0
incisor	chr11_KI270902v1_alt	5p	+	55	0	0	0	0
incisor	chr11_KI270902v1_alt	5p	+	56	0	0	0	0
incisor	chr11_KI270902v1_alt	5p	+	57	0	0	0	0
incisor	chr11_KI270902v1_alt	5p	+	58	0	0	0	0
incisor	chr11_KI270902v1_alt	5p	+	59	0	0	0	0
incisor	chr11_KI270902v1_alt	5p	+	60	0	0	0	0
incisor	chr11_KI270902v1_alt	5p	+	61	0	0	0	0
incisor	chr11_KI270902v1_alt	5p	+	62	0	0	0	0
incisor	chr11_KI270902v1_alt	5p	+	63	0	0	0	0
incisor	chr11_KI270902v1_alt	5p	+	64	0	0	0	0
incisor	chr11_KI270902v1_alt	5p	+	65	0	0	0	0
incisor	chr11_KI270902v1_alt	5p	+	66	0	0	0	0
incisor	chr11_KI270902v1_alt	5p	+	67	0	0	0	0
incisor	chr11_KI270902v1_alt	5p	+	68	0	0	0	0
incisor	chr11_KI270902v1_alt	5p	+	69	0	0	0	0
incisor	chr11_KI270902v1_alt	5p	+	70	0	0	0	0
incisor	chr11_KI270902v1_alt	5p	-	1	0	0	0	0
incisor	chr11_KI270902v1_alt	5p	-	2	0	0	0	0
incisor	chr11_KI270902v1_alt	5p	-	3	0	0	0	0
incisor	chr11_KI270902v1_alt	5p	-	4	0	0	0	0
incisor	chr11_KI270902v1_alt	5p	-	5	0	0	0	0
incisor	chr11_KI270902v1_alt	5p	-	6	0	0	0	0
incisor	chr11_KI270902v1_alt	5p	-	7	0	0	0	0
incisor	chr11_KI270902v1_alt	5p	-	8	0	0	0	0
incisor	chr11_KI270902v1_alt	5p	-	9	0	0	0	0
incisor	chr11_KI270902v1_alt	5p	-	10	0	0	0	0
incisor	chr11_KI270902v1_alt	5p	-	11	0	0	0	0
incisor	chr11_KI270902v1_alt	5p	-	12	0	0	0	0
incisor	chr11_KI270902v1_alt	5p	-	13	0	0	0	0
incisor	chr11_KI270902v1_alt	5p	-	14	0	0	0	0
incisor	chr11_KI270902v1_alt	5p	-	15	0	0	0	0
incisor	chr11_KI270902v1_alt	5p	-	16	0	0	0	0
incisor	chr11_KI270902v1_alt	5p	-	17	0	0	0	0
incisor	chr11_KI270902v1_alt	5p	-	18	0	0	0	0
incisor	chr11_KI270902v1_alt	5p	-	19	0	0	0	0
incisor	chr11_KI270902v1_alt	5p	-	20	0	0	0	0
incisor	chr11_KI270902v1_alt	5p	-	21	0	0	0	0
incisor	chr11_KI270902v1_alt	5p	-	22	0	0	0	0
incisor	chr11_KI270902v1_alt	5p	-	23	0	0	0	0
incisor	chr11_KI270902v1_alt	5p	-	24	0	0	0	0
incisor	chr11_KI270902v1_alt	5p	-	25	0	0	0	0
incisor	chr11_KI270902v1_alt	5p	-	26	0	0	0	0
incisor	chr11_KI270902v1_alt	5p	-	27	0	0	0	0
incisor	chr11_KI270902v1_alt	5p	-	28	0	0	0	0
incisor	chr11_KI270902v1_alt	5p	-	29	0	0	0	0
